strategyName,manager,category,aumCr,minInvestmentL,inceptionDate,returns1m,returns3m,returns6m,returns1y,returns2y,returns3y,returns4y,returns5y,sinceInception,feesFixed,feesPerformance,feesHurdle,asOfDate,source,notes,sanityId
1729 Fundamental value Investing,1729 ADVISORS LLP,,410.18,50,,4.3,24.79,9.23,6.06,13.19,,,,11.3,,,,2026-06-30,APMI monthly report Jun 2026,,pmsStrategy-1729-advisors-llp-1729-fundamental-value-investing
1729 Fundamental value Investing- NDPMS,1729 ADVISORS LLP,,19.25,50,,3.13,21.96,7.42,5.89,,,,,7.45,,,,2026-06-30,APMI monthly report Jun 2026,,pmsStrategy-1729-advisors-llp-1729-fundamental-value-investing-ndpms
2Point2 Long Term Value Fund,2point2 Capital Advisors Llp,,2041.79,50,,2.21,12.65,-2.98,-3.74,10.15,15.95,23.03,17.21,18.92,,,,2026-06-30,APMI monthly report Jun 2026,,pmsStrategy-2point2-capital-advisors-llp-2point2-long-term-value-fund
360 ONE Large Value Strategy Alternates PMS,360 ONE Asset Management Limited,Hybrid,290.17,50,,-0.29,4.66,4.36,,,,,,3.95,,,,2026-06-30,APMI monthly report Jun 2026,,pmsStrategy-360-one-asset-management-limited-360-one-large-value-strategy-alternates-pms
360 ONE Large Value strategy Debt PMS,360 ONE Asset Management Limited,Hybrid,,50,,0,0,0,0,0,,,,0,,,,2026-06-30,APMI monthly report Jun 2026,,pmsStrategy-360-one-asset-management-limited-360-one-large-value-strategy-debt-pms
360 ONE Large Value strategy PMS,360 ONE Asset Management Limited,,854.69,50,,5,5.08,3.8,-9.11,64.83,,,,59.44,,,,2026-06-30,APMI monthly report Jun 2026,,pmsStrategy-360-one-asset-management-limited-360-one-large-value-strategy-pms
360 ONE Liquid Strategy PMS,360 ONE Asset Management Limited,Hybrid,,50,,0,0.98,2.36,5.21,,,,,5.25,,,,2026-06-30,APMI monthly report Jun 2026,,pmsStrategy-360-one-asset-management-limited-360-one-liquid-strategy-pms
360 ONE Multicap Advantage PMS,360 ONE Asset Management Limited,,2.03,50,,2.84,12.45,-0.81,4.35,4.71,12.37,14.55,10.5,10.86,,,,2026-06-30,APMI monthly report Jun 2026,,pmsStrategy-360-one-asset-management-limited-360-one-multicap-advantage-pms
360 ONE Multicap PMS,360 ONE Asset Management Limited,,3069.55,50,,2.6,16.5,-1.61,-3.8,-0.51,9.97,13.72,10.02,19.46,,,,2026-06-30,APMI monthly report Jun 2026,,pmsStrategy-360-one-asset-management-limited-360-one-multicap-pms
360 ONE Phoenix Portfolio,360 ONE Asset Management Limited,,1754.4,50,,2.79,14.76,-1.89,0.34,2.32,15.72,19.7,16.2,17.56,,,,2026-06-30,APMI monthly report Jun 2026,,pmsStrategy-360-one-asset-management-limited-360-one-phoenix-portfolio
360 ONE Real Estate PMS,360 ONE Asset Management Limited,Hybrid,2.68,50,,6.97,6.91,11.99,16.99,107.48,61.86,44.56,33.9,8.54,,,,2026-06-30,APMI monthly report Jun 2026,,pmsStrategy-360-one-asset-management-limited-360-one-real-estate-pms
Customised Discretionary Portfolio - Debt,360 ONE Asset Management Limited,Hybrid,22.61,50,,1.67,2.66,2.6,-1.28,1.01,4.34,5.33,3.86,5.81,,,,2026-06-30,APMI monthly report Jun 2026,,pmsStrategy-360-one-asset-management-limited-customised-discretionary-portfolio-debt
Customised Discretionary Portfolio - Equity,360 ONE Asset Management Limited,,14727.93,50,,1.62,13.69,-0.95,0.32,3.02,14.73,17.04,12.53,13.47,,,,2026-06-30,APMI monthly report Jun 2026,,pmsStrategy-360-one-asset-management-limited-customised-discretionary-portfolio-equity
Customised Discretionary Portfolio - Multi-Asset,360 ONE Asset Management Limited,Hybrid,,50,,0,0,59.32,59.18,120.11,65.97,46.04,36.28,29.49,,,,2026-06-30,APMI monthly report Jun 2026,,pmsStrategy-360-one-asset-management-limited-customised-discretionary-portfolio-multi-asset
360 ONE Advisory Portfolio,360 One Portfolio Managers Limited (Formerly Known As Iifl Wealth Portfolio Managers Limited),Hybrid,1.49,50,,0.91,7.93,-3.02,1.29,3.75,12.67,10.56,9.66,6.3,,,,2026-06-30,APMI monthly report Jun 2026,,pmsStrategy-360-one-portfolio-managers-limited-forme-360-one-advisory-portfolio-c8aad557
360 ONE Consult PMS - Aggressive,360 One Portfolio Managers Limited (Formerly Known As Iifl Wealth Portfolio Managers Limited),Hybrid,5460.54,50,,0.62,9.21,0.1,3.23,6.42,12.62,12.82,10.94,7.39,,,,2026-06-30,APMI monthly report Jun 2026,,pmsStrategy-360-one-portfolio-managers-limited-forme-360-one-consult-pms-aggressive-40e3b0a7
360 ONE Consult PMS - Balanced,360 One Portfolio Managers Limited (Formerly Known As Iifl Wealth Portfolio Managers Limited),Hybrid,11210.29,50,,1.01,7.22,0.85,4.92,8.29,12.41,12.39,10.65,8.74,,,,2026-06-30,APMI monthly report Jun 2026,,pmsStrategy-360-one-portfolio-managers-limited-forme-360-one-consult-pms-balanced-944c13d8
360 ONE Consult PMS - Conservative,360 One Portfolio Managers Limited (Formerly Known As Iifl Wealth Portfolio Managers Limited),Hybrid,5528.3,50,,1.05,5.58,1.54,4.48,8.39,10.63,10.11,9.04,8.71,,,,2026-06-30,APMI monthly report Jun 2026,,pmsStrategy-360-one-portfolio-managers-limited-forme-360-one-consult-pms-conservative-ca29da99
360 ONE Consult PMS - Debt,360 One Portfolio Managers Limited (Formerly Known As Iifl Wealth Portfolio Managers Limited),Hybrid,69.32,50,,1.35,3.96,2.86,6.09,7.83,9.01,8.55,7.83,8.09,,,,2026-06-30,APMI monthly report Jun 2026,,pmsStrategy-360-one-portfolio-managers-limited-forme-360-one-consult-pms-debt-910d1b06
360 ONE Consult PMS - Equity,360 One Portfolio Managers Limited (Formerly Known As Iifl Wealth Portfolio Managers Limited),,937.43,50,,-0.42,7,1.09,8.67,11.7,17.47,17.09,14.05,12.98,,,,2026-06-30,APMI monthly report Jun 2026,,pmsStrategy-360-one-portfolio-managers-limited-forme-360-one-consult-pms-equity-cb25aaaa
360 ONE Dynamic Asset Allocation,360 One Portfolio Managers Limited (Formerly Known As Iifl Wealth Portfolio Managers Limited),Hybrid,388.35,50,,0.13,3.16,-5.64,-4.44,0.43,6.26,7.34,6.78,2.32,,,,2026-06-30,APMI monthly report Jun 2026,,pmsStrategy-360-one-portfolio-managers-limited-formerly-known-as-iifl-wealth-portfolio-managers-limited-360-
360 ONE Equity Diversified,360 One Portfolio Managers Limited (Formerly Known As Iifl Wealth Portfolio Managers Limited),,0.66,50,,-6.35,-0.82,-13.84,-15.34,-6.71,4.28,8.3,11.67,7.71,,,,2026-06-30,APMI monthly report Jun 2026,,pmsStrategy-360-one-portfolio-managers-limited-forme-360-one-equity-diversified-eeb1dbe8
360 ONE Equity Large Cap Oriented,360 One Portfolio Managers Limited (Formerly Known As Iifl Wealth Portfolio Managers Limited),,25.04,50,,0.45,7.79,-8.13,-4.57,-0.13,7.94,10.96,7.79,9.59,,,,2026-06-30,APMI monthly report Jun 2026,,pmsStrategy-360-one-portfolio-managers-limited-forme-360-one-equity-large-cap-oriented-67e4ea77
360 ONE Mandate - Aggressive,360 One Portfolio Managers Limited (Formerly Known As Iifl Wealth Portfolio Managers Limited),Hybrid,2301.26,50,,0.19,9.58,-0.75,5.5,6.89,13.34,14.34,11.61,10.96,,,,2026-06-30,APMI monthly report Jun 2026,,pmsStrategy-360-one-portfolio-managers-limited-forme-360-one-mandate-aggressive-19f64c73
360 ONE Mandate - Balanced,360 One Portfolio Managers Limited (Formerly Known As Iifl Wealth Portfolio Managers Limited),Hybrid,5068.77,50,,-0.59,5.15,0.32,6.75,13.91,17.48,15.98,13.44,9.65,,,,2026-06-30,APMI monthly report Jun 2026,,pmsStrategy-360-one-portfolio-managers-limited-forme-360-one-mandate-balanced-cabe4701
360 ONE Mandate - Conservative,360 One Portfolio Managers Limited (Formerly Known As Iifl Wealth Portfolio Managers Limited),Hybrid,1077.02,50,,0.43,7.24,0.64,7.37,8.33,11.78,11.58,10.01,10.41,,,,2026-06-30,APMI monthly report Jun 2026,,pmsStrategy-360-one-portfolio-managers-limited-forme-360-one-mandate-conservative-37981d13
360 ONE Mandate - Equity,360 One Portfolio Managers Limited (Formerly Known As Iifl Wealth Portfolio Managers Limited),,1448.2,50,,1.55,11.77,-3.5,-1.04,2.87,12.04,14.08,10.41,13.76,,,,2026-06-30,APMI monthly report Jun 2026,,pmsStrategy-360-one-portfolio-managers-limited-forme-360-one-mandate-equity-3138cf33
360 ONE Open - Enhancer Series - Active Equity Enhancer,360 One Portfolio Managers Limited (Formerly Known As Iifl Wealth Portfolio Managers Limited),,46.62,50,,1.44,12.84,-2.96,-1.53,1.73,,,,2.36,,,,2026-06-30,APMI monthly report Jun 2026,,pmsStrategy-360-one-portfolio-managers-limited-forme-360-one-open-enhancer-series-active-equity-enhance-406f5749
360 ONE Open - Enhancer Series - Blended Equity Enhancer,360 One Portfolio Managers Limited (Formerly Known As Iifl Wealth Portfolio Managers Limited),,44.36,50,,2.12,14.32,-1.27,0.25,,,,,1.44,,,,2026-06-30,APMI monthly report Jun 2026,,pmsStrategy-360-one-portfolio-managers-limited-forme-360-one-open-enhancer-series-blended-equity-enhanc-86551157
360 ONE Open - Enhancer Series - Dynamic Passive Equity,360 One Portfolio Managers Limited (Formerly Known As Iifl Wealth Portfolio Managers Limited),,41,50,,0.9,12.22,-2.96,-1.62,0.69,,,,10.15,,,,2026-06-30,APMI monthly report Jun 2026,,pmsStrategy-360-one-portfolio-managers-limited-forme-360-one-open-enhancer-series-dynamic-passive-equit-37736e40
360 ONE Open - Enhancer Series - Hybrid Enhancer,360 One Portfolio Managers Limited (Formerly Known As Iifl Wealth Portfolio Managers Limited),Hybrid,3.89,50,,2.04,8.81,-1.38,0.33,2.95,,,,3.31,,,,2026-06-30,APMI monthly report Jun 2026,,pmsStrategy-360-one-portfolio-managers-limited-forme-360-one-open-enhancer-series-hybrid-enhancer-9646eb0b
360 ONE Open - Enhancer Series - Passive Equity Enhancer,360 One Portfolio Managers Limited (Formerly Known As Iifl Wealth Portfolio Managers Limited),,176.36,50,,0.85,12.15,-2.51,-1.17,1.16,,,,10.33,,,,2026-06-30,APMI monthly report Jun 2026,,pmsStrategy-360-one-portfolio-managers-limited-forme-360-one-open-enhancer-series-passive-equity-enhanc-bf37080a
360 ONE Open - Managed Solutions Aggressive,360 One Portfolio Managers Limited (Formerly Known As Iifl Wealth Portfolio Managers Limited),Hybrid,54.75,50,,2.27,10.06,-0.19,1.27,3.54,10.45,12.15,9.38,8.51,,,,2026-06-30,APMI monthly report Jun 2026,,pmsStrategy-360-one-portfolio-managers-limited-forme-360-one-open-managed-solutions-aggressive-652070dc
360 ONE Open - Managed Solutions All Equity,360 One Portfolio Managers Limited (Formerly Known As Iifl Wealth Portfolio Managers Limited),,110.8,50,,2.04,14.39,-1.67,-0.56,2.17,12.52,15.11,11.26,11.32,,,,2026-06-30,APMI monthly report Jun 2026,,pmsStrategy-360-one-portfolio-managers-limited-forme-360-one-open-managed-solutions-all-equity-452808f3
360 ONE Open - Managed Solutions Balanced,360 One Portfolio Managers Limited (Formerly Known As Iifl Wealth Portfolio Managers Limited),Hybrid,24.72,50,,2.1,8.67,0.15,1.65,3.91,9.38,10.69,8.37,7.99,,,,2026-06-30,APMI monthly report Jun 2026,,pmsStrategy-360-one-portfolio-managers-limited-forme-360-one-open-managed-solutions-balanced-fe6b9d08
360 ONE Open - Managed Solutions Conservative,360 One Portfolio Managers Limited (Formerly Known As Iifl Wealth Portfolio Managers Limited),Hybrid,5.33,50,,2.09,6.68,0.92,2.56,4.8,8.57,9.52,7.65,7.79,,,,2026-06-30,APMI monthly report Jun 2026,,pmsStrategy-360-one-portfolio-managers-limited-forme-360-one-open-managed-solutions-conservative-9cba07b8
360 ONE Open - Managed Solutions Global Equity,360 One Portfolio Managers Limited (Formerly Known As Iifl Wealth Portfolio Managers Limited),,9.45,50,,-3.65,12.83,11.68,33.76,25.07,24.37,23.27,,15.72,,,,2026-06-30,APMI monthly report Jun 2026,,pmsStrategy-360-one-portfolio-managers-limited-forme-360-one-open-managed-solutions-global-equity-611076f8
360 ONE Premium Fixed Income-Short term,360 One Portfolio Managers Limited (Formerly Known As Iifl Wealth Portfolio Managers Limited),Hybrid,9.36,50,,1.02,2.04,3.26,7.44,-6.26,-2.37,-0.21,0.47,3.57,,,,2026-06-30,APMI monthly report Jun 2026,,pmsStrategy-360-one-portfolio-managers-limited-forme-360-one-premium-fixed-income-short-term-356f3e57
360 ONE Premium Mixed-Balanced,360 One Portfolio Managers Limited (Formerly Known As Iifl Wealth Portfolio Managers Limited),Hybrid,19.19,50,,1.53,2.88,3.34,7.99,8.76,8.89,8.5,,8.06,,,,2026-06-30,APMI monthly report Jun 2026,,pmsStrategy-360-one-portfolio-managers-limited-forme-360-one-premium-mixed-balanced-90d79713
360 ONE Premium Mixed-Conservative,360 One Portfolio Managers Limited (Formerly Known As Iifl Wealth Portfolio Managers Limited),Hybrid,818.91,50,,1.55,2.35,3.21,7.3,8.56,6.11,9.58,8.78,9.79,,,,2026-06-30,APMI monthly report Jun 2026,,pmsStrategy-360-one-portfolio-managers-limited-forme-360-one-premium-mixed-conservative-dfc3d146
360 ONE Premium Mixed-Ultra Conservative,360 One Portfolio Managers Limited (Formerly Known As Iifl Wealth Portfolio Managers Limited),Hybrid,327.83,50,,2.05,3.18,2.54,4.23,6.76,8.07,7.39,6.5,7.14,,,,2026-06-30,APMI monthly report Jun 2026,,pmsStrategy-360-one-portfolio-managers-limited-forme-360-one-premium-mixed-ultra-conservative-9ffcee09
360 ONE SELECT ALPHA PMS,360 One Portfolio Managers Limited (Formerly Known As Iifl Wealth Portfolio Managers Limited),,1907.86,50,,2.06,18.08,5.63,4.06,6.67,16.47,18.06,13.42,12.74,,,,2026-06-30,APMI monthly report Jun 2026,,pmsStrategy-360-one-portfolio-managers-limited-forme-360-one-select-alpha-pms-448495da
360 ONE Select ALPHA MULTI ASSET,360 One Portfolio Managers Limited (Formerly Known As Iifl Wealth Portfolio Managers Limited),Hybrid,125.57,50,,1.16,13.91,11.01,,,,,,13.49,,,,2026-06-30,APMI monthly report Jun 2026,,pmsStrategy-360-one-portfolio-managers-limited-forme-360-one-select-alpha-multi-asset-1d68e976
Money Multiplier,A C CHOKSI SHARE BROKERS PRIVATE LIMITED,,38.54,50,,0.34,12.32,-5.03,-8.3,-3.97,7.9,7.43,5.53,12.2,,,,2026-06-30,APMI monthly report Jun 2026,,pmsStrategy-a-c-choksi-share-brokers-private-limited-money-multiplier
Asset Allocation with Dynamic Rebalancing,AAROHAN HOLDINGS AND ADVISORS PRIVATE LIMITED,Hybrid,199.11,50,,1.7,8.16,-0.25,5.65,5.65,16.72,16.7,12.64,11.46,,,,2026-06-30,APMI monthly report Jun 2026,,pmsStrategy-aarohan-holdings-and-advisors-private-limited-asset-allocation-with-dynamic-rebalancing
Dynamic Rebalancing,AAROHAN HOLDINGS AND ADVISORS PRIVATE LIMITED,Hybrid,2.91,50,,-9.84,-4.05,5.2,44.78,37.68,33.24,27.66,23.42,13.87,,,,2026-06-30,APMI monthly report Jun 2026,,pmsStrategy-aarohan-holdings-and-advisors-private-limited-dynamic-rebalancing
ABN Capital Flagship Equity Portfolio,ABN Capital Asset Managers LLP,,16.32,50,,3.55,17.4,,,,,,,6.68,,,,2026-06-30,APMI monthly report Jun 2026,,pmsStrategy-abn-capital-asset-managers-llp-abn-capital-flagship-equity-portfolio
Accelt Long Term Equity Fund,ACCELT ASSET MANAGEMENT LLP,,12.47,50,,10.97,25.99,14.2,8.49,,,,,12.6,,,,2026-06-30,APMI monthly report Jun 2026,,pmsStrategy-accelt-asset-management-llp-accelt-long-term-equity-fund
Accelt Long Term Equity Fund NDPMS,ACCELT ASSET MANAGEMENT LLP,,2.45,50,,10.21,23.34,9.49,3.08,,,,,11.86,,,,2026-06-30,APMI monthly report Jun 2026,,pmsStrategy-accelt-asset-management-llp-accelt-long-term-equity-fund-ndpms
AIAlpha Bluechip Equity Portfolio,AIALPHA Financial Advisory Services Private Limited,,21.57,50,,3.08,9.9,-4.61,,,,,,0.84,,,,2026-06-30,APMI monthly report Jun 2026,,pmsStrategy-aialpha-financial-advisory-services-private-limited-aialpha-bluechip-equity-portfolio
AIAlpha Dynamic Equity Portfolio,AIALPHA Financial Advisory Services Private Limited,,8.14,50,,3.72,12.3,-1.3,,,,,,3.43,,,,2026-06-30,APMI monthly report Jun 2026,,pmsStrategy-aialpha-financial-advisory-services-private-limited-aialpha-dynamic-equity-portfolio
ALMONDZ AIM MULTICAP INVESTMENT APPROACH,ALMONDZ FINANCIAL SERVICES LIMITED,,6.61,50,,2.38,21.79,-0.42,-7.21,,,,,-7.25,,,,2026-06-30,APMI monthly report Jun 2026,,pmsStrategy-almondz-financial-services-limited-almondz-aim-multicap-investment-approach
APRICUS WEALTH STERLING EQUITY STRATEGY,APRICUS WEALTH INVESTMENT MANAGERS LLP,,66.54,50,,7.64,24.39,7.74,12.72,,,,,13.15,,,,2026-06-30,APMI monthly report Jun 2026,,pmsStrategy-apricus-wealth-investment-managers-llp-apricus-wealth-sterling-equity-strategy
LONG HERITAGE VALUE FUND,ASHIMA CAPITAL MANAGEMENT LIMITED,,319.23,50,,-2.37,5.02,6.99,9.66,,,,,19.2,,,,2026-06-30,APMI monthly report Jun 2026,,pmsStrategy-ashima-capital-management-limited-long-heritage-value-fund
ASK CONVICTION PORTFOLIO,ASK Investment Managers Limited,,159.83,50,,-1.21,12.59,-5.82,-8.01,-5.22,6.53,11.01,6.86,16.3,,,,2026-06-30,APMI monthly report Jun 2026,,pmsStrategy-ask-investment-managers-limited-ask-conviction-portfolio
ASK CORE PORTFOLIO,ASK Investment Managers Limited,,135.95,50,,-0.56,4.94,-11.06,,,,,,-5.91,,,,2026-06-30,APMI monthly report Jun 2026,,pmsStrategy-ask-investment-managers-limited-ask-core-portfolio
ASK DOMESTIC RESURGENCE PORTFOLIO,ASK Investment Managers Limited,,516.18,50,,0.9,8.94,-5.75,-2.07,-2.62,7.89,12.9,8.41,10.6,,,,2026-06-30,APMI monthly report Jun 2026,,pmsStrategy-ask-investment-managers-limited-ask-domestic-resurgence-portfolio
ASK DOMESTIC RESURGENCE PORTFOLIO STP,ASK Investment Managers Limited,,3.79,50,,0.6,8.72,-6.05,-2.48,-3.27,7.26,12.41,8.01,11.1,,,,2026-06-30,APMI monthly report Jun 2026,,pmsStrategy-ask-investment-managers-limited-ask-domestic-resurgence-portfolio-stp
ASK EDGE PORTFOLIO,ASK Investment Managers Limited,,3.54,50,,0.71,8.71,-6.13,-2.74,-3.46,4.76,8.37,,7.27,,,,2026-06-30,APMI monthly report Jun 2026,,pmsStrategy-ask-investment-managers-limited-ask-edge-portfolio
ASK EMERGING OPPORTUNITIES PORTFOLIO,ASK Investment Managers Limited,,266.77,50,,0.31,7.7,-6.47,-12.48,-5.05,5.86,9.89,5.38,9.35,,,,2026-06-30,APMI monthly report Jun 2026,,pmsStrategy-ask-investment-managers-limited-ask-emerging-opportunities-portfolio
ASK FINANCIAL OPPORTUNITIES PORTFOLIO,ASK Investment Managers Limited,,178.69,50,,4.5,12.14,-8.44,-5.9,9.58,9.64,13.01,8.03,8.17,,,,2026-06-30,APMI monthly report Jun 2026,,pmsStrategy-ask-investment-managers-limited-ask-financial-opportunities-portfolio
ASK FINANCIAL OPPORTUNITIES PORTFOLIO STP,ASK Investment Managers Limited,,1.82,50,,4.66,11.6,-9.72,-7.15,8.71,9.2,12.85,7.96,9.72,,,,2026-06-30,APMI monthly report Jun 2026,,pmsStrategy-ask-investment-managers-limited-ask-financial-opportunities-portfolio-stp
ASK GROWTH PORTFOLIO,ASK Investment Managers Limited,,757.65,50,,1.89,9.03,-9.34,-9.76,-6.85,4.96,8.35,4.39,16.97,,,,2026-06-30,APMI monthly report Jun 2026,,pmsStrategy-ask-investment-managers-limited-ask-growth-portfolio
ASK GROWTH PORTFOLIO STP,ASK Investment Managers Limited,,3.93,50,,1.96,8.58,-10.26,-10.92,-7.87,4.2,7.79,4.03,8.63,,,,2026-06-30,APMI monthly report Jun 2026,,pmsStrategy-ask-investment-managers-limited-ask-growth-portfolio-stp
ASK HIGH CONVICTION PORTFOLIO,ASK Investment Managers Limited,,,50,,0,0,-3.69,-10.35,-4.06,6.42,10.1,5.37,9.32,,,,2026-06-30,APMI monthly report Jun 2026,,pmsStrategy-ask-investment-managers-limited-ask-high-conviction-portfolio
ASK INDIA SELECT PORTFOLIO,ASK Investment Managers Limited,,999.07,50,,2,8.88,-9.27,-9.59,-7.02,4.31,7.92,4.41,13.1,,,,2026-06-30,APMI monthly report Jun 2026,,pmsStrategy-ask-investment-managers-limited-ask-india-select-portfolio
ASK INDIA SELECT PORTFOLIO STP,ASK Investment Managers Limited,,2.33,50,,1.82,8.39,-10.36,-11.36,-8.42,3.4,7.11,3.62,7.14,,,,2026-06-30,APMI monthly report Jun 2026,,pmsStrategy-ask-investment-managers-limited-ask-india-select-portfolio-stp
ASK INDIA VISION PORTFOLIO,ASK Investment Managers Limited,,55.97,50,,0.79,8.91,-6.05,-2.84,-4.37,4.73,8.29,5.37,8.88,,,,2026-06-30,APMI monthly report Jun 2026,,pmsStrategy-ask-investment-managers-limited-ask-india-vision-portfolio
ASK INDIA VISION PORTFOLIO STP,ASK Investment Managers Limited,,,50,,0,0,0,-4.12,-4.61,4.64,8.12,5.13,9.82,,,,2026-06-30,APMI monthly report Jun 2026,,pmsStrategy-ask-investment-managers-limited-ask-india-vision-portfolio-stp
ASK INDIAN ENTREPRENEUR PORTFOLIO,ASK Investment Managers Limited,Multicap,6353.39,50,,-1.56,5.85,-11.59,-11.07,-3.86,3.9,8.11,5.32,14.86,,,,2026-06-30,APMI monthly report Jun 2026,,pmsStrategy-ask-investment-managers-limited-ask-indian-entrepreneur-portfolio
ASK INDIAN ENTREPRENEUR PORTFOLIO STP,ASK Investment Managers Limited,,46.16,50,,-1.72,5.72,-11.99,-11.62,-4.41,3.35,7.63,4.82,9.78,,,,2026-06-30,APMI monthly report Jun 2026,,pmsStrategy-ask-investment-managers-limited-ask-indian-entrepreneur-portfolio-stp
ASK LIFE PORTFOLIO,ASK Investment Managers Limited,,64.38,50,,-0.03,4.62,-11.58,-10.12,-6.57,1.07,5.17,2.23,12.93,,,,2026-06-30,APMI monthly report Jun 2026,,pmsStrategy-ask-investment-managers-limited-ask-life-portfolio
ASK LIGHTHOUSE PORTFOLIO,ASK Investment Managers Limited,,500.54,50,,-0.21,10.49,-1.81,-5.33,-8.28,,,,6.58,,,,2026-06-30,APMI monthly report Jun 2026,,pmsStrategy-ask-investment-managers-limited-ask-lighthouse-portfolio
ASK LIQUID PORTFOLIO,ASK Investment Managers Limited,Hybrid,32.11,50,,0.4,1.21,2.37,4.83,5.43,5.72,5.77,5.24,5.28,,,,2026-06-30,APMI monthly report Jun 2026,,pmsStrategy-ask-investment-managers-limited-ask-liquid-portfolio
ASK SPECIAL OPPORTUNITIES PORTFOLIO,ASK Investment Managers Limited,,43.79,50,,-0.14,5.47,-10.38,-9.39,,,,,-6.12,,,,2026-06-30,APMI monthly report Jun 2026,,pmsStrategy-ask-investment-managers-limited-ask-special-opportunities-portfolio
ASK SPECIALISED PORTFOLIO,ASK Investment Managers Limited,,185.63,50,,-0.71,13.3,-5.33,-7.79,-3.43,7.39,12.44,6.62,15.79,,,,2026-06-30,APMI monthly report Jun 2026,,pmsStrategy-ask-investment-managers-limited-ask-specialised-portfolio
ASK STRATEGIC PORTFOLIO,ASK Investment Managers Limited,,33,50,,0.24,7.54,-6.55,-12.37,-4.72,6.03,10.14,5.64,13.1,,,,2026-06-30,APMI monthly report Jun 2026,,pmsStrategy-ask-investment-managers-limited-ask-strategic-portfolio
ATISHAY MULTICAP APPROACH,ATISHAY STOCK BROKING PRIVATE LIMITED,,0.5,50,,,,,,,,,,0,,,,2026-06-30,APMI monthly report Jun 2026,,pmsStrategy-atishay-stock-broking-private-limited-atishay-multicap-approach
AVERRA ASSET MANAGERS LLP-LONG TERM GROWTH AT FAIR VALUE,AVERRA ASSET MANAGERS LLP,,43.95,50,,10.71,41.17,,,,,,,26.29,,,,2026-06-30,APMI monthly report Jun 2026,,pmsStrategy-averra-asset-managers-llp-averra-asset-managers-llp-long-term-growth-at-fair-value
Abakkus All Cap (FPI) Approach,Abakkus Asset Manager Private Limited,,4263.84,50,,3.67,19.91,5.92,15.85,9.06,19.74,21.06,,14.78,,,,2026-06-30,APMI monthly report Jun 2026,,pmsStrategy-abakkus-asset-manager-private-limited-abakkus-all-cap-fpi-approach
Abakkus All Cap (Shariah) Approach,Abakkus Asset Manager Private Limited,,14.71,50,,3.13,16.25,1.93,0.66,0.94,14.45,19.55,,12.4,,,,2026-06-30,APMI monthly report Jun 2026,,pmsStrategy-abakkus-asset-manager-private-limited-abakkus-all-cap-shariah-approach
Abakkus All Cap Approach,Abakkus Asset Manager Private Limited,Multicap,7766.83,50,,1.52,12.57,0.01,5.29,4.77,15.32,19.39,14.51,22.95,,,,2026-06-30,APMI monthly report Jun 2026,,pmsStrategy-abakkus-asset-manager-private-limited-abakkus-all-cap-approach
Abakkus All Cap Approach 2,Abakkus Asset Manager Private Limited,,,50,,0,0,0,0,0,,,,0,,,,2026-06-30,APMI monthly report Jun 2026,,pmsStrategy-abakkus-asset-manager-private-limited-abakkus-all-cap-approach-2
Abakkus Curated Personalized Portfolio Strategy,Abakkus Asset Manager Private Limited,,148.5,50,,4.32,37.71,17.45,10.23,11.34,,,,26.01,,,,2026-06-30,APMI monthly report Jun 2026,,pmsStrategy-abakkus-asset-manager-private-limited-abakkus-curated-personalized-portfolio-strategy
Abakkus Diversified Alpha Approach,Abakkus Asset Manager Private Limited,,1327.89,50,,3.67,21.42,6.35,8.81,6.96,,,,11.21,,,,2026-06-30,APMI monthly report Jun 2026,,pmsStrategy-abakkus-asset-manager-private-limited-abakkus-diversified-alpha-approach
Abakkus Emerging Opportunities (Shariah) Approach,Abakkus Asset Manager Private Limited,,16.55,50,,5.91,20.99,2.61,-3.9,2.26,16.27,,,16.33,,,,2026-06-30,APMI monthly report Jun 2026,,pmsStrategy-abakkus-asset-manager-private-limited-abakkus-emerging-opportunities-shariah-approach
Abakkus Emerging Opportunities Approach,Abakkus Asset Manager Private Limited,,5943.14,50,,4.69,19.25,0.39,-1.69,4.55,17.34,22.67,16.32,26.43,,,,2026-06-30,APMI monthly report Jun 2026,,pmsStrategy-abakkus-asset-manager-private-limited-abakkus-emerging-opportunities-approach
Abakkus Emerging Opportunities Approach 2,Abakkus Asset Manager Private Limited,,,50,,0,0,0,0,0,,,,0,,,,2026-06-30,APMI monthly report Jun 2026,,pmsStrategy-abakkus-asset-manager-private-limited-abakkus-emerging-opportunities-approach-2
Abakkus Liquid Approach,Abakkus Asset Manager Private Limited,Hybrid,50.74,50,,0.32,0.89,1.78,3.88,4.33,,,,3.93,,,,2026-06-30,APMI monthly report Jun 2026,,pmsStrategy-abakkus-asset-manager-private-limited-abakkus-liquid-approach
Abakkus Liquid Approach 2,Abakkus Asset Manager Private Limited,Hybrid,,50,,0,0,0,0,0,,,,0,,,,2026-06-30,APMI monthly report Jun 2026,,pmsStrategy-abakkus-asset-manager-private-limited-abakkus-liquid-approach-2
Abakkus Personalised Opportunity Specific Strategy,Abakkus Asset Manager Private Limited,,1770.45,50,,5.53,27.76,8.18,8.8,8.12,19.05,23.28,21.57,37.24,,,,2026-06-30,APMI monthly report Jun 2026,,pmsStrategy-abakkus-asset-manager-private-limited-abakkus-personalised-opportunity-specific-strategy
Abakkus Select Edge Approach,Abakkus Asset Manager Private Limited,,40.66,50,,3.91,34.09,0,,,,,,33.79,,,,2026-06-30,APMI monthly report Jun 2026,,pmsStrategy-abakkus-asset-manager-private-limited-abakkus-select-edge-approach
Abakkus Select Opportunities Strategy,Abakkus Asset Manager Private Limited,,334.56,50,,9.06,29.63,5.7,15.45,7.62,15.06,17.89,,22.27,,,,2026-06-30,APMI monthly report Jun 2026,,pmsStrategy-abakkus-asset-manager-private-limited-abakkus-select-opportunities-strategy
Abakkus Select Opportunities Strategy 2,Abakkus Asset Manager Private Limited,,436.36,50,,9.59,26.36,12.23,8.98,12.75,,,,20.88,,,,2026-06-30,APMI monthly report Jun 2026,,pmsStrategy-abakkus-asset-manager-private-limited-abakkus-select-opportunities-strategy-2
All Cap (ESG) Approach,Abakkus Asset Manager Private Limited,,,50,,0,0,0,0,0,0,0,,0,,,,2026-06-30,APMI monthly report Jun 2026,,pmsStrategy-abakkus-asset-manager-private-limited-all-cap-esg-approach
ABANS GROWTH & MOMENTUM,Abans Broking Services Private Limited,,131.14,50,,6.13,18.25,2.12,-0.26,0.28,11.18,15.98,11.78,20.43,,,,2026-06-30,APMI monthly report Jun 2026,,pmsStrategy-abans-broking-services-private-limited-abans-growth-momentum
ABANS SMART BETA PORTFOLIO,Abans Broking Services Private Limited,,3,50,,0.35,17.18,4.81,11.82,-3.93,13.4,17.6,11.28,14.26,,,,2026-06-30,APMI monthly report Jun 2026,,pmsStrategy-abans-broking-services-private-limited-abans-smart-beta-portfolio
Alpha10,Accuracap Consultancy Services Private Limited,,88.58,50,,0.46,13.37,1.94,1.57,1.69,9.16,12.98,8.98,13.12,,,,2026-06-30,APMI monthly report Jun 2026,,pmsStrategy-accuracap-consultancy-services-private-limited-alpha10
Alphagen,Accuracap Consultancy Services Private Limited,,49.28,50,,1.96,18.4,5.91,6.32,3.2,14.41,16.51,11.66,12.94,,,,2026-06-30,APMI monthly report Jun 2026,,pmsStrategy-accuracap-consultancy-services-private-limited-alphagen
Dynamo,Accuracap Consultancy Services Private Limited,,15.41,50,,6.41,30.42,14.23,6.25,8.7,28.55,30.13,20.86,23.33,,,,2026-06-30,APMI monthly report Jun 2026,,pmsStrategy-accuracap-consultancy-services-private-limited-dynamo
PicoPower,Accuracap Consultancy Services Private Limited,,455.7,50,,5.76,27.02,11.56,6.41,4.85,21.04,21.09,15.33,22.09,,,,2026-06-30,APMI monthly report Jun 2026,,pmsStrategy-accuracap-consultancy-services-private-limited-picopower
Acepro Galaxy Strategy,Acepro Advisors Private Limited,,0.38,50,,0.86,2.59,-1.63,-1.08,-1.95,3.57,4.34,3.36,3.52,,,,2026-06-30,APMI monthly report Jun 2026,,pmsStrategy-acepro-advisors-private-limited-acepro-galaxy-strategy
Acepro Large Cap Strategy,Acepro Advisors Private Limited,,2.54,50,,2.1,7.84,-9.4,-10.47,0.39,8.25,10.62,8.76,11.15,,,,2026-06-30,APMI monthly report Jun 2026,,pmsStrategy-acepro-advisors-private-limited-acepro-large-cap-strategy
ABM CORE PORTFOLIO,Aditya Birla Money Limited,Hybrid,,50,,0,0,0,0,0,0,,,0,,,,2026-06-30,APMI monthly report Jun 2026,,pmsStrategy-aditya-birla-money-limited-abm-core-portfolio
ABM India Consumption Portfolio,Aditya Birla Money Limited,,8.01,50,,6.87,24.02,2.9,3.25,3.79,13.11,16.3,10.19,10.03,,,,2026-06-30,APMI monthly report Jun 2026,,pmsStrategy-aditya-birla-money-limited-abm-india-consumption-portfolio
ABML NDPMS,Aditya Birla Money Limited,,104.11,50,,4.64,23.1,4.18,0.7,3.92,14.41,15.42,11.07,10.2,,,,2026-06-30,APMI monthly report Jun 2026,,pmsStrategy-aditya-birla-money-limited-abml-ndpms
ADITYA BIRLA MONEY LTD R B P RULE BASED PORTFOLIO,Aditya Birla Money Limited,,,50,,0,0,0,0,0,0,,,0,,,,2026-06-30,APMI monthly report Jun 2026,,pmsStrategy-aditya-birla-money-limited-aditya-birla-money-ltd-r-b-p-rule-based-portfolio
CORE and SATELLITE PORTFOLIO SCHEME 1,Aditya Birla Money Limited,,1.53,50,,4.67,21.45,2.83,1.58,3.48,15.69,17.7,10.21,13.4,,,,2026-06-30,APMI monthly report Jun 2026,,pmsStrategy-aditya-birla-money-limited-core-and-satellite-portfolio-scheme-1
Core and Satellite Equity Portfolio,Aditya Birla Money Limited,,50.73,50,,4.5,20.96,1.82,1.71,3.27,15.96,18.6,9.7,9.6,,,,2026-06-30,APMI monthly report Jun 2026,,pmsStrategy-aditya-birla-money-limited-core-and-satellite-equity-portfolio
Core and Satellite Equity Portfolio1,Aditya Birla Money Limited,,17.87,50,,4.21,20.55,1.26,1.4,2.34,15.15,17.92,10.35,8.32,,,,2026-06-30,APMI monthly report Jun 2026,,pmsStrategy-aditya-birla-money-limited-core-and-satellite-equity-portfolio1
NON-DISCRETIONARY PORTFOLIO MANAGEMENT SERVICES,Aditya Birla Money Limited,,1.73,50,,4.75,16.08,1.45,1.49,4.15,14.15,16.51,11.91,14.71,,,,2026-06-30,APMI monthly report Jun 2026,,pmsStrategy-aditya-birla-money-limited-non-discretionary-portfolio-management-services
ABSL Customised Real Estate Portfolio,Aditya Birla Sun Life Amc Limited,Hybrid,97.37,50,,1.15,3.66,7.81,16.33,16.34,,,,14.17,,,,2026-06-30,APMI monthly report Jun 2026,,pmsStrategy-aditya-birla-sun-life-amc-limited-absl-customised-real-estate-portfolio
ABSL INDIA 200 QUANT EQUITY PORTFOLIO,Aditya Birla Sun Life Amc Limited,,30.92,50,,-1.22,7.84,-1.51,-3.37,-1.26,14.02,16.89,12.06,12.92,,,,2026-06-30,APMI monthly report Jun 2026,,pmsStrategy-aditya-birla-sun-life-amc-limited-absl-india-200-quant-equity-portfolio
ABSL India Equity Services,Aditya Birla Sun Life Amc Limited,,1.32,50,,2.71,13.39,-6.94,-10.38,-4.83,,,,4.91,,,,2026-06-30,APMI monthly report Jun 2026,,pmsStrategy-aditya-birla-sun-life-amc-limited-absl-india-equity-services
ABSL India Equity Services Portfolio STP,Aditya Birla Sun Life Amc Limited,,1.68,50,,2.74,13.34,-7.24,-10.93,-4.58,,,,-1.72,,,,2026-06-30,APMI monthly report Jun 2026,,pmsStrategy-aditya-birla-sun-life-amc-limited-absl-india-equity-services-portfolio-stp
ABSL NEXT 100 PORTFOLIO STP,Aditya Birla Sun Life Amc Limited,,26.2,50,,-0.27,12.92,-2.22,-1.69,0.85,12.03,14.01,8.88,11.91,,,,2026-06-30,APMI monthly report Jun 2026,,pmsStrategy-aditya-birla-sun-life-amc-limited-absl-next-100-portfolio-stp
ABSL Next 100 Portfolio,Aditya Birla Sun Life Amc Limited,,7.61,50,,-0.27,12.92,-2.29,-2.1,0.6,11.87,13.91,8.8,11.44,,,,2026-06-30,APMI monthly report Jun 2026,,pmsStrategy-aditya-birla-sun-life-amc-limited-absl-next-100-portfolio
ABSL Next 100 Portfolio NR,Aditya Birla Sun Life Amc Limited,,,50,,0,0,0,0,0,0.77,4.87,1.59,6.62,,,,2026-06-30,APMI monthly report Jun 2026,,pmsStrategy-aditya-birla-sun-life-amc-limited-absl-next-100-portfolio-nr
ADAPT Moderate Portfolio,Aditya Birla Sun Life Amc Limited,Hybrid,0.32,50,,0.48,3.73,0.44,5.25,6.16,9.05,9.09,7.39,7.67,,,,2026-06-30,APMI monthly report Jun 2026,,pmsStrategy-aditya-birla-sun-life-amc-limited-adapt-moderate-portfolio
ADAPT PORTFOLIO - Very Agressive,Aditya Birla Sun Life Amc Limited,,21.55,50,,-1.58,5.94,-1.53,1.48,2.77,14.47,16.01,12.04,11.76,,,,2026-06-30,APMI monthly report Jun 2026,,pmsStrategy-aditya-birla-sun-life-amc-limited-adapt-portfolio-very-agressive
ADAPT Very Conservative Portfolio,Aditya Birla Sun Life Amc Limited,Hybrid,0.24,50,,0.13,2.01,1.52,4.8,5.48,6.9,7.01,5.97,7.08,,,,2026-06-30,APMI monthly report Jun 2026,,pmsStrategy-aditya-birla-sun-life-amc-limited-adapt-very-conservative-portfolio
ASSET LINKED PORTFOLIO,Aditya Birla Sun Life Amc Limited,Hybrid,,50,,0,0,0,0,1.12,1.36,,,4.11,,,,2026-06-30,APMI monthly report Jun 2026,,pmsStrategy-aditya-birla-sun-life-amc-limited-asset-linked-portfolio
CORE EQUITY PORTFOLIO STP,Aditya Birla Sun Life Amc Limited,,6.57,50,,2.04,9.87,-6.18,-4.49,-1.1,6.99,10.76,8.67,11.19,,,,2026-06-30,APMI monthly report Jun 2026,,pmsStrategy-aditya-birla-sun-life-amc-limited-core-equity-portfolio-stp
Core Equity Portfolio,Aditya Birla Sun Life Amc Limited,,167.8,50,,2.06,9.85,-5.95,-4.32,-0.94,7.21,11.2,8.9,17.61,,,,2026-06-30,APMI monthly report Jun 2026,,pmsStrategy-aditya-birla-sun-life-amc-limited-core-equity-portfolio
Core Equity Portfolio NR,Aditya Birla Sun Life Amc Limited,,11.81,50,,1.98,9.74,-6.04,-4.47,-0.74,7.38,11.35,9.04,12.44,,,,2026-06-30,APMI monthly report Jun 2026,,pmsStrategy-aditya-birla-sun-life-amc-limited-core-equity-portfolio-nr
Customised Debt Portfolio,Aditya Birla Sun Life Amc Limited,Hybrid,182.68,50,,1.21,3.78,6.48,11.36,,,,,13.63,,,,2026-06-30,APMI monthly report Jun 2026,,pmsStrategy-aditya-birla-sun-life-amc-limited-customised-debt-portfolio
Customised Equity Portfolio,Aditya Birla Sun Life Amc Limited,,108,50,,1.3,12.18,2.53,-0.05,,,,,5.77,,,,2026-06-30,APMI monthly report Jun 2026,,pmsStrategy-aditya-birla-sun-life-amc-limited-customised-equity-portfolio
INDIA LARGE CAP QUANT EQUITY PORTFOLIO,Aditya Birla Sun Life Amc Limited,,0.32,50,,-0.55,4.72,-8.56,-6.24,-2.11,5.99,9.4,6.57,11.51,,,,2026-06-30,APMI monthly report Jun 2026,,pmsStrategy-aditya-birla-sun-life-amc-limited-india-large-cap-quant-equity-portfolio
INDIA SPECIAL OPPORTUNITIES PORTFOLIO STP,Aditya Birla Sun Life Amc Limited,,516.16,50,,1.55,11.65,-3.88,-7.54,-2.98,10.02,14.06,10.78,13.5,,,,2026-06-30,APMI monthly report Jun 2026,,pmsStrategy-aditya-birla-sun-life-amc-limited-india-special-opportunities-portfolio-stp
INNOVATION PORTFOLIO STP,Aditya Birla Sun Life Amc Limited,,8.69,50,,2.21,14.09,-4.8,-10.58,-0.08,9.72,13.44,10.13,10.71,,,,2026-06-30,APMI monthly report Jun 2026,,pmsStrategy-aditya-birla-sun-life-amc-limited-innovation-portfolio-stp
India Special Opportunities Portfolio,Aditya Birla Sun Life Amc Limited,,416.51,50,,1.56,11.6,-3.92,-7.62,-3.22,10.34,14.49,11.14,14,,,,2026-06-30,APMI monthly report Jun 2026,,pmsStrategy-aditya-birla-sun-life-amc-limited-india-special-opportunities-portfolio
India Special Opportunities Portfolio NR,Aditya Birla Sun Life Amc Limited,,232.49,50,,1.59,11.69,-3.89,-7.54,-3.17,10.63,14.76,11.34,12.65,,,,2026-06-30,APMI monthly report Jun 2026,,pmsStrategy-aditya-birla-sun-life-amc-limited-india-special-opportunities-portfolio-nr
Innovation Portfolio,Aditya Birla Sun Life Amc Limited,,111.73,50,,2.3,14.42,-4.24,-9.62,0.58,11.46,16.16,12.72,15.58,,,,2026-06-30,APMI monthly report Jun 2026,,pmsStrategy-aditya-birla-sun-life-amc-limited-innovation-portfolio
Innovation Portfolio NR,Aditya Birla Sun Life Amc Limited,,24.89,50,,2.18,14.13,-4.83,-10.84,-0.73,10.12,14.58,11.23,20.24,,,,2026-06-30,APMI monthly report Jun 2026,,pmsStrategy-aditya-birla-sun-life-amc-limited-innovation-portfolio-nr
Liquid Portfolio.,Aditya Birla Sun Life Amc Limited,Hybrid,14.56,50,,0.66,1.83,3.34,6.48,6.34,4.44,4.61,4.37,4.29,,,,2026-06-30,APMI monthly report Jun 2026,,pmsStrategy-aditya-birla-sun-life-amc-limited-liquid-portfolio
NDPMS - ABSL Customised Real Estate Portfolio,Aditya Birla Sun Life Amc Limited,Hybrid,146.11,50,,1.2,3.71,7.95,,,,,,15.82,,,,2026-06-30,APMI monthly report Jun 2026,,pmsStrategy-aditya-birla-sun-life-amc-limited-ndpms-absl-customised-real-estate-portfolio
PMS for PFs & Special Mandates,Aditya Birla Sun Life Amc Limited,Hybrid,638418.49,50,,5.79,7.02,8.81,12.6,,,,,12.7,,,,2026-06-30,APMI monthly report Jun 2026,,pmsStrategy-aditya-birla-sun-life-amc-limited-pms-for-pfs-special-mandates
SELECT SECTOR PORTFOLIO,Aditya Birla Sun Life Amc Limited,,587.94,50,,0.05,20.39,9.69,6.43,13.43,26.26,26.59,19.86,17.25,,,,2026-06-30,APMI monthly report Jun 2026,,pmsStrategy-aditya-birla-sun-life-amc-limited-select-sector-portfolio
SELECT SECTOR PORTFOLIO STP,Aditya Birla Sun Life Amc Limited,,12.4,50,,0.13,20.53,9.84,6.74,13.01,23.55,24.14,17.93,17.09,,,,2026-06-30,APMI monthly report Jun 2026,,pmsStrategy-aditya-birla-sun-life-amc-limited-select-sector-portfolio-stp
Select Sector Portfolio NR,Aditya Birla Sun Life Amc Limited,,115.09,50,,0.17,19.93,9.14,5.89,9.93,22.13,23.06,17.27,16.11,,,,2026-06-30,APMI monthly report Jun 2026,,pmsStrategy-aditya-birla-sun-life-amc-limited-select-sector-portfolio-nr
TOP 200 CORE EQUITY PORTFOLIO STP,Aditya Birla Sun Life Amc Limited,,30.84,50,,2.53,9.53,-7.46,-8.38,-2.47,7.71,11.87,9.8,12.21,,,,2026-06-30,APMI monthly report Jun 2026,,pmsStrategy-aditya-birla-sun-life-amc-limited-top-200-core-equity-portfolio-stp
Top 200 Core Equity Portfolio,Aditya Birla Sun Life Amc Limited,,38.87,50,,2.5,9.43,-7.41,-8.43,-2.71,8.26,12.51,10.23,11.29,,,,2026-06-30,APMI monthly report Jun 2026,,pmsStrategy-aditya-birla-sun-life-amc-limited-top-200-core-equity-portfolio
Top 200 Core Equity Portfolio NR,Aditya Birla Sun Life Amc Limited,,21.46,50,,2.59,9.72,-7.14,-7.8,-2.09,8.74,13.14,10.85,11,,,,2026-06-30,APMI monthly report Jun 2026,,pmsStrategy-aditya-birla-sun-life-amc-limited-top-200-core-equity-portfolio-nr
Aequitas India Opportunities Product,Aequitas Investment Consultancy Private Limited,Smallcap,2636.99,50,,-6.37,-3.76,3,32,23.42,34.86,40.97,33.09,32.02,,,,2026-06-30,APMI monthly report Jun 2026,,pmsStrategy-aequitas-investment-consultancy-private-limited-aequitas-india-opportunities-product
Agreya Capital Advisors LLP-NDPMS,Agreya Capital Advisors Llp,,14.93,50,,-1.42,-0.95,-0.19,1.87,-0.8,8.51,8.94,,8.44,,,,2026-06-30,APMI monthly report Jun 2026,,pmsStrategy-agreya-capital-advisors-llp-agreya-capital-advisors-llp-ndpms
Agreya Momentum,Agreya Capital Advisors Llp,,202.6,50,,-2.18,6.2,-4.87,-6.7,-6.44,8.49,12.68,6.96,10.56,,,,2026-06-30,APMI monthly report Jun 2026,,pmsStrategy-agreya-capital-advisors-llp-agreya-momentum
Agreya Momentum Enhancer,Agreya Capital Advisors Llp,,51.2,50,,-1.19,5.23,-6.36,-8.1,-4.41,11.75,,,15.63,,,,2026-06-30,APMI monthly report Jun 2026,,pmsStrategy-agreya-capital-advisors-llp-agreya-momentum-enhancer
Agreya Multi-Asset,Agreya Capital Advisors Llp,Hybrid,393.81,50,,1.46,6.63,0.81,5.14,7.54,9.91,10.59,9.3,9.67,,,,2026-06-30,APMI monthly report Jun 2026,,pmsStrategy-agreya-capital-advisors-llp-agreya-multi-asset
Agreya Multi-Asset Enhancer,Agreya Capital Advisors Llp,Hybrid,75.38,50,,1.14,4.03,-1.33,3.57,7.41,10.34,10.64,10.81,14.36,,,,2026-06-30,APMI monthly report Jun 2026,,pmsStrategy-agreya-capital-advisors-llp-agreya-multi-asset-enhancer
Agreya Portfolio Return Optimiser,Agreya Capital Advisors Llp,Hybrid,65.94,50,,0.11,8.23,-2.47,9.41,8.61,8.76,15.38,,11.48,,,,2026-06-30,APMI monthly report Jun 2026,,pmsStrategy-agreya-capital-advisors-llp-agreya-portfolio-return-optimiser
Agreya Total Return,Agreya Capital Advisors Llp,,322.77,50,,1.12,29.65,12.36,17.14,11.35,19.43,19.41,15.18,20.69,,,,2026-06-30,APMI monthly report Jun 2026,,pmsStrategy-agreya-capital-advisors-llp-agreya-total-return
Agreya Total return Enhancer,Agreya Capital Advisors Llp,,96.39,50,,1.05,24.75,6.48,7.88,8.17,17.63,19.47,15.22,15.91,,,,2026-06-30,APMI monthly report Jun 2026,,pmsStrategy-agreya-capital-advisors-llp-agreya-total-return-enhancer
Agreya Value Momentum Strategy,Agreya Capital Advisors Llp,,1.16,50,,3.97,29.58,14.41,13.81,,,,,21.28,,,,2026-06-30,APMI monthly report Jun 2026,,pmsStrategy-agreya-capital-advisors-llp-agreya-value-momentum-strategy
ALCHEMY W.I.N STRATEGY,Alchemy Capital Management Pvt Ltd,,124.22,50,,-8.28,10.22,5.06,5.22,-1.36,,,,14.3,,,,2026-06-30,APMI monthly report Jun 2026,,pmsStrategy-alchemy-capital-management-pvt-ltd-alchemy-w-i-n-strategy
Alchemy Alpha 100,Alchemy Capital Management Pvt Ltd,,17.21,50,,0.29,13.5,-1.21,2.03,1.12,,,,11.91,,,,2026-06-30,APMI monthly report Jun 2026,,pmsStrategy-alchemy-capital-management-pvt-ltd-alchemy-alpha-100
Alchemy Alpha Small cap,Alchemy Capital Management Pvt Ltd,,8.2,50,,6.17,31.07,15.99,10.29,9.38,,,,17.51,,,,2026-06-30,APMI monthly report Jun 2026,,pmsStrategy-alchemy-capital-management-pvt-ltd-alchemy-alpha-small-cap
Alchemy Ascent,Alchemy Capital Management Pvt Ltd,,246.51,50,,2.98,16.67,6.12,1.24,-9.13,10.1,13.6,8.75,13.41,,,,2026-06-30,APMI monthly report Jun 2026,,pmsStrategy-alchemy-capital-management-pvt-ltd-alchemy-ascent
Alchemy High Growth,Alchemy Capital Management Pvt Ltd,Multicap,762.51,50,,-7.81,9.29,0.79,5.23,-1.41,14.76,16.78,11.96,19.93,,,,2026-06-30,APMI monthly report Jun 2026,,pmsStrategy-alchemy-capital-management-pvt-ltd-alchemy-high-growth
Alchemy Liquid Strategy,Alchemy Capital Management Pvt Ltd,Hybrid,35.61,50,,0.37,1.11,2.24,4.72,5.21,5.41,5.32,4.96,5.19,,,,2026-06-30,APMI monthly report Jun 2026,,pmsStrategy-alchemy-capital-management-pvt-ltd-alchemy-liquid-strategy
Alchemy Select Satellite,Alchemy Capital Management Pvt Ltd,,2.77,50,,-8.09,9.97,5.1,5.48,-0.32,,,,11.46,,,,2026-06-30,APMI monthly report Jun 2026,,pmsStrategy-alchemy-capital-management-pvt-ltd-alchemy-select-satellite
Alchemy Select Stock,Alchemy Capital Management Pvt Ltd,,4874.8,50,,2.71,22.84,6.34,5.26,7.95,19.14,20.15,16.85,19.59,,,,2026-06-30,APMI monthly report Jun 2026,,pmsStrategy-alchemy-capital-management-pvt-ltd-alchemy-select-stock
Alchemy Smart Alpha 250,Alchemy Capital Management Pvt Ltd,,731.99,50,,-4.07,14.52,6.36,3.28,2.59,,,,19.07,,,,2026-06-30,APMI monthly report Jun 2026,,pmsStrategy-alchemy-capital-management-pvt-ltd-alchemy-smart-alpha-250
Alchemy Smart Alpha Micro & Small cap,Alchemy Capital Management Pvt Ltd,,41.55,50,,-0.63,17.18,2.89,2.88,-5.93,,,,6.95,,,,2026-06-30,APMI monthly report Jun 2026,,pmsStrategy-alchemy-capital-management-pvt-ltd-alchemy-smart-alpha-micro-small-cap
Alder Capital- B2C Growth,Alder Capital Advisors Llp,,33.58,50,,-0.23,3.93,0.61,14.09,13.06,13.77,15.88,7.66,12.99,,,,2026-06-30,APMI monthly report Jun 2026,,pmsStrategy-alder-capital-advisors-llp-alder-capital-b2c-growth
Alder Capital- Dynamic Growth,Alder Capital Advisors Llp,,20.45,50,,-1.07,3.48,-0.65,18.38,17.02,,,,16.46,,,,2026-06-30,APMI monthly report Jun 2026,,pmsStrategy-alder-capital-advisors-llp-alder-capital-dynamic-growth
AAA Budding Beasts PMS,AlfAccurate Advisors Pvt Ltd,,1091.91,50,,5.91,29.36,14.92,14.86,12.11,23.43,27.95,23.79,26.14,,,,2026-06-30,APMI monthly report Jun 2026,,pmsStrategy-alfaccurate-advisors-pvt-ltd-aaa-budding-beasts-pms
AAA Couture PMS,AlfAccurate Advisors Pvt Ltd,,352.97,50,,5.7,43.58,29.08,37.1,20.02,,,,24.1,,,,2026-06-30,APMI monthly report Jun 2026,,pmsStrategy-alfaccurate-advisors-pvt-ltd-aaa-couture-pms
AAA Focus PMS,AlfAccurate Advisors Pvt Ltd,,4.18,50,,3.09,11.59,-6.04,-4.27,1.29,9.42,13.24,10.43,12.92,,,,2026-06-30,APMI monthly report Jun 2026,,pmsStrategy-alfaccurate-advisors-pvt-ltd-aaa-focus-pms
AAA India Opportunity PMS,AlfAccurate Advisors Pvt Ltd,,2227.97,50,,3.42,15.56,-1.52,-1.61,3.02,13.9,17.03,13.03,17.4,,,,2026-06-30,APMI monthly report Jun 2026,,pmsStrategy-alfaccurate-advisors-pvt-ltd-aaa-india-opportunity-pms
AAA Liquid PMS,AlfAccurate Advisors Pvt Ltd,Hybrid,15.8,50,,0.33,0.95,1.97,4.3,4.6,4.51,4.41,3.88,3.66,,,,2026-06-30,APMI monthly report Jun 2026,,pmsStrategy-alfaccurate-advisors-pvt-ltd-aaa-liquid-pms
AAA Shariah PMS,AlfAccurate Advisors Pvt Ltd,,262.6,50,,3.79,22.37,8.24,4.79,2.27,12.23,13.72,10.61,14.76,,,,2026-06-30,APMI monthly report Jun 2026,,pmsStrategy-alfaccurate-advisors-pvt-ltd-aaa-shariah-pms
ALLEGRO SIGNATURE,Allegro Securities Pvt Ltd,,71.06,50,,0.2,1.43,,,,,,,0.22,,,,2026-06-30,APMI monthly report Jun 2026,,pmsStrategy-allegro-securities-pvt-ltd-allegro-signature
Allegro - High Growth,Allegro Securities Pvt Ltd,,8.09,50,,2.35,21,2.44,1,3.99,11.01,13.84,9.9,11.44,,,,2026-06-30,APMI monthly report Jun 2026,,pmsStrategy-allegro-securities-pvt-ltd-allegro-high-growth
Balanced FOF,Allegro Securities Pvt Ltd,Hybrid,1.58,50,,2.5,7.28,-1.06,0.75,4.19,10.15,14.66,12.25,11.92,,,,2026-06-30,APMI monthly report Jun 2026,,pmsStrategy-allegro-securities-pvt-ltd-balanced-fof
Bluechip Equity FOF,Allegro Securities Pvt Ltd,,7.21,50,,1.71,8.3,-1.99,0.13,3.25,11.32,15.77,12.29,11.97,,,,2026-06-30,APMI monthly report Jun 2026,,pmsStrategy-allegro-securities-pvt-ltd-bluechip-equity-fof
DEBTFOF,Allegro Securities Pvt Ltd,Hybrid,5.51,50,,1.71,2.4,2.93,5.75,7.5,7.39,8.73,7.52,7.6,,,,2026-06-30,APMI monthly report Jun 2026,,pmsStrategy-allegro-securities-pvt-ltd-debtfof
Diversified,Allegro Securities Pvt Ltd,,3.86,50,,0.63,7.99,0.96,2.45,4.07,13.93,29.43,22.45,20.17,,,,2026-06-30,APMI monthly report Jun 2026,,pmsStrategy-allegro-securities-pvt-ltd-diversified
Health Care,Allegro Securities Pvt Ltd,,12.6,50,,-0.15,17.21,-0.81,-4.85,7.13,9.52,12.3,9.3,13.63,,,,2026-06-30,APMI monthly report Jun 2026,,pmsStrategy-allegro-securities-pvt-ltd-health-care
Liquid FOF,Allegro Securities Pvt Ltd,Hybrid,1.31,50,,0.55,1.7,3.03,5.74,6.2,6.38,6.28,5.64,5.11,,,,2026-06-30,APMI monthly report Jun 2026,,pmsStrategy-allegro-securities-pvt-ltd-liquid-fof
Mid Cap Equity FOF,Allegro Securities Pvt Ltd,,2.06,50,,2.17,14.7,0.7,0.42,3.12,16.4,19.68,15.59,14.03,,,,2026-06-30,APMI monthly report Jun 2026,,pmsStrategy-allegro-securities-pvt-ltd-mid-cap-equity-fof
THE HERON,Allegro Securities Pvt Ltd,,15.78,50,,3.45,14.48,4.57,3.77,,,,,6.72,,,,2026-06-30,APMI monthly report Jun 2026,,pmsStrategy-allegro-securities-pvt-ltd-the-heron
AA Premium Advantage,Alpha Alternatives Fund Advisors LLP,Hybrid,10.35,50,,3.22,37.18,-9.15,-21.11,,,,,-35.64,,,,2026-06-30,APMI monthly report Jun 2026,,pmsStrategy-alpha-alternatives-fund-advisors-llp-aa-premium-advantage
ALPHA ALTERNATIVES FUND ADVISORS LLP PMS SYSTEMATIC EQUITY,Alpha Alternatives Fund Advisors LLP,,130.13,50,,-0.7,11.09,-0.86,-11.33,-3.67,12.24,13.4,11.03,11.45,,,,2026-06-30,APMI monthly report Jun 2026,,pmsStrategy-alpha-alternatives-fund-advisors-llp-alpha-alternatives-fund-advisors-llp-pms-systematic-equity
Fixed Income Edge,Alpha Alternatives Fund Advisors LLP,Hybrid,231.12,50,,1.69,3.25,4.93,10.47,,,,,11.07,,,,2026-06-30,APMI monthly report Jun 2026,,pmsStrategy-alpha-alternatives-fund-advisors-llp-fixed-income-edge
AlphaGrep Liquid Portfolio,AlphaGrep Investment Management Private Limited,Hybrid,0.2,50,,0.57,1.69,2.85,5.77,6.27,,,,6.31,,,,2026-06-30,APMI monthly report Jun 2026,,pmsStrategy-alphagrep-investment-management-private-limited-alphagrep-liquid-portfolio
AlphaGrep Multi-Factor Quant Portfolio,AlphaGrep Investment Management Private Limited,,55.55,50,,-2.31,7.33,-6.77,-5.85,0.24,14.43,,,13.93,,,,2026-06-30,APMI monthly report Jun 2026,,pmsStrategy-alphagrep-investment-management-private-limited-alphagrep-multi-factor-quant-portfolio
AMALTAS KEYSTONE FUND,Amaltas Asset Management LLP,,61.55,50,,7.22,55.34,34.92,24.59,,,,,20.52,,,,2026-06-30,APMI monthly report Jun 2026,,pmsStrategy-amaltas-asset-management-llp-amaltas-keystone-fund
AMALTAS STRATEGIC OPPORTUNITIES SERIES I,Amaltas Asset Management LLP,,5.37,50,,11.92,34.84,19.27,,,,,,34.21,,,,2026-06-30,APMI monthly report Jun 2026,,pmsStrategy-amaltas-asset-management-llp-amaltas-strategic-opportunities-series-i
Ambit Coffee Can Portfolio,Ambit Investment Advisors Private Limited,,1127.18,50,,1.09,8.95,-5.25,-6.08,3.22,8.3,11.83,8.07,12.76,,,,2026-06-30,APMI monthly report Jun 2026,,pmsStrategy-ambit-investment-advisors-private-limited-ambit-coffee-can-portfolio
Ambit Curated Portfolios,Ambit Investment Advisors Private Limited,,46.78,50,,5.84,24.77,3.93,-2.87,-0.12,7.26,10.72,6.47,13.02,,,,2026-06-30,APMI monthly report Jun 2026,,pmsStrategy-ambit-investment-advisors-private-limited-ambit-curated-portfolios
Ambit Emerging Giants Small Cap Portfolio,Ambit Investment Advisors Private Limited,,82.25,50,,9.4,37.21,16.08,2.61,-0.27,2.5,10.9,7.31,11.94,,,,2026-06-30,APMI monthly report Jun 2026,,pmsStrategy-ambit-investment-advisors-private-limited-ambit-emerging-giants-small-cap-portfolio
Ambit Good & Clean MidCap Portfolio,Ambit Investment Advisors Private Limited,,439.2,50,,5.43,20.51,7.22,8.05,3.3,15.57,16.83,11.8,12.65,,,,2026-06-30,APMI monthly report Jun 2026,,pmsStrategy-ambit-investment-advisors-private-limited-ambit-good-clean-midcap-portfolio
Ambit Good & Clean Multi Cap Portfolio,Ambit Investment Advisors Private Limited,,5.67,50,,5.99,17.53,5.16,3.77,3.47,8.83,11.82,8.67,13.58,,,,2026-06-30,APMI monthly report Jun 2026,,pmsStrategy-ambit-investment-advisors-private-limited-ambit-good-clean-multi-cap-portfolio
Ambit Micro Marvels Portfolio,Ambit Investment Advisors Private Limited,,395.42,50,,8.14,33.7,6.07,-3.36,,,,,-6.58,,,,2026-06-30,APMI monthly report Jun 2026,,pmsStrategy-ambit-investment-advisors-private-limited-ambit-micro-marvels-portfolio
Ambit STP Portfolio,Ambit Investment Advisors Private Limited,Hybrid,0.16,50,,0.27,0.98,1.94,3.68,1.8,2.91,3.5,,3.4,,,,2026-06-30,APMI monthly report Jun 2026,,pmsStrategy-ambit-investment-advisors-private-limited-ambit-stp-portfolio
Ambit TenX Portfolio,Ambit Investment Advisors Private Limited,,45.81,50,,7.63,25.45,8.5,4.31,-0.04,6.98,13.11,,8.09,,,,2026-06-30,APMI monthly report Jun 2026,,pmsStrategy-ambit-investment-advisors-private-limited-ambit-tenx-portfolio
NDPMS Strategy,Ambit Investment Advisors Private Limited,,24.43,50,,1.35,10.51,-4.78,-4.45,3.72,6.71,9.45,6.06,10.87,,,,2026-06-30,APMI monthly report Jun 2026,,pmsStrategy-ambit-investment-advisors-private-limited-ndpms-strategy
Ambit Alpha Growth Portfolio,Ambit Wealth Private Limited,,543.32,50,,5.63,24.72,5.91,-3.28,-0.8,21.31,24.67,18.54,21.88,,,,2026-06-30,APMI monthly report Jun 2026,,pmsStrategy-ambit-wealth-private-limited-ambit-alpha-growth-portfolio
Ambit Alpha Growth Portfolio - STP,Ambit Wealth Private Limited,,30.42,50,,5.63,24.12,5.75,-2.92,-1.18,20.75,,,23.07,,,,2026-06-30,APMI monthly report Jun 2026,,pmsStrategy-ambit-wealth-private-limited-ambit-alpha-growth-portfolio-stp
Ambit Anchor Portfolio,Ambit Wealth Private Limited,Hybrid,136.52,50,,1.35,2.98,4.73,11.02,,,,,12.87,,,,2026-06-30,APMI monthly report Jun 2026,,pmsStrategy-ambit-wealth-private-limited-ambit-anchor-portfolio
Ambit Bespoke FI Portfolio,Ambit Wealth Private Limited,Hybrid,0.57,50,,0.37,1.1,2.09,-3.41,1.3,,,,2.18,,,,2026-06-30,APMI monthly report Jun 2026,,pmsStrategy-ambit-wealth-private-limited-ambit-bespoke-fi-portfolio
Ambit Build India Portfolio,Ambit Wealth Private Limited,,40.93,50,,7.51,34.83,21.13,11.72,3.19,,,,16.67,,,,2026-06-30,APMI monthly report Jun 2026,,pmsStrategy-ambit-wealth-private-limited-ambit-build-india-portfolio
Ambit Build India Portfolio - STP,Ambit Wealth Private Limited,,,50,,-0.13,0.33,-8.22,-13.96,,,,,-11.75,,,,2026-06-30,APMI monthly report Jun 2026,,pmsStrategy-ambit-wealth-private-limited-ambit-build-india-portfolio-stp
Ambit CALIBER H Portfolio,Ambit Wealth Private Limited,,10.49,50,,3.51,14.85,0.22,2.05,1.19,14.44,15.26,10.42,13.25,,,,2026-06-30,APMI monthly report Jun 2026,,pmsStrategy-ambit-wealth-private-limited-ambit-caliber-h-portfolio
Ambit CALIBER Portfolio,Ambit Wealth Private Limited,,99.12,50,,3.4,14.67,0.38,3.92,1.57,15.03,15.63,10.87,14.34,,,,2026-06-30,APMI monthly report Jun 2026,,pmsStrategy-ambit-wealth-private-limited-ambit-caliber-portfolio
Ambit CALIBER Portfolio - STP,Ambit Wealth Private Limited,,6.03,50,,3.47,14.75,0.18,3.54,0.63,14.8,,,14.62,,,,2026-06-30,APMI monthly report Jun 2026,,pmsStrategy-ambit-wealth-private-limited-ambit-caliber-portfolio-stp
Ambit IRIS Portfolio,Ambit Wealth Private Limited,Hybrid,784.89,50,,1.26,5.08,7.75,21.6,,,,,16.5,,,,2026-06-30,APMI monthly report Jun 2026,,pmsStrategy-ambit-wealth-private-limited-ambit-iris-portfolio
Ambit Liquid Portfolio,Ambit Wealth Private Limited,Hybrid,0.28,50,,0.4,1.04,2.18,4.62,4.88,5.49,,,5.59,,,,2026-06-30,APMI monthly report Jun 2026,,pmsStrategy-ambit-wealth-private-limited-ambit-liquid-portfolio
Ambit Maximus Smart Factor Portfolio,Ambit Wealth Private Limited,,14.53,50,,-0.54,11.43,-0.36,0.65,,,,,-3.09,,,,2026-06-30,APMI monthly report Jun 2026,,pmsStrategy-ambit-wealth-private-limited-ambit-maximus-smart-factor-portfolio
Ambit Maximus Smart Factor Portfolio - STP,Ambit Wealth Private Limited,,5.83,50,,-0.55,11.12,-0.3,0.62,,,,,-4.32,,,,2026-06-30,APMI monthly report Jun 2026,,pmsStrategy-ambit-wealth-private-limited-ambit-maximus-smart-factor-portfolio-stp
NDPMS,Ambit Wealth Private Limited,,235.99,50,,0.89,9.17,1.43,7.87,8.87,11.83,14.58,9.64,10.65,,,,2026-06-30,APMI monthly report Jun 2026,,pmsStrategy-ambit-wealth-private-limited-ndpms
Ametra FactorAlpha PMS,Ametra Investment Managers Private Limited,,20.79,50,,-0.29,6.67,-1.25,-2.94,,,,,-7.96,,,,2026-06-30,APMI monthly report Jun 2026,,pmsStrategy-ametra-investment-managers-private-limited-ametra-factoralpha-pms
Ametra FactorAlpha Smallcap PMS,Ametra Investment Managers Private Limited,,1.89,50,,5.66,35.4,14.21,3.38,,,,,-2.61,,,,2026-06-30,APMI monthly report Jun 2026,,pmsStrategy-ametra-investment-managers-private-limited-ametra-factoralpha-smallcap-pms
Ametra FactorBeta Non-Discretionary PMS,Ametra Investment Managers Private Limited,Hybrid,5.78,50,,0.42,1.45,1.79,5.88,,,,,6.62,,,,2026-06-30,APMI monthly report Jun 2026,,pmsStrategy-ametra-investment-managers-private-limited-ametra-factorbeta-non-discretionary-pms
Ametra FactorCapro PMS,Ametra Investment Managers Private Limited,Hybrid,5.86,50,,0.83,1.91,2.49,,,,,,5.56,,,,2026-06-30,APMI monthly report Jun 2026,,pmsStrategy-ametra-investment-managers-private-limited-ametra-factorcapro-pms
Ametra FactorCore PMS,Ametra Investment Managers Private Limited,,1.03,50,,-2.35,7.48,-0.02,,,,,,11.18,,,,2026-06-30,APMI monthly report Jun 2026,,pmsStrategy-ametra-investment-managers-private-limited-ametra-factorcore-pms
Ametra FactorIncome PMS,Ametra Investment Managers Private Limited,Hybrid,17.7,50,,-0.06,2.68,1.02,7.51,,,,,6.12,,,,2026-06-30,APMI monthly report Jun 2026,,pmsStrategy-ametra-investment-managers-private-limited-ametra-factorincome-pms
Ametra FactorShields PMS,Ametra Investment Managers Private Limited,,,50,,-37.56,-37.13,-44.34,-43.28,,,,,-30.4,,,,2026-06-30,APMI monthly report Jun 2026,,pmsStrategy-ametra-investment-managers-private-limited-ametra-factorshields-pms
Decennium Opportunity Port -NRI,Anand Rathi Advisors Limited,,26.94,50,,6.9,27.18,8.6,-0.06,-2.14,11.54,14.62,,10.91,,,,2026-06-30,APMI monthly report Jun 2026,,pmsStrategy-anand-rathi-advisors-limited-decennium-opportunity-port-nri
Decennium Opportunity Portfolio,Anand Rathi Advisors Limited,,154.38,50,,7.11,27.77,9.51,-0.13,-3.07,12.1,15.44,,10.4,,,,2026-06-30,APMI monthly report Jun 2026,,pmsStrategy-anand-rathi-advisors-limited-decennium-opportunity-portfolio
Flexicap Strategy,Anand Rathi Advisors Limited,,1.38,50,,2.7,15.13,0.5,1.69,3.16,,,,13.07,,,,2026-06-30,APMI monthly report Jun 2026,,pmsStrategy-anand-rathi-advisors-limited-flexicap-strategy
IDEAA Portfolio,Anand Rathi Advisors Limited,Hybrid,80.33,50,,-0.65,13.52,3.1,9.6,,,,,11.12,,,,2026-06-30,APMI monthly report Jun 2026,,pmsStrategy-anand-rathi-advisors-limited-ideaa-portfolio
IDEAA Portfolio - NRI,Anand Rathi Advisors Limited,Hybrid,1.3,50,,-0.79,13.88,5.85,,,,,,7.61,,,,2026-06-30,APMI monthly report Jun 2026,,pmsStrategy-anand-rathi-advisors-limited-ideaa-portfolio-nri
Impress Portfolio,Anand Rathi Advisors Limited,,851.69,50,,4.85,29.97,11.52,-0.24,5.01,18.95,22.48,17.48,14.36,,,,2026-06-30,APMI monthly report Jun 2026,,pmsStrategy-anand-rathi-advisors-limited-impress-portfolio
Impress Portfolio - NRI,Anand Rathi Advisors Limited,,72.66,50,,4.73,30.86,11.07,-0.03,5.42,18.93,22.53,17.45,15.54,,,,2026-06-30,APMI monthly report Jun 2026,,pmsStrategy-anand-rathi-advisors-limited-impress-portfolio-nri
MNC Portfolio,Anand Rathi Advisors Limited,,127.12,50,,2.76,20.83,7.16,-2.18,-1.98,9.29,11.4,9.79,11.2,,,,2026-06-30,APMI monthly report Jun 2026,,pmsStrategy-anand-rathi-advisors-limited-mnc-portfolio
MNC Portfolio - NRI,Anand Rathi Advisors Limited,,12.55,50,,3.07,20.81,7.14,-1.13,-2.4,9.6,11.42,9.65,12.96,,,,2026-06-30,APMI monthly report Jun 2026,,pmsStrategy-anand-rathi-advisors-limited-mnc-portfolio-nri
The Alpha I Strategy,Anand Rathi Advisors Limited,,10.12,50,,2.92,16.03,1.02,0.52,2.09,14.97,,,17.67,,,,2026-06-30,APMI monthly report Jun 2026,,pmsStrategy-anand-rathi-advisors-limited-the-alpha-i-strategy
IONIC LIQUID APPROACH - STP,Angel One Investment Managers & Advisors Private Limited,Hybrid,14.07,50,,0.65,1.78,3.23,6.24,,,,,6.54,,,,2026-06-30,APMI monthly report Jun 2026,,pmsStrategy-angel-one-investment-managers-advisors-private-limited-ionic-liquid-approach-stp
IONIC LIQUID APPROACH NDPMS,Angel One Investment Managers & Advisors Private Limited,Hybrid,0.1,50,,0.45,0.45,0.45,2.7,,,,,3.71,,,,2026-06-30,APMI monthly report Jun 2026,,pmsStrategy-angel-one-investment-managers-advisors-private-limited-ionic-liquid-approach-ndpms
IONIC PIPE STRATEGY,Angel One Investment Managers & Advisors Private Limited,,45.45,50,,-0.19,12.69,-5.98,-5.09,,,,,-0.04,,,,2026-06-30,APMI monthly report Jun 2026,,pmsStrategy-angel-one-investment-managers-advisors-private-limited-ionic-pipe-strategy
Ionic Allocate Portfolio-Aggressive,Angel One Investment Managers & Advisors Private Limited,Hybrid,184.44,50,,-0.28,10.96,4.78,15.42,,,,,18.69,,,,2026-06-30,APMI monthly report Jun 2026,,pmsStrategy-angel-one-investment-managers-advisors-private-limited-ionic-allocate-portfolio-aggressive
Ionic Allocate Portfolio-Equity,Angel One Investment Managers & Advisors Private Limited,,55.71,50,,-0.58,12.25,2.48,7.7,,,,,10.42,,,,2026-06-30,APMI monthly report Jun 2026,,pmsStrategy-angel-one-investment-managers-advisors-private-limited-ionic-allocate-portfolio-equity
Ionic Allocate Portfolio-Moderate,Angel One Investment Managers & Advisors Private Limited,Hybrid,68.48,50,,-0.89,7.18,5.79,23.88,,,,,24.36,,,,2026-06-30,APMI monthly report Jun 2026,,pmsStrategy-angel-one-investment-managers-advisors-private-limited-ionic-allocate-portfolio-moderate
Ionic Allocate Select Portfolio,Angel One Investment Managers & Advisors Private Limited,Hybrid,96.36,50,,-1.48,6.71,0.91,8.14,,,,,11.33,,,,2026-06-30,APMI monthly report Jun 2026,,pmsStrategy-angel-one-investment-managers-advisors-private-limited-ionic-allocate-select-portfolio
Ionic Co-Pilot Portfolio,Angel One Investment Managers & Advisors Private Limited,Hybrid,83.07,50,,-0.8,5.87,-0.73,,,,,,0.31,,,,2026-06-30,APMI monthly report Jun 2026,,pmsStrategy-angel-one-investment-managers-advisors-private-limited-ionic-co-pilot-portfolio
Ionic High Grade Debt Strategy,Angel One Investment Managers & Advisors Private Limited,Hybrid,,50,,0,0,0,,,,,,0,,,,2026-06-30,APMI monthly report Jun 2026,,pmsStrategy-angel-one-investment-managers-advisors-private-limited-ionic-high-grade-debt-strategy
Ionic Large Value Portfolio,Angel One Investment Managers & Advisors Private Limited,Hybrid,183.64,50,,-0.34,10.84,3.15,,,,,,3.38,,,,2026-06-30,APMI monthly report Jun 2026,,pmsStrategy-angel-one-investment-managers-advisors-private-limited-ionic-large-value-portfolio
Ionic Navigator Portfolio,Angel One Investment Managers & Advisors Private Limited,,0.07,50,,0.96,7.58,-6.79,-13.74,,,,,-10.82,,,,2026-06-30,APMI monthly report Jun 2026,,pmsStrategy-angel-one-investment-managers-advisors-private-limited-ionic-navigator-portfolio
Ionic Navigator Portfolio-Midcap,Angel One Investment Managers & Advisors Private Limited,,0.07,50,,0.96,7.58,-6.79,-13.84,,,,,-11.86,,,,2026-06-30,APMI monthly report Jun 2026,,pmsStrategy-angel-one-investment-managers-advisors-private-limited-ionic-navigator-portfolio-midcap
Ionic Sharpe One Strategy,Angel One Investment Managers & Advisors Private Limited,,175.85,50,,1.34,9.12,-4.31,-6.24,,,,,2.82,,,,2026-06-30,APMI monthly report Jun 2026,,pmsStrategy-angel-one-investment-managers-advisors-private-limited-ionic-sharpe-one-strategy
Ionic Summit Portfolio - Equity,Angel One Investment Managers & Advisors Private Limited,,0.51,50,,0.99,,,,,,,,1.68,,,,2026-06-30,APMI monthly report Jun 2026,,pmsStrategy-angel-one-investment-managers-advisors-private-limited-ionic-summit-portfolio-equity
Ionic Summit Portfolio-Aggressive,Angel One Investment Managers & Advisors Private Limited,Hybrid,2.05,50,,-0.38,8.2,,,,,,,-1.25,,,,2026-06-30,APMI monthly report Jun 2026,,pmsStrategy-angel-one-investment-managers-advisors-private-limited-ionic-summit-portfolio-aggressive
Ionic Vantage Portfolio,Angel One Investment Managers & Advisors Private Limited,,1.65,50,,4.1,,,,,,,,2.96,,,,2026-06-30,APMI monthly report Jun 2026,,pmsStrategy-angel-one-investment-managers-advisors-private-limited-ionic-vantage-portfolio
Ionic Yield Enhancer Strategy,Angel One Investment Managers & Advisors Private Limited,Hybrid,150.66,50,,1.51,3.03,5.35,10.9,,,,,11.87,,,,2026-06-30,APMI monthly report Jun 2026,,pmsStrategy-angel-one-investment-managers-advisors-private-limited-ionic-yield-enhancer-strategy
Ionic Yield Enhancer Strategy NDPMS,Angel One Investment Managers & Advisors Private Limited,Hybrid,6.95,50,,1.29,2.12,3.67,,,,,,4.34,,,,2026-06-30,APMI monthly report Jun 2026,,pmsStrategy-angel-one-investment-managers-advisors-private-limited-ionic-yield-enhancer-strategy-ndpms
ARDEKO GROWTH FUND,Ardeko Asset Management Pvt Ltd,,175.76,50,,3.64,17.41,-0.27,-1.69,,,,,-0.14,,,,2026-06-30,APMI monthly report Jun 2026,,pmsStrategy-ardeko-asset-management-pvt-ltd-ardeko-growth-fund-7b162689
ARDEKO GROWTH FUND NDPMS,Ardeko Asset Management Pvt Ltd,,1.65,50,,3.38,17.21,,,,,,,1.96,,,,2026-06-30,APMI monthly report Jun 2026,,pmsStrategy-ardeko-asset-management-pvt-ltd-ardeko-growth-fund-ndpms-985c516c
Arth Long Term Owner's Approach,Arth Portfolio Management Private Limited,,39.53,50,,8.95,39.35,14.52,9.64,-0.14,,,,7.63,,,,2026-06-30,APMI monthly report Jun 2026,,pmsStrategy-arth-portfolio-management-private-limited-arth-long-term-owner-s-approach
ArthAlpha Machine Learning (Equity) Quant,ArthAlpha LLP,,62,50,,0.12,13.49,5.18,0.36,,,,,5.7,,,,2026-06-30,APMI monthly report Jun 2026,,pmsStrategy-arthalpha-llp-arthalpha-machine-learning-equity-quant
ArthAlpha Signature Wealth,ArthAlpha LLP,,10.41,50,,0.21,9.46,0.41,2,,,,,4.66,,,,2026-06-30,APMI monthly report Jun 2026,,pmsStrategy-arthalpha-llp-arthalpha-signature-wealth
ARTHYA Core Portfolio,Arthya Wealth And Investments Private Limited,,,50,,0,0,0,0,0,,,,0,,,,2026-06-30,APMI monthly report Jun 2026,,pmsStrategy-arthya-wealth-and-investments-private-limited-arthya-core-portfolio
Arthya ALL-STAR Multi-Cap Shariah Portfolio,Arthya Wealth And Investments Private Limited,,,50,,0,0,0,0,0,0,0,,0,,,,2026-06-30,APMI monthly report Jun 2026,,pmsStrategy-arthya-wealth-and-investments-private-limited-arthya-all-star-multi-cap-shariah-portfolio
Arthya Emerging Stars Portfolio,Arthya Wealth And Investments Private Limited,,,50,,0,0,0,0,0,,,,0,,,,2026-06-30,APMI monthly report Jun 2026,,pmsStrategy-arthya-wealth-and-investments-private-limited-arthya-emerging-stars-portfolio
Arthya Growth Plus Portfolio,Arthya Wealth And Investments Private Limited,,2.57,50,,2.19,14.06,1.34,2.96,,,,,7.3,,,,2026-06-30,APMI monthly report Jun 2026,,pmsStrategy-arthya-wealth-and-investments-private-limited-arthya-growth-plus-portfolio
Arthya Leaders Portfolio,Arthya Wealth And Investments Private Limited,,,50,,0,0,0,0,0,,,,0,,,,2026-06-30,APMI monthly report Jun 2026,,pmsStrategy-arthya-wealth-and-investments-private-limited-arthya-leaders-portfolio
Arthya Multi Asset Portfolio,Arthya Wealth And Investments Private Limited,Hybrid,,50,,0,0,0,0,0,0,0,,0,,,,2026-06-30,APMI monthly report Jun 2026,,pmsStrategy-arthya-wealth-and-investments-private-limited-arthya-multi-asset-portfolio
Arthya Multicap Portfolio,Arthya Wealth And Investments Private Limited,,,50,,0,0,0,0,0,0,0,,0,,,,2026-06-30,APMI monthly report Jun 2026,,pmsStrategy-arthya-wealth-and-investments-private-limited-arthya-multicap-portfolio
Arthya Opportunities Portfolio,Arthya Wealth And Investments Private Limited,,,50,,0,0,0,0,0,0,0,,0,,,,2026-06-30,APMI monthly report Jun 2026,,pmsStrategy-arthya-wealth-and-investments-private-limited-arthya-opportunities-portfolio
Arthya Yield Plus Portfolio,Arthya Wealth And Investments Private Limited,Hybrid,,50,,0,0,0,0,,,,,0,,,,2026-06-30,APMI monthly report Jun 2026,,pmsStrategy-arthya-wealth-and-investments-private-limited-arthya-yield-plus-portfolio
AMSEC LIFE,Asian Markets Securities Private Limited,,14.57,50,,1.31,8.12,-8.45,-16.37,-8.17,2.04,5.3,4.24,7.95,,,,2026-06-30,APMI monthly report Jun 2026,,pmsStrategy-asian-markets-securities-private-limited-amsec-life
Ace Blue-chip,Asit C. Mehta Investment Interrmediates Ltd.,,4.45,50,,4.02,12.5,0.8,5.7,5.26,19.11,20.05,16.76,12.83,,,,2026-06-30,APMI monthly report Jun 2026,,pmsStrategy-asit-c-mehta-investment-interrmediates-ltd-ace-blue-chip
Ace Multi-Asset Portfolio,Asit C. Mehta Investment Interrmediates Ltd.,Hybrid,12.44,50,,1.65,9.79,1.09,6.66,4.74,23.97,27.09,19.63,16.41,,,,2026-06-30,APMI monthly report Jun 2026,,pmsStrategy-asit-c-mehta-investment-interrmediates-ltd-ace-multi-asset-portfolio
Ace Multicap,Asit C. Mehta Investment Interrmediates Ltd.,,116.96,50,,4.11,15.08,-1.02,2.88,0.37,25.79,31.58,23.04,18.64,,,,2026-06-30,APMI monthly report Jun 2026,,pmsStrategy-asit-c-mehta-investment-interrmediates-ltd-ace-multicap
Ace Opportunity,Asit C. Mehta Investment Interrmediates Ltd.,Hybrid,1.37,50,,-0.82,10.89,-3.95,-0.88,0.33,6.6,,,9.15,,,,2026-06-30,APMI monthly report Jun 2026,,pmsStrategy-asit-c-mehta-investment-interrmediates-ltd-ace-opportunity
Ace Ten Trillion Opportunities,Asit C. Mehta Investment Interrmediates Ltd.,,10.82,50,,9.12,33.8,17.09,12.42,6.68,29.48,31.23,24.64,18.94,,,,2026-06-30,APMI monthly report Jun 2026,,pmsStrategy-asit-c-mehta-investment-interrmediates-ltd-ace-ten-trillion-opportunities
ASK Alchemist,Ask Wealth Advisors Private Limited,,85.58,50,,3.63,26.57,12.35,,,,,,8.8,,,,2026-06-30,APMI monthly report Jun 2026,,pmsStrategy-ask-wealth-advisors-private-limited-ask-alchemist
ASK Alchemist Plus,Ask Wealth Advisors Private Limited,,79.46,50,,4.25,22.45,5.31,,,,,,4.75,,,,2026-06-30,APMI monthly report Jun 2026,,pmsStrategy-ask-wealth-advisors-private-limited-ask-alchemist-plus
ASK Wealth - AI & Strategic Infrastructure Portfolio,Ask Wealth Advisors Private Limited,,24.7,50,,2.37,,,,,,,,7.91,,,,2026-06-30,APMI monthly report Jun 2026,,pmsStrategy-ask-wealth-advisors-private-limited-ask-wealth-ai-strategic-infrastructure-portfolio
ASK Wealth CICERO Smart Beta,Ask Wealth Advisors Private Limited,,24.99,50,,0.29,11.08,-2.81,-1.54,,,,,-1.33,,,,2026-06-30,APMI monthly report Jun 2026,,pmsStrategy-ask-wealth-advisors-private-limited-ask-wealth-cicero-smart-beta
ASK Wealth Core Aggressive,Ask Wealth Advisors Private Limited,Hybrid,26.92,50,,0.34,9.02,-0.77,3.71,4.89,11.94,13.97,,12.95,,,,2026-06-30,APMI monthly report Jun 2026,,pmsStrategy-ask-wealth-advisors-private-limited-ask-wealth-core-aggressive
ASK Wealth Core Balanced,Ask Wealth Advisors Private Limited,Hybrid,27.75,50,,-0.51,6.21,1.98,10.7,10.84,14.74,,,14.75,,,,2026-06-30,APMI monthly report Jun 2026,,pmsStrategy-ask-wealth-advisors-private-limited-ask-wealth-core-balanced
ASK Wealth Core Equity,Ask Wealth Advisors Private Limited,,55.64,50,,0.84,10.99,-1.88,0.03,2.18,,,,5.71,,,,2026-06-30,APMI monthly report Jun 2026,,pmsStrategy-ask-wealth-advisors-private-limited-ask-wealth-core-equity
ASK Wealth Harmony Aggressive,Ask Wealth Advisors Private Limited,Hybrid,85.02,50,,0.25,7.82,-0.71,6.25,6.92,14.41,14.91,,9.88,,,,2026-06-30,APMI monthly report Jun 2026,,pmsStrategy-ask-wealth-advisors-private-limited-ask-wealth-harmony-aggressive
ASK Wealth Harmony Balanced,Ask Wealth Advisors Private Limited,Hybrid,25.87,50,,-1.01,4.02,1.99,12.23,11.28,13.12,11.91,,8.79,,,,2026-06-30,APMI monthly report Jun 2026,,pmsStrategy-ask-wealth-advisors-private-limited-ask-wealth-harmony-balanced
ASK Wealth Liquid & Overnight Fund,Ask Wealth Advisors Private Limited,Hybrid,2.05,50,,,,,,,,,,0.13,,,,2026-06-30,APMI monthly report Jun 2026,,pmsStrategy-ask-wealth-advisors-private-limited-ask-wealth-liquid-overnight-fund
ASK Wealth Pro PMS (NDPMS),Ask Wealth Advisors Private Limited,Hybrid,4885.27,50,,0.97,6.95,1.81,6.3,7.01,10.58,10.72,8.39,8.15,,,,2026-06-30,APMI monthly report Jun 2026,,pmsStrategy-ask-wealth-advisors-private-limited-ask-wealth-pro-pms-ndpms
ASKWA Harmony Conservative,Ask Wealth Advisors Private Limited,Hybrid,0.7,50,,-0.04,2.8,2.99,11.02,10.67,11.37,10.56,7.86,7.69,,,,2026-06-30,APMI monthly report Jun 2026,,pmsStrategy-ask-wealth-advisors-private-limited-askwa-harmony-conservative
Customized Discretionary Solutions Multi Asset,Ask Wealth Advisors Private Limited,Hybrid,878.31,50,,1.72,4.98,,,,,,,-1.79,,,,2026-06-30,APMI monthly report Jun 2026,,pmsStrategy-ask-wealth-advisors-private-limited-customized-discretionary-solutions-multi-asset
Harmony Income Opportunities Discretionary Debt PMS,Ask Wealth Advisors Private Limited,Hybrid,23.08,50,,1.29,3.2,4.79,10,10.23,9.79,8.86,,8.86,,,,2026-06-30,APMI monthly report Jun 2026,,pmsStrategy-ask-wealth-advisors-private-limited-harmony-income-opportunities-discretionary-debt-pms
Harmony Treasury Advantage PMS,Ask Wealth Advisors Private Limited,Hybrid,52.74,50,,3.85,6.25,2.7,3.12,,,,,3.5,,,,2026-06-30,APMI monthly report Jun 2026,,pmsStrategy-ask-wealth-advisors-private-limited-harmony-treasury-advantage-pms
ASTEYA LARGE & MID CAP FUND - DPMS,Asteya Investment Managers Llp,,50.54,50,,1.21,,,,,,,,5.31,,,,2026-06-30,APMI monthly report Jun 2026,,pmsStrategy-asteya-investment-managers-llp-asteya-large-mid-cap-fund-dpms
ASTEYA LIQUID STP - DPMS,Asteya Investment Managers Llp,Hybrid,0.16,50,,-1.13,,,,,,,,-0.77,,,,2026-06-30,APMI monthly report Jun 2026,,pmsStrategy-asteya-investment-managers-llp-asteya-liquid-stp-dpms
ASTEYA SMALL & MICRO CAP FUND - DPMS,Asteya Investment Managers Llp,,17.67,50,,5.67,,,,,,,,13.1,,,,2026-06-30,APMI monthly report Jun 2026,,pmsStrategy-asteya-investment-managers-llp-asteya-small-micro-cap-fund-dpms
NDPMS,Asteya Investment Managers Llp,,1.01,50,,,,,,,,,,1.09,,,,2026-06-30,APMI monthly report Jun 2026,,pmsStrategy-asteya-investment-managers-llp-ndpms
EQUITY DEBT HYBRID,Atlas Integrated Finance Ltd,Hybrid,45.13,50,,1.78,11.2,-5.47,-8.86,-0.74,15.17,17.53,14.43,23.39,,,,2026-06-30,APMI monthly report Jun 2026,,pmsStrategy-atlas-integrated-finance-ltd-equity-debt-hybrid
MIDCAP,Atlas Integrated Finance Ltd,,3.57,50,,-0.93,18.31,-1.71,-9.02,0.14,13.06,10.06,6.95,7.23,,,,2026-06-30,APMI monthly report Jun 2026,,pmsStrategy-atlas-integrated-finance-ltd-midcap
MOMENTUM 20 PMS,Atlas Integrated Finance Ltd,,6.54,50,,5.51,36.65,23.26,7.35,-4.55,,,,-1.31,,,,2026-06-30,APMI monthly report Jun 2026,,pmsStrategy-atlas-integrated-finance-ltd-momentum-20-pms
MULTICAP,Atlas Integrated Finance Ltd,,2.25,50,,-3.72,16.79,2.71,-1.59,4.2,9.79,8.63,,5.26,,,,2026-06-30,APMI monthly report Jun 2026,,pmsStrategy-atlas-integrated-finance-ltd-multicap
Multicap PMS Series/1/2025,Atlas Integrated Finance Ltd,,12.3,50,,-4.41,11.37,-1.25,,,,,,2.17,,,,2026-06-30,APMI monthly report Jun 2026,,pmsStrategy-atlas-integrated-finance-ltd-multicap-pms-series-1-2025
NDPMS,Atlas Integrated Finance Ltd,,1.38,50,,0.56,19.65,5.39,9.71,8.42,16.91,16.88,,14.89,,,,2026-06-30,APMI monthly report Jun 2026,,pmsStrategy-atlas-integrated-finance-ltd-ndpms
Avendus Margin Of Safety,Avendus Investment Managers Private Limited,,315.07,50,,0.08,8.5,-5.68,-9.04,,,,,-3.19,,,,2026-06-30,APMI monthly report Jun 2026,,pmsStrategy-avendus-investment-managers-private-limited-avendus-margin-of-safety
Avendus Olivo Core Equity Portfolio,Avendus Investment Managers Private Limited,,255.5,50,,0.55,9.66,-4.37,-7.47,-2.97,10.86,16.74,10.49,14.74,,,,2026-06-30,APMI monthly report Jun 2026,,pmsStrategy-avendus-investment-managers-private-limited-avendus-olivo-core-equity-portfolio
Avendus Olivo Liquid Portfolio,Avendus Investment Managers Private Limited,Hybrid,,50,,0,0,0,1.03,3.91,0,,,4.87,,,,2026-06-30,APMI monthly report Jun 2026,,pmsStrategy-avendus-investment-managers-private-limited-avendus-olivo-liquid-portfolio
Debt Conservative,Avendus Wealth Management Private Limited,Hybrid,,50,,0,0,0,2.12,5.87,6.43,6.38,6.68,5.65,,,,2026-06-30,APMI monthly report Jun 2026,,pmsStrategy-avendus-wealth-management-private-limited-debt-conservative
Debt Moderate,Avendus Wealth Management Private Limited,Hybrid,,50,,0,0,0,0,0,0,,,0,,,,2026-06-30,APMI monthly report Jun 2026,,pmsStrategy-avendus-wealth-management-private-limited-debt-moderate
Debt NEXT,Avendus Wealth Management Private Limited,Hybrid,4756.63,50,,0.99,2.13,1.29,4.35,6.27,6.6,6.73,5.97,-3.09,,,,2026-06-30,APMI monthly report Jun 2026,,pmsStrategy-avendus-wealth-management-private-limited-debt-next
Equity NEXT,Avendus Wealth Management Private Limited,,335.82,50,,5.06,20.5,7.51,-0.36,-9.1,9.1,15.8,21.37,20.03,,,,2026-06-30,APMI monthly report Jun 2026,,pmsStrategy-avendus-wealth-management-private-limited-equity-next
HALO - NDPMS,Avendus Wealth Management Private Limited,,721.1,50,,3.47,16.11,3.21,4.41,6.55,13.94,15.96,15.06,9.38,,,,2026-06-30,APMI monthly report Jun 2026,,pmsStrategy-avendus-wealth-management-private-limited-halo-ndpms
HALO AI NDPMS,Avendus Wealth Management Private Limited,,5.44,50,,3.53,,,,,,,,3.32,,,,2026-06-30,APMI monthly report Jun 2026,,pmsStrategy-avendus-wealth-management-private-limited-halo-ai-ndpms
HALO DPMS,Avendus Wealth Management Private Limited,,85.13,50,,1.91,13.5,-1.58,,,,,,1.21,,,,2026-06-30,APMI monthly report Jun 2026,,pmsStrategy-avendus-wealth-management-private-limited-halo-dpms
Hybrid Balanced,Avendus Wealth Management Private Limited,Hybrid,,50,,0,0,0,256.49,97.22,63.33,49.36,38.45,10.5,,,,2026-06-30,APMI monthly report Jun 2026,,pmsStrategy-avendus-wealth-management-private-limited-hybrid-balanced
Hybrid Conservative,Avendus Wealth Management Private Limited,Hybrid,,50,,0,0,0,0,0,2.3,-2.08,-0.61,5.67,,,,2026-06-30,APMI monthly report Jun 2026,,pmsStrategy-avendus-wealth-management-private-limited-hybrid-conservative
Hybrid Growth,Avendus Wealth Management Private Limited,Hybrid,2.15,50,,0.84,0.98,-5.33,-2.3,-11.34,-12.13,-5.54,-2.25,-212.55,,,,2026-06-30,APMI monthly report Jun 2026,,pmsStrategy-avendus-wealth-management-private-limited-hybrid-growth
Hybrid Moderate,Avendus Wealth Management Private Limited,Hybrid,,50,,0,0,0,19.39,11.95,6.55,6.98,1.62,5.85,,,,2026-06-30,APMI monthly report Jun 2026,,pmsStrategy-avendus-wealth-management-private-limited-hybrid-moderate
Hybrid NEXT,Avendus Wealth Management Private Limited,Hybrid,2412.33,50,,1.23,4.89,0.12,3.32,4.68,6.66,8.14,8.24,18.64,,,,2026-06-30,APMI monthly report Jun 2026,,pmsStrategy-avendus-wealth-management-private-limited-hybrid-next
Multi Asset Balanced,Avendus Wealth Management Private Limited,Hybrid,,50,,0,0,-6.93,0.16,4.27,2.8,2.47,4.66,18.89,,,,2026-06-30,APMI monthly report Jun 2026,,pmsStrategy-avendus-wealth-management-private-limited-multi-asset-balanced
Multi Asset Conservative,Avendus Wealth Management Private Limited,Hybrid,,50,,0,0,0,0,0.5,207.21,135.9,109.47,34.15,,,,2026-06-30,APMI monthly report Jun 2026,,pmsStrategy-avendus-wealth-management-private-limited-multi-asset-conservative
Multi Asset Growth,Avendus Wealth Management Private Limited,Hybrid,48.13,50,,1.6,1.62,1.62,1.62,128.96,53.71,39.82,45.73,27.69,,,,2026-06-30,APMI monthly report Jun 2026,,pmsStrategy-avendus-wealth-management-private-limited-multi-asset-growth
Multi Asset Moderate,Avendus Wealth Management Private Limited,Hybrid,,50,,0,0,0,0,4.56,6.32,8.55,7.56,8.2,,,,2026-06-30,APMI monthly report Jun 2026,,pmsStrategy-avendus-wealth-management-private-limited-multi-asset-moderate
Multi Asset NEXT,Avendus Wealth Management Private Limited,Hybrid,11422.91,50,,0.74,4.57,2.37,9.29,9.6,9.78,9.62,8.89,5.58,,,,2026-06-30,APMI monthly report Jun 2026,,pmsStrategy-avendus-wealth-management-private-limited-multi-asset-next
Multi-Asset Plus,Avendus Wealth Management Private Limited,Hybrid,1645.55,50,,1.31,7.2,0.61,5.54,7.08,10.42,11.56,10.42,12.45,,,,2026-06-30,APMI monthly report Jun 2026,,pmsStrategy-avendus-wealth-management-private-limited-multi-asset-plus
NEXT AI,Avendus Wealth Management Private Limited,Hybrid,191.28,50,,1.11,4.4,0.24,0.82,,,,,6.28,,,,2026-06-30,APMI monthly report Jun 2026,,pmsStrategy-avendus-wealth-management-private-limited-next-ai
PRISM,Avendus Wealth Management Private Limited,Hybrid,22.5,50,,1.18,7.72,0.54,,,,,,1.28,,,,2026-06-30,APMI monthly report Jun 2026,,pmsStrategy-avendus-wealth-management-private-limited-prism
Avestha Growth,Avestha Fund Management Llp,,1498.2,50,,4.63,28.61,6.81,-2.76,7.4,15.29,20.66,19.27,16.35,,,,2026-06-30,APMI monthly report Jun 2026,,pmsStrategy-avestha-fund-management-llp-avestha-growth
AWRIGA CORE STRATEGY,Awriga Capital Advisors Llp,,592.74,50,,3.93,14.54,-6.74,-9.64,0.57,7.37,12.72,11.07,13.53,,,,2026-06-30,APMI monthly report Jun 2026,,pmsStrategy-awriga-capital-advisors-llp-awriga-core-strategy
AXIS Emerging Stars Portfolio,Axis Asset Management Company Limited,,111.02,50,,8.93,34.3,14.47,10.13,8.77,,,,8.04,,,,2026-06-30,APMI monthly report Jun 2026,,pmsStrategy-axis-asset-management-company-limited-axis-emerging-stars-portfolio
Axis Brand Equity Portfolio,Axis Asset Management Company Limited,,807.72,50,,5.63,21.84,2.39,-0.69,-1.97,8.16,13.27,9.35,10.33,,,,2026-06-30,APMI monthly report Jun 2026,,pmsStrategy-axis-asset-management-company-limited-axis-brand-equity-portfolio
Axis Core & Satellite Portfolio,Axis Asset Management Company Limited,,87.01,50,,5.47,24.58,6.66,6.35,0.06,8.89,14.61,10.48,11.83,,,,2026-06-30,APMI monthly report Jun 2026,,pmsStrategy-axis-asset-management-company-limited-axis-core-satellite-portfolio
Axis Customized Portfolio,Axis Asset Management Company Limited,,85.47,50,,0.9,18.84,1.42,,,,,,1.22,,,,2026-06-30,APMI monthly report Jun 2026,,pmsStrategy-axis-asset-management-company-limited-axis-customized-portfolio
Axis Fixed Income Portfolio,Axis Asset Management Company Limited,Hybrid,507.2,50,,1.4,2.38,3.55,7.66,,,,,8.48,,,,2026-06-30,APMI monthly report Jun 2026,,pmsStrategy-axis-asset-management-company-limited-axis-fixed-income-portfolio
Axis Hybrid Portfolio,Axis Asset Management Company Limited,Hybrid,9884.21,50,,0.61,1.83,3.7,,,,,,5.32,,,,2026-06-30,APMI monthly report Jun 2026,,pmsStrategy-axis-asset-management-company-limited-axis-hybrid-portfolio
Axis Liquid Portfolio,Axis Asset Management Company Limited,Hybrid,3.12,50,,0.65,1.82,3.29,6.14,6.67,6.8,6.68,6.03,3.8,,,,2026-06-30,APMI monthly report Jun 2026,,pmsStrategy-axis-asset-management-company-limited-axis-liquid-portfolio
Axis Pure Contra Portfolio,Axis Asset Management Company Limited,,38.31,50,,1.22,16.81,-0.41,,,,,,0.24,,,,2026-06-30,APMI monthly report Jun 2026,,pmsStrategy-axis-asset-management-company-limited-axis-pure-contra-portfolio
AXIS SECURITIES ALPHASENSE AI,Axis Securities Ltd,,3.74,50,,0.11,6.87,-3.92,-6.84,-8.05,,,,4.5,,,,2026-06-30,APMI monthly report Jun 2026,,pmsStrategy-axis-securities-ltd-axis-securities-alphasense-ai
AXIS SECURITIES CONTRARIAN,Axis Securities Ltd,,9.59,50,,1.54,15,-0.89,-5.91,-3.25,18.7,21.25,14.86,18.01,,,,2026-06-30,APMI monthly report Jun 2026,,pmsStrategy-axis-securities-ltd-axis-securities-contrarian
AXIS SECURITIES CUSTOMISED,Axis Securities Ltd,,519.64,50,,1.94,20.41,5.83,1.98,2.26,16.88,18.76,14.85,15.98,,,,2026-06-30,APMI monthly report Jun 2026,,pmsStrategy-axis-securities-ltd-axis-securities-customised
AXIS SECURITIES ETHICAL,Axis Securities Ltd,,16,50,,3.86,15.17,1.03,-7.36,-4.8,13.04,,,10.65,,,,2026-06-30,APMI monthly report Jun 2026,,pmsStrategy-axis-securities-ltd-axis-securities-ethical
AXIS SECURITIES GROWAN,Axis Securities Ltd,,10.09,50,,3.13,17.88,3.15,1.23,5.07,14.3,18.06,15.24,15.18,,,,2026-06-30,APMI monthly report Jun 2026,,pmsStrategy-axis-securities-ltd-axis-securities-growan
AXIS SECURITIES KAIZEN,Axis Securities Ltd,,534.79,50,,7.25,28.28,28.21,21.99,12.86,24.88,,,25.02,,,,2026-06-30,APMI monthly report Jun 2026,,pmsStrategy-axis-securities-ltd-axis-securities-kaizen
AXIS SECURITIES MF MAXIMIZER EQUITY,Axis Securities Ltd,,,50,,0,0,0,0,0,-51.92,-39.47,,-34.42,,,,2026-06-30,APMI monthly report Jun 2026,,pmsStrategy-axis-securities-ltd-axis-securities-mf-maximizer-equity
AXIS SECURITIES PURE CONTRA,Axis Securities Ltd,,1561.08,50,,1.54,15.91,-0.99,-6.15,-3.03,15.46,19.87,16.39,19.38,,,,2026-06-30,APMI monthly report Jun 2026,,pmsStrategy-axis-securities-ltd-axis-securities-pure-contra
AXIS SECURITIES PURE GROWTH,Axis Securities Ltd,,805.01,50,,3.18,17.25,4.59,3.21,5.84,15.52,19.22,16.84,17.16,,,,2026-06-30,APMI monthly report Jun 2026,,pmsStrategy-axis-securities-ltd-axis-securities-pure-growth
AXIS SECURITIES PURE LIQUID C,Axis Securities Ltd,,,50,,0.72,1.9,3.37,5.93,6.49,,,,6.51,,,,2026-06-30,APMI monthly report Jun 2026,,pmsStrategy-axis-securities-ltd-axis-securities-pure-liquid-c
AXIS SECURITIES PURE LIQUID G,Axis Securities Ltd,,,50,,0.51,1.68,3.24,6.09,6.48,,,,6.57,,,,2026-06-30,APMI monthly report Jun 2026,,pmsStrategy-axis-securities-ltd-axis-securities-pure-liquid-g
AXIS SECURITIES PURE LIQUID K,Axis Securities Ltd,,,50,,0,0.94,2.07,4.72,5.88,,,,5.82,,,,2026-06-30,APMI monthly report Jun 2026,,pmsStrategy-axis-securities-ltd-axis-securities-pure-liquid-k
AXIS SECURITIES RETIREMENT,Axis Securities Ltd,,2.29,50,,-0.04,3.76,-8.95,-8.97,-3.48,7.95,8.37,,6.54,,,,2026-06-30,APMI monthly report Jun 2026,,pmsStrategy-axis-securities-ltd-axis-securities-retirement
AXIS SECURITIES SELECT NIFTY 50,Axis Securities Ltd,,9.48,50,,3.54,9.94,-3.97,0.18,3.64,11.33,13.73,11.12,11.65,,,,2026-06-30,APMI monthly report Jun 2026,,pmsStrategy-axis-securities-ltd-axis-securities-select-nifty-50
Axis Securities Non Discretionary,Axis Securities Ltd,,350.03,50,,1.54,8.31,-0.1,1.92,2.08,14.02,15.91,11.55,-169.08,,,,2026-06-30,APMI monthly report Jun 2026,,pmsStrategy-axis-securities-ltd-axis-securities-non-discretionary
Dynamic Opportunity,BLUE ASHVA INDIA LLP,,23.51,50,,0.27,,,,,,,,0.71,,,,2026-06-30,APMI monthly report Jun 2026,,pmsStrategy-blue-ashva-india-llp-dynamic-opportunity
BMC HIDDEN OPPORTUNITIES FUND,BMC Advisors Private Limited,,9.99,50,,-0.25,21.23,-13.17,-29.46,,,,,-26.73,,,,2026-06-30,APMI monthly report Jun 2026,,pmsStrategy-bmc-advisors-private-limited-bmc-hidden-opportunities-fund
BADJATE GROWTH FUND,Badjate Wealth Private Limited,,27.14,50,,-0.17,15.1,7.58,1.83,,,,,6.54,,,,2026-06-30,APMI monthly report Jun 2026,,pmsStrategy-badjate-wealth-private-limited-badjate-growth-fund
BADJATE MULTICAP FUND,Badjate Wealth Private Limited,,156.66,50,,3.89,23.33,7.59,-0.67,2.85,24.73,25.51,,18.92,,,,2026-06-30,APMI monthly report Jun 2026,,pmsStrategy-badjate-wealth-private-limited-badjate-multicap-fund
VEDARTHA CORE-ALPHA ACCRUAL STRATEGY,Bandhan AMC Limited,Hybrid,259.44,50,,1.13,2.64,4.05,,,,,,4.59,,,,2026-06-30,APMI monthly report Jun 2026,,pmsStrategy-bandhan-amc-limited-vedartha-core-alpha-accrual-strategy
Vedartha Money Market Edge Strategy,Bandhan AMC Limited,Hybrid,100.85,50,,0.85,0.86,2.14,,,,,,2.87,,,,2026-06-30,APMI monthly report Jun 2026,,pmsStrategy-bandhan-amc-limited-vedartha-money-market-edge-strategy
Vedartha Trust Investment Solution Strategy,Bandhan AMC Limited,Hybrid,1148.81,50,,0,0,0,,,,,,0,,,,2026-06-30,APMI monthly report Jun 2026,,pmsStrategy-bandhan-amc-limited-vedartha-trust-investment-solution-strategy
Banyan Edhas Portfolio,Banyan Capital Advisors Llp,,49.06,50,,3.87,21.57,8.51,11.78,10.59,18.27,,,18.52,,,,2026-06-30,APMI monthly report Jun 2026,,pmsStrategy-banyan-capital-advisors-llp-banyan-edhas-portfolio
Banyan India Portfolio,Banyan Capital Advisors Llp,,463.75,50,,8.51,31.03,6.94,2.76,9.24,20.89,25.89,22.85,18.17,,,,2026-06-30,APMI monthly report Jun 2026,,pmsStrategy-banyan-capital-advisors-llp-banyan-india-portfolio
Banyan Leaders Portfolio,Banyan Capital Advisors Llp,,,50,,0,14.98,-3.76,3.57,6.48,,,,10.58,,,,2026-06-30,APMI monthly report Jun 2026,,pmsStrategy-banyan-capital-advisors-llp-banyan-leaders-portfolio
Banyan Yield Plus,Banyan Capital Advisors Llp,,104.31,50,,1.36,24.56,-2.96,-5.77,2.72,16.8,21.66,16.94,19.84,,,,2026-06-30,APMI monthly report Jun 2026,,pmsStrategy-banyan-capital-advisors-llp-banyan-yield-plus
Growth at Reasonable Price,Banyan Tree Advisors Pvt Ltd,,5315.66,50,,2.45,11.14,-9.08,-10.14,1.04,7.77,11.7,8.98,14.42,,,,2026-06-30,APMI monthly report Jun 2026,,pmsStrategy-banyan-tree-advisors-pvt-ltd-growth-at-reasonable-price
Aggressive,Barclays Securities (India) Private Limited,Hybrid,121.3,50,,0.4,9.12,-2.04,4.35,6.75,12.62,,,13.27,,,,2026-06-30,APMI monthly report Jun 2026,,pmsStrategy-barclays-securities-india-private-limited-aggressive
Agressive,Barclays Securities (India) Private Limited,Hybrid,1193.01,50,,1.6,5.74,1.56,5.14,5.03,,,,7.45,,,,2026-06-30,APMI monthly report Jun 2026,,pmsStrategy-barclays-securities-india-private-limited-agressive
Balanced,Barclays Securities (India) Private Limited,Hybrid,,50,,0,0,0,0,0,0,,,0,,,,2026-06-30,APMI monthly report Jun 2026,,pmsStrategy-barclays-securities-india-private-limited-balanced
Barclays Discretionary Dynamic Fixed Income,Barclays Securities (India) Private Limited,Hybrid,67.91,50,,1.68,2.83,4.56,8.86,8.93,8.38,7.6,7.48,11.61,,,,2026-06-30,APMI monthly report Jun 2026,,pmsStrategy-barclays-securities-india-private-limited-barclays-discretionary-dynamic-fixed-income
Barclays Discretionary Multi Asset Class Moderately Aggressive,Barclays Securities (India) Private Limited,Hybrid,79.78,50,,0.86,8.04,-0.34,6.36,8.78,,,,10.39,,,,2026-06-30,APMI monthly report Jun 2026,,pmsStrategy-barclays-securities-india-private-limited-barclays-discretionary-multi-asset-class-moderately-ag
Barclays Discretionary Short Duration,Barclays Securities (India) Private Limited,Hybrid,,50,,0,0,0,0,0,0,0,0,0,,,,2026-06-30,APMI monthly report Jun 2026,,pmsStrategy-barclays-securities-india-private-limited-barclays-discretionary-short-duration
Barclays Discretionary Treasury Advantage,Barclays Securities (India) Private Limited,Hybrid,29.36,50,,0.63,1.74,3.14,5.99,6.42,6.49,6.35,,5.75,,,,2026-06-30,APMI monthly report Jun 2026,,pmsStrategy-barclays-securities-india-private-limited-barclays-discretionary-treasury-advantage
Barclays Non-Discretionary Dynamic Fixed Income,Barclays Securities (India) Private Limited,Hybrid,644.25,50,,1.98,3.25,3.44,5.75,7.59,7.39,7.37,6.35,5.77,,,,2026-06-30,APMI monthly report Jun 2026,,pmsStrategy-barclays-securities-india-private-limited-barclays-non-discretionary-dynamic-fixed-income
Barclays Non-Discretionary Short Duration,Barclays Securities (India) Private Limited,Hybrid,92.51,50,,1.18,2.29,3.56,7.32,8.14,7.84,7.61,6.51,7.03,,,,2026-06-30,APMI monthly report Jun 2026,,pmsStrategy-barclays-securities-india-private-limited-barclays-non-discretionary-short-duration
Barclays Non-Discretionary Treasury Advantage,Barclays Securities (India) Private Limited,Hybrid,26.13,50,,1.46,2.23,3.99,7.95,3.11,2.32,,,2.29,,,,2026-06-30,APMI monthly report Jun 2026,,pmsStrategy-barclays-securities-india-private-limited-barclays-non-discretionary-treasury-advantage
Barclays Wealth Creator,Barclays Securities (India) Private Limited,,71.48,50,,1.09,12.85,-0.92,-6.31,-2.46,6.64,9.09,6.13,10.96,,,,2026-06-30,APMI monthly report Jun 2026,,pmsStrategy-barclays-securities-india-private-limited-barclays-wealth-creator
Barclays Wealth Dynamic Opportunities portfolio,Barclays Securities (India) Private Limited,,147.75,50,,1.26,14.26,-1.57,-7.89,-1.88,10.33,11.23,7.33,6.02,,,,2026-06-30,APMI monthly report Jun 2026,,pmsStrategy-barclays-securities-india-private-limited-barclays-wealth-dynamic-opportunities-portfolio
Barclays Wealth Equity NDPMS,Barclays Securities (India) Private Limited,,146.35,50,,3.6,12.24,-4.86,-3.33,0.89,11.43,11.56,7.94,7.58,,,,2026-06-30,APMI monthly report Jun 2026,,pmsStrategy-barclays-securities-india-private-limited-barclays-wealth-equity-ndpms
Bespoke,Barclays Securities (India) Private Limited,Hybrid,2203.12,50,,1.51,7.06,2.33,5.86,7.23,10.65,10.98,8.97,6.75,,,,2026-06-30,APMI monthly report Jun 2026,,pmsStrategy-barclays-securities-india-private-limited-bespoke
Discretionary MAC Balanced POOL,Barclays Securities (India) Private Limited,Hybrid,1.58,50,,0.76,5.75,0.26,,,,,,0.74,,,,2026-06-30,APMI monthly report Jun 2026,,pmsStrategy-barclays-securities-india-private-limited-discretionary-mac-balanced-pool
Discretionary MAC Moderately Conservative,Barclays Securities (India) Private Limited,Hybrid,33.83,50,,1.52,4.27,1.22,,,,,,0.96,,,,2026-06-30,APMI monthly report Jun 2026,,pmsStrategy-barclays-securities-india-private-limited-discretionary-mac-moderately-conservative
Moderately Aggressive,Barclays Securities (India) Private Limited,Hybrid,64.95,50,,2.61,10.21,-0.58,3.12,7.32,9.54,,,9.68,,,,2026-06-30,APMI monthly report Jun 2026,,pmsStrategy-barclays-securities-india-private-limited-moderately-aggressive
Moderately Conservative,Barclays Securities (India) Private Limited,Hybrid,513.08,50,,2.34,4.32,3,5.24,6.26,7.68,,,7.72,,,,2026-06-30,APMI monthly report Jun 2026,,pmsStrategy-barclays-securities-india-private-limited-moderately-conservative
Multi Asset Class Treasury,Barclays Securities (India) Private Limited,Hybrid,353.02,50,,1.28,2.17,3.22,6.36,7.1,7.07,,,6.66,,,,2026-06-30,APMI monthly report Jun 2026,,pmsStrategy-barclays-securities-india-private-limited-multi-asset-class-treasury
ND Multi Asset Class Balanced,Barclays Securities (India) Private Limited,Hybrid,204.38,50,,0.91,1.78,2.79,5.95,6.87,,,,4.41,,,,2026-06-30,APMI monthly report Jun 2026,,pmsStrategy-barclays-securities-india-private-limited-nd-multi-asset-class-balanced
ND Multi Asset Class Conservative,Barclays Securities (India) Private Limited,Hybrid,25.81,50,,0.81,1.57,3.02,5.92,5.31,,,,4.05,,,,2026-06-30,APMI monthly report Jun 2026,,pmsStrategy-barclays-securities-india-private-limited-nd-multi-asset-class-conservative
BM LEGACY BUILDERS,Basant Maheshwari Wealth Advisers Llp,,25.01,50,,3.3,15.08,-4.97,-9.16,,,,,-8.27,,,,2026-06-30,APMI monthly report Jun 2026,,pmsStrategy-basant-maheshwari-wealth-advisers-llp-bm-legacy-builders
BMW Multi Cap Fund,Basant Maheshwari Wealth Advisers Llp,,229.32,50,,2.79,17.04,-3.77,-10.78,-8.16,5.52,5.78,0.94,11.39,,,,2026-06-30,APMI monthly report Jun 2026,,pmsStrategy-basant-maheshwari-wealth-advisers-llp-bmw-multi-cap-fund
Bay Capital Customized Concentrated Portfolio,Bay Capital Investment Advisors Pvt. Ltd.,,19.32,50,,6.38,20.01,-2.65,-1.83,,,,,3.57,,,,2026-06-30,APMI monthly report Jun 2026,,pmsStrategy-bay-capital-investment-advisors-pvt-ltd-bay-capital-customized-concentrated-portfolio
Bay Capital India First Portfolio,Bay Capital Investment Advisors Pvt. Ltd.,,5.4,50,,4.96,13.24,-2.17,1.01,8.48,15.55,,,18.71,,,,2026-06-30,APMI monthly report Jun 2026,,pmsStrategy-bay-capital-investment-advisors-pvt-ltd-bay-capital-india-first-portfolio
Bay Capital PBH,Bay Capital Investment Advisors Pvt. Ltd.,,83.83,50,,-0.35,-0.34,-0.67,,,,,,-1.02,,,,2026-06-30,APMI monthly report Jun 2026,,pmsStrategy-bay-capital-investment-advisors-pvt-ltd-bay-capital-pbh
Bay India Opportunities Portfolio,Bay Capital Investment Advisors Pvt. Ltd.,,79.75,50,,3.75,15.26,-8.21,-9.61,-1.47,6.18,,,10.74,,,,2026-06-30,APMI monthly report Jun 2026,,pmsStrategy-bay-capital-investment-advisors-pvt-ltd-bay-india-opportunities-portfolio
STRUCTERED PRODUCT SERIES VIII,Bay Capital Investment Advisors Pvt. Ltd.,,1.87,50,,0,0,0,0.55,0.28,0.82,0.61,0.49,0.08,,,,2026-06-30,APMI monthly report Jun 2026,,pmsStrategy-bay-capital-investment-advisors-pvt-ltd-structered-product-series-viii
STRUCTURED PRODUCT SERIES I,Bay Capital Investment Advisors Pvt. Ltd.,,0.01,50,,0.61,0.61,1.22,2.47,2.68,2.77,2.82,-109.76,-150.23,,,,2026-06-30,APMI monthly report Jun 2026,,pmsStrategy-bay-capital-investment-advisors-pvt-ltd-structured-product-series-i
STRUCTURED PRODUCT SERIES IX,Bay Capital Investment Advisors Pvt. Ltd.,,1.32,50,,-0.51,-0.51,-1.02,-2.05,-2.05,-2.05,-2.05,-2.04,-1.59,,,,2026-06-30,APMI monthly report Jun 2026,,pmsStrategy-bay-capital-investment-advisors-pvt-ltd-structured-product-series-ix
BELLWETHER LONG TERM GROWTH,Bellwether Capital Private Limited,,2629.87,50,,1.94,14.47,-0.81,-10.01,-2.89,11.06,17.66,13.04,21.69,,,,2026-06-30,APMI monthly report Jun 2026,,pmsStrategy-bellwether-capital-private-limited-bellwether-long-term-growth
BELLWETHER LONG TERM GROWTH 2,Bellwether Capital Private Limited,,266.26,50,,5.2,16.9,1.96,-8.79,,,,,1.29,,,,2026-06-30,APMI monthly report Jun 2026,,pmsStrategy-bellwether-capital-private-limited-bellwether-long-term-growth-2
BEA India Growth Fund,Bhana Equity Advisors Llp,,502.51,50,,4.15,28.1,4.13,-9.73,3.73,21.57,25.36,24.24,28.09,,,,2026-06-30,APMI monthly report Jun 2026,,pmsStrategy-bhana-equity-advisors-llp-bea-india-growth-fund
BEA SPECIALIZED PORTFOLIO,Bhana Equity Advisors Llp,,545.33,50,,3.72,27.13,5.92,-11.7,2.74,19.89,23.32,21.32,24.95,,,,2026-06-30,APMI monthly report Jun 2026,,pmsStrategy-bhana-equity-advisors-llp-bea-specialized-portfolio
BB All-Seasons,Bharat Bhushan Equity Traders Limited,,88.23,50,,2.32,21.03,8.41,11.72,,,,,15.21,,,,2026-06-30,APMI monthly report Jun 2026,,pmsStrategy-bharat-bhushan-equity-traders-limited-bb-all-seasons
BB Bluechip,Bharat Bhushan Equity Traders Limited,,12.06,50,,4.47,24.09,11.05,11.07,,,,,28.25,,,,2026-06-30,APMI monthly report Jun 2026,,pmsStrategy-bharat-bhushan-equity-traders-limited-bb-bluechip
BB Curated Care,Bharat Bhushan Equity Traders Limited,,0.56,50,,1.48,10.03,-0.39,3,,,,,6.53,,,,2026-06-30,APMI monthly report Jun 2026,,pmsStrategy-bharat-bhushan-equity-traders-limited-bb-curated-care
BB Micro-Mega,Bharat Bhushan Equity Traders Limited,,74.1,50,,2.53,25.35,14.56,18.15,,,,,23.36,,,,2026-06-30,APMI monthly report Jun 2026,,pmsStrategy-bharat-bhushan-equity-traders-limited-bb-micro-mega
BB Money Plant,Bharat Bhushan Equity Traders Limited,,17.9,50,,4.34,30.4,21.65,27.74,,,,,37.19,,,,2026-06-30,APMI monthly report Jun 2026,,pmsStrategy-bharat-bhushan-equity-traders-limited-bb-money-plant
BONANZA AEGIS,Bonanza Portfolio Limited,,104.82,50,,0.95,19.2,17.33,9.28,4.85,20.86,23.91,,22.44,,,,2026-06-30,APMI monthly report Jun 2026,,pmsStrategy-bonanza-portfolio-limited-bonanza-aegis
BONANZA EDGE,Bonanza Portfolio Limited,,97.84,50,,3.75,25.6,9.37,-0.12,-0.83,19.36,22.78,21.44,18.91,,,,2026-06-30,APMI monthly report Jun 2026,,pmsStrategy-bonanza-portfolio-limited-bonanza-edge
BONANZA FACTORX,Bonanza Portfolio Limited,Hybrid,2.28,50,,-5.52,-1.07,,,,,,,-11.11,,,,2026-06-30,APMI monthly report Jun 2026,,pmsStrategy-bonanza-portfolio-limited-bonanza-factorx
BONANZA GROWTH,Bonanza Portfolio Limited,,24.69,50,,-1.88,9.7,0.46,-0.33,1.26,9.8,14.55,10.18,16.33,,,,2026-06-30,APMI monthly report Jun 2026,,pmsStrategy-bonanza-portfolio-limited-bonanza-growth
BONANZA MULTICAP,Bonanza Portfolio Limited,,8.16,50,,3.15,23.99,7.3,-0.41,0.63,19.52,25.06,16.79,20.33,,,,2026-06-30,APMI monthly report Jun 2026,,pmsStrategy-bonanza-portfolio-limited-bonanza-multicap
BONANZA PLATINUM ALPHA FUND,Bonanza Portfolio Limited,,31.23,50,,-5.65,6.62,-3.45,-3.53,,,,,11.46,,,,2026-06-30,APMI monthly report Jun 2026,,pmsStrategy-bonanza-portfolio-limited-bonanza-platinum-alpha-fund
BONANZA PRUDENTIA,Bonanza Portfolio Limited,Hybrid,5.13,50,,1.75,4.85,3.58,5.44,,,,,6.1,,,,2026-06-30,APMI monthly report Jun 2026,,pmsStrategy-bonanza-portfolio-limited-bonanza-prudentia
BONANZA PULSE SECTOR FUND,Bonanza Portfolio Limited,,9.78,50,,0.19,1.93,-2.9,-2.53,,,,,4.29,,,,2026-06-30,APMI monthly report Jun 2026,,pmsStrategy-bonanza-portfolio-limited-bonanza-pulse-sector-fund
BONANZA SPOP,Bonanza Portfolio Limited,,30.88,50,,1.81,14.17,-0.22,-1.25,1.3,13.8,,,16.2,,,,2026-06-30,APMI monthly report Jun 2026,,pmsStrategy-bonanza-portfolio-limited-bonanza-spop
BONANZA VALUE,Bonanza Portfolio Limited,,31.26,50,,1.05,16.7,13.37,4.35,-3.14,17.32,20.04,12.96,18.65,,,,2026-06-30,APMI monthly report Jun 2026,,pmsStrategy-bonanza-portfolio-limited-bonanza-value
Bonanza OPTIMA Strategy,Bonanza Portfolio Limited,,23.03,50,,1.38,10.95,2.09,4.78,3.71,,,,3.71,,,,2026-06-30,APMI monthly report Jun 2026,,pmsStrategy-bonanza-portfolio-limited-bonanza-optima-strategy
Bonanza Prima Fund-Aggressive,Bonanza Portfolio Limited,,51.19,50,,2.16,12.59,5.11,6.37,5.05,,,,11.68,,,,2026-06-30,APMI monthly report Jun 2026,,pmsStrategy-bonanza-portfolio-limited-bonanza-prima-fund-aggressive
Bonanza Prima Fund-Conservative,Bonanza Portfolio Limited,,1.2,50,,0.9,5.73,-0.17,3.44,3.44,,,,7.3,,,,2026-06-30,APMI monthly report Jun 2026,,pmsStrategy-bonanza-portfolio-limited-bonanza-prima-fund-conservative
Bonanza Prima Fund-Moderate,Bonanza Portfolio Limited,,,50,,0,0,0,0,0,,,,0,,,,2026-06-30,APMI monthly report Jun 2026,,pmsStrategy-bonanza-portfolio-limited-bonanza-prima-fund-moderate
BRAINPOINT Future Winners,Brainpoint Investment Centre Pvt Ltd,,7204.89,50,,4.21,23.34,7.49,5.67,4.84,19.01,21.05,,16.58,,,,2026-06-30,APMI monthly report Jun 2026,,pmsStrategy-brainpoint-investment-centre-pvt-ltd-brainpoint-future-winners
Xylem Maverick Strategy,Brightseeds Advisors LLP,,67.06,50,,8.55,49.31,26.03,15.29,,,,,16.87,,,,2026-06-30,APMI monthly report Jun 2026,,pmsStrategy-brightseeds-advisors-llp-xylem-maverick-strategy
Beta,Buglerock Capital Private Limited,Hybrid,1925.84,50,,1.57,5.5,-3.71,-0.79,2.97,8.31,9.76,7.83,7.72,,,,2026-06-30,APMI monthly report Jun 2026,,pmsStrategy-buglerock-capital-private-limited-beta
Core Value Concentrated,Buglerock Capital Private Limited,,149.25,50,,4.28,13.87,-4.86,-4.73,2.52,10.43,15.16,11.69,13.19,,,,2026-06-30,APMI monthly report Jun 2026,,pmsStrategy-buglerock-capital-private-limited-core-value-concentrated
Core Value Regular,Buglerock Capital Private Limited,,1136.22,50,,2.29,13.78,-5.12,-5.01,0.13,11.86,16.38,12.99,14.54,,,,2026-06-30,APMI monthly report Jun 2026,,pmsStrategy-buglerock-capital-private-limited-core-value-regular
Growth Opportunities Portfolio,Buglerock Capital Private Limited,,2.61,50,,1.27,13.04,1.47,-1.74,-4.03,7.47,,,8.44,,,,2026-06-30,APMI monthly report Jun 2026,,pmsStrategy-buglerock-capital-private-limited-growth-opportunities-portfolio
INCA,Buglerock Capital Private Limited,,24.46,50,,-1.55,10.21,-6.61,-9.25,-0.15,,,,13.28,,,,2026-06-30,APMI monthly report Jun 2026,,pmsStrategy-buglerock-capital-private-limited-inca
Liquid STP,Buglerock Capital Private Limited,Hybrid,1.8,50,,0.4,1.16,2.42,4.46,3.91,3.6,,,3.47,,,,2026-06-30,APMI monthly report Jun 2026,,pmsStrategy-buglerock-capital-private-limited-liquid-stp
Multi-Asset Allocation,Buglerock Capital Private Limited,Hybrid,1634.92,50,,0.69,4.82,1,5.15,6.48,10.46,,,8.99,,,,2026-06-30,APMI monthly report Jun 2026,,pmsStrategy-buglerock-capital-private-limited-multi-asset-allocation
Special Situations Portfolio,Buglerock Capital Private Limited,,79.59,50,,3.93,22.05,7.12,1.66,0.99,18.89,,,25.94,,,,2026-06-30,APMI monthly report Jun 2026,,pmsStrategy-buglerock-capital-private-limited-special-situations-portfolio
Buoyant All Weather PMS,Buoyant Capital Private Limited,Hybrid,,50,,0,0,-0.94,9.86,9.67,9.55,9.57,,8.64,,,,2026-06-30,APMI monthly report Jun 2026,,pmsStrategy-buoyant-capital-private-limited-buoyant-all-weather-pms
Buoyant Liquid PMS,Buoyant Capital Private Limited,Hybrid,256.23,50,,0.3,0.94,1.86,4.01,4.69,4.91,,,4.53,,,,2026-06-30,APMI monthly report Jun 2026,,pmsStrategy-buoyant-capital-private-limited-buoyant-liquid-pms
Buoyant Opportunities NDPMS,Buoyant Capital Private Limited,,66.33,50,,4.67,14.94,0.93,-2.25,8.21,14.53,17.67,14,17.42,,,,2026-06-30,APMI monthly report Jun 2026,,pmsStrategy-buoyant-capital-private-limited-buoyant-opportunities-ndpms
Buoyant Opportunities PMS,Buoyant Capital Private Limited,Multicap,11548.39,50,,2.48,11.72,-0.1,5.08,9.72,17.97,23.51,20.2,20.75,,,,2026-06-30,APMI monthly report Jun 2026,,pmsStrategy-buoyant-capital-private-limited-buoyant-opportunities-pms
Unicorn Portfolio,Burman Capital Management Private Limited,,473.3,50,,4.78,19.53,-1.42,-16.83,0.29,7.6,16.85,19.86,21.45,,,,2026-06-30,APMI monthly report Jun 2026,,pmsStrategy-burman-capital-management-private-limited-unicorn-portfolio
Capital 8 Infinity Fund,CAPITAL 8 LLP,,169.72,50,,-6.85,13.21,18.86,18.91,9.34,,,,25.06,,,,2026-06-30,APMI monthly report Jun 2026,,pmsStrategy-capital-8-llp-capital-8-infinity-fund
Clearview Long Term Partners Fund,CLEARVIEW CAPITAL ADVISORS PRIVATE LIMITED,,46.97,50,,8.48,30.06,16.01,11.58,,,,,16.03,,,,2026-06-30,APMI monthly report Jun 2026,,pmsStrategy-clearview-capital-advisors-private-limited-clearview-long-term-partners-fund
Clockvine Growth Fund,CLOCKVINE CAPITAL ADVISORS PRIVATE LIMITED,,97.21,50,,11.41,33.15,15.43,19.71,13.21,,,,17.43,,,,2026-06-30,APMI monthly report Jun 2026,,pmsStrategy-clockvine-capital-advisors-private-limited-clockvine-growth-fund
DIVERSIFIED LONG TERM VALUE,COUNTER CYCLICAL INVESTMENTS PRIVATE LIMITED,,971.67,50,,3.65,32.63,7.98,-2.88,5.82,21.68,27.61,30.95,44.75,,,,2026-06-30,APMI monthly report Jun 2026,,pmsStrategy-counter-cyclical-investments-private-limited-diversified-long-term-value
Crest Value Fund,CREST CAPITAL MANAGEMENT PRIVATE LIMITED,,18.7,50,,5.27,23.87,6.65,,,,,,3.93,,,,2026-06-30,APMI monthly report Jun 2026,,pmsStrategy-crest-capital-management-private-limited-crest-value-fund
Elevate,CUMULUS ADVISORY LLP,,118.5,50,,6.77,21.77,9.78,6.93,,,,,12.44,,,,2026-06-30,APMI monthly report Jun 2026,,pmsStrategy-cumulus-advisory-llp-elevate
GROWTH,Capgrow Capital Advisors Llp,,44.14,50,,3.3,17.12,-5.75,-9.42,-2.2,4.94,9.46,5.9,9.59,,,,2026-06-30,APMI monthly report Jun 2026,,pmsStrategy-capgrow-capital-advisors-llp-growth
NDPMS-1,Capgrow Capital Advisors Llp,,43.35,50,,6.14,75.11,67.16,61.04,68.51,,,,62.3,,,,2026-06-30,APMI monthly report Jun 2026,,pmsStrategy-capgrow-capital-advisors-llp-ndpms-1
SPECIAL SITUATION,Capgrow Capital Advisors Llp,,129.41,50,,4.34,23.73,4.6,-6.39,1.56,11.91,17.85,12.23,15.78,,,,2026-06-30,APMI monthly report Jun 2026,,pmsStrategy-capgrow-capital-advisors-llp-special-situation
Adaptive Momentum,Capitalmind Financial Services Private Limited,,239.71,50,,1.39,15.23,1.43,-3.88,-8.87,10.76,12.42,8.61,17.31,,,,2026-06-30,APMI monthly report Jun 2026,,pmsStrategy-capitalmind-financial-services-private-limited-adaptive-momentum
All Weather Equity,Capitalmind Financial Services Private Limited,,289.74,50,,2.22,13.05,-0.33,0.85,3.73,15.11,,,16.54,,,,2026-06-30,APMI monthly report Jun 2026,,pmsStrategy-capitalmind-financial-services-private-limited-all-weather-equity
Altitude,Capitalmind Financial Services Private Limited,,32.51,50,,3.69,16.2,3.29,4.07,,,,,13.01,,,,2026-06-30,APMI monthly report Jun 2026,,pmsStrategy-capitalmind-financial-services-private-limited-altitude
Anchor,Capitalmind Financial Services Private Limited,Hybrid,9.21,50,,1.25,6.73,,,,,,,5.01,,,,2026-06-30,APMI monthly report Jun 2026,,pmsStrategy-capitalmind-financial-services-private-limited-anchor
Arbitrage,Capitalmind Financial Services Private Limited,,18.2,50,,0.96,1.43,3.08,6.21,6.61,,,,6.51,,,,2026-06-30,APMI monthly report Jun 2026,,pmsStrategy-capitalmind-financial-services-private-limited-arbitrage
CM Flexi Cap Strategy,Capitalmind Financial Services Private Limited,,197.13,50,,0.71,5.54,-2.46,,,,,,1.51,,,,2026-06-30,APMI monthly report Jun 2026,,pmsStrategy-capitalmind-financial-services-private-limited-cm-flexi-cap-strategy
CM SCHEMES NDPMS,Capitalmind Financial Services Private Limited,,0.01,50,,,,,,,,,,1.12,,,,2026-06-30,APMI monthly report Jun 2026,,pmsStrategy-capitalmind-financial-services-private-limited-cm-schemes-ndpms
Custom Portfolio 24,Capitalmind Financial Services Private Limited,,11.02,50,,2.71,13.59,-0.55,,,,,,0.55,,,,2026-06-30,APMI monthly report Jun 2026,,pmsStrategy-capitalmind-financial-services-private-limited-custom-portfolio-24
Custom Portfolio 25,Capitalmind Financial Services Private Limited,,1.84,50,,2.57,3.2,2.59,8.03,10.11,8.62,5.94,,5.91,,,,2026-06-30,APMI monthly report Jun 2026,,pmsStrategy-capitalmind-financial-services-private-limited-custom-portfolio-25
Custom Portfolio 7,Capitalmind Financial Services Private Limited,,0.41,50,,0,0,0,0,0,0,0,0,0,,,,2026-06-30,APMI monthly report Jun 2026,,pmsStrategy-capitalmind-financial-services-private-limited-custom-portfolio-7
Custom portfolio 19,Capitalmind Financial Services Private Limited,,21.81,50,,5.03,13.01,-3.77,-5.3,-0.03,6.13,11.58,,10.55,,,,2026-06-30,APMI monthly report Jun 2026,,pmsStrategy-capitalmind-financial-services-private-limited-custom-portfolio-19
Global,Capitalmind Financial Services Private Limited,,0.92,50,,-3.08,27.83,27.48,51.98,33.66,33.98,32.69,21.05,26.19,,,,2026-06-30,APMI monthly report Jun 2026,,pmsStrategy-capitalmind-financial-services-private-limited-global
India Indices,Capitalmind Financial Services Private Limited,,214.78,50,,0.91,13.31,-1.98,0.08,3.35,15.12,17.2,12.23,14.46,,,,2026-06-30,APMI monthly report Jun 2026,,pmsStrategy-capitalmind-financial-services-private-limited-india-indices
Short Term Debt,Capitalmind Financial Services Private Limited,Hybrid,7.89,50,,0.64,1.65,2.42,4.99,6.47,6.56,6.52,5.82,5.75,,,,2026-06-30,APMI monthly report Jun 2026,,pmsStrategy-capitalmind-financial-services-private-limited-short-term-debt
Strategic Debt (Long term),Capitalmind Financial Services Private Limited,Hybrid,47.71,50,,3.2,4.75,5.3,7.21,7.34,7.7,7.51,6.46,6.61,,,,2026-06-30,APMI monthly report Jun 2026,,pmsStrategy-capitalmind-financial-services-private-limited-strategic-debt-long-term
Surge India,Capitalmind Financial Services Private Limited,,671.22,50,,2.75,16.11,1.46,-5.5,0.78,19.48,19.4,17.32,11.39,,,,2026-06-30,APMI monthly report Jun 2026,,pmsStrategy-capitalmind-financial-services-private-limited-surge-india
Surge India-NRI,Capitalmind Financial Services Private Limited,,17.63,50,,4.71,13.7,-0.03,-6.9,,,,,3.13,,,,2026-06-30,APMI monthly report Jun 2026,,pmsStrategy-capitalmind-financial-services-private-limited-surge-india-nri
CAPSTOCKS-PMS,Capstocks And Securities India Private Limited,,77.75,50,,2.83,14,2.29,2.65,3.52,17.36,20.11,12.09,13.63,,,,2026-06-30,APMI monthly report Jun 2026,,pmsStrategy-capstocks-and-securities-india-private-limited-capstocks-pms
Care PMS Bespoke Approach,Care Portfolio Managers Private Limited,,9.54,50,,,,,,,,,,3.31,,,,2026-06-30,APMI monthly report Jun 2026,,pmsStrategy-care-portfolio-managers-private-limited-care-pms-bespoke-approach
Care PMS Growth Plus Value,Care Portfolio Managers Private Limited,,972.43,50,,4.51,22.06,8.81,2.86,1.67,19.66,18.61,16.04,20.32,,,,2026-06-30,APMI monthly report Jun 2026,,pmsStrategy-care-portfolio-managers-private-limited-care-pms-growth-plus-value
Care PMS Growth Plus Value - ND,Care Portfolio Managers Private Limited,,32.42,50,,3.61,21.29,7.09,1.33,0.34,16.52,15.58,13.51,20.97,,,,2026-06-30,APMI monthly report Jun 2026,,pmsStrategy-care-portfolio-managers-private-limited-care-pms-growth-plus-value-nd
Care PMS Large & Midcap,Care Portfolio Managers Private Limited,,53.67,50,,-1.56,10.94,-1.9,2.75,2.18,22.1,24.47,17.3,20.54,,,,2026-06-30,APMI monthly report Jun 2026,,pmsStrategy-care-portfolio-managers-private-limited-care-pms-large-midcap
Care PMS Large And Midcap - ND,Care Portfolio Managers Private Limited,,1.09,50,,0.05,11.53,-1.26,0.1,-1.08,18.41,19.44,14.58,18.43,,,,2026-06-30,APMI monthly report Jun 2026,,pmsStrategy-care-portfolio-managers-private-limited-care-pms-large-and-midcap-nd
CARNELIAN BESPOKE PORTFOLIO,Carnelian Asset Management & Advisors Pvt Ltd,,3644.98,50,,5.35,27.13,9.04,11.96,13.56,24.06,30.52,,26.47,,,,2026-06-30,APMI monthly report Jun 2026,,pmsStrategy-carnelian-asset-management-advisors-pvt-ltd-carnelian-bespoke-portfolio
CARNELIAN CAPITAL COMPOUNDER STRATEGY,Carnelian Asset Management & Advisors Pvt Ltd,Multicap,2094.18,50,,4.05,22.33,3.77,12.04,11.84,23.52,25.21,17.57,19.35,,,,2026-06-30,APMI monthly report Jun 2026,,pmsStrategy-carnelian-asset-management-advisors-pvt-ltd-carnelian-capital-compounder-strategy
CARNELIAN CONTRA PORTFOLIO STRATEGY,Carnelian Asset Management & Advisors Pvt Ltd,,129,50,,-0.8,11.8,-0.26,0.23,1.22,22.21,27.53,,24.32,,,,2026-06-30,APMI monthly report Jun 2026,,pmsStrategy-carnelian-asset-management-advisors-pvt-ltd-carnelian-contra-portfolio-strategy
CARNELIAN LIQUID STRATEGY,Carnelian Asset Management & Advisors Pvt Ltd,Hybrid,124.6,50,,0.34,1.03,2.14,4.53,5.01,5.35,5.48,5.02,4.71,,,,2026-06-30,APMI monthly report Jun 2026,,pmsStrategy-carnelian-asset-management-advisors-pvt-ltd-carnelian-liquid-strategy
CARNELIAN SHIFT STRATEGY,Carnelian Asset Management & Advisors Pvt Ltd,,5698.71,50,,5.27,27.5,7.49,5.77,10.04,22.93,28.73,21.42,32.34,,,,2026-06-30,APMI monthly report Jun 2026,,pmsStrategy-carnelian-asset-management-advisors-pvt-ltd-carnelian-shift-strategy
CENTRUM BUILT TO GROW MULTICAP NRI.,Centrum Investment Advisers Limited,,1.4,50,,3.88,16.43,-4.2,-8.27,-1.97,9.13,10.21,6.61,13,,,,2026-06-30,APMI monthly report Jun 2026,,pmsStrategy-centrum-investment-advisers-limited-centrum-built-to-grow-multicap-nri
CENTRUM BUILT TO GROW MULTICAP PORTFOLIO.,Centrum Investment Advisers Limited,,1.71,50,,3.69,15.37,-5.61,-9.11,-3.8,7.48,9.69,7.31,12.07,,,,2026-06-30,APMI monthly report Jun 2026,,pmsStrategy-centrum-investment-advisers-limited-centrum-built-to-grow-multicap-portfolio
CENTRUM BUILT TO LAST NRI.,Centrum Investment Advisers Limited,,4.79,50,,1.24,6.68,-8.88,-6.87,1.55,7.41,10.79,4.34,5.9,,,,2026-06-30,APMI monthly report Jun 2026,,pmsStrategy-centrum-investment-advisers-limited-centrum-built-to-last-nri
CENTRUM BUILT TO LAST PORTFOLIO.,Centrum Investment Advisers Limited,,2.43,50,,0.49,7.67,-9.1,-7.63,0.07,7.12,10.25,7.22,8.96,,,,2026-06-30,APMI monthly report Jun 2026,,pmsStrategy-centrum-investment-advisers-limited-centrum-built-to-last-portfolio
CENTRUM BUILT TO LAST T.,Centrum Investment Advisers Limited,,0.64,50,,0.45,7.74,-11.55,-12.35,-2.14,6.55,9.95,7.19,7.07,,,,2026-06-30,APMI monthly report Jun 2026,,pmsStrategy-centrum-investment-advisers-limited-centrum-built-to-last-t
CENTRUM DEEP VALUE IV NRI.,Centrum Investment Advisers Limited,,,50,,0,0,0,0,0,0,0,0,0,,,,2026-06-30,APMI monthly report Jun 2026,,pmsStrategy-centrum-investment-advisers-limited-centrum-deep-value-iv-nri
CENTRUM DEEP VALUE IV.,Centrum Investment Advisers Limited,,23.95,50,,6.63,23.43,-1.54,-8.69,-6.34,10.16,11.31,8.17,14.01,,,,2026-06-30,APMI monthly report Jun 2026,,pmsStrategy-centrum-investment-advisers-limited-centrum-deep-value-iv
CENTRUM DEEP VALUE MULTIBAGGER NRI.,Centrum Investment Advisers Limited,,2.43,50,,5.98,24.15,4.56,-5.26,-5.41,8.33,10.37,7.87,14.29,,,,2026-06-30,APMI monthly report Jun 2026,,pmsStrategy-centrum-investment-advisers-limited-centrum-deep-value-multibagger-nri
CENTRUM DEEP VALUE MULTIBAGGER PORTFOLIO,Centrum Investment Advisers Limited,,103.81,50,,0.04,22.71,-0.52,,,,,,1.21,,,,2026-06-30,APMI monthly report Jun 2026,,pmsStrategy-centrum-investment-advisers-limited-centrum-deep-value-multibagger-portfolio
CENTRUM FLEXICAP NRI.,Centrum Investment Advisers Limited,,11.61,50,,1.42,12.2,-2.72,0.35,2,14.18,15.28,11.65,11.18,,,,2026-06-30,APMI monthly report Jun 2026,,pmsStrategy-centrum-investment-advisers-limited-centrum-flexicap-nri
CENTRUM FLEXICAP PORTFOLIO T,Centrum Investment Advisers Limited,,46.37,50,,3.44,12.78,-5.48,-3.23,-0.46,12.2,13.11,,8.36,,,,2026-06-30,APMI monthly report Jun 2026,,pmsStrategy-centrum-investment-advisers-limited-centrum-flexicap-portfolio-t
CENTRUM FLEXICAP PORTFOLIO T NRI.,Centrum Investment Advisers Limited,,0.78,50,,3.04,11.53,-7.3,-5.01,-0.83,13.64,14.27,,9.75,,,,2026-06-30,APMI monthly report Jun 2026,,pmsStrategy-centrum-investment-advisers-limited-centrum-flexicap-portfolio-t-nri
CENTRUM FLEXICAP PORTFOLIO.,Centrum Investment Advisers Limited,,29.93,50,,3.42,13.06,-5.41,-2.23,0.47,13.16,14.16,11.05,12.3,,,,2026-06-30,APMI monthly report Jun 2026,,pmsStrategy-centrum-investment-advisers-limited-centrum-flexicap-portfolio
CENTRUM GOOD TO GREAT - T - NRI.,Centrum Investment Advisers Limited,,7.31,50,,5.2,21.13,-2.86,-11.05,-6.11,9.54,11.14,9.46,11.61,,,,2026-06-30,APMI monthly report Jun 2026,,pmsStrategy-centrum-investment-advisers-limited-centrum-good-to-great-t-nri
CENTRUM GOOD TO GREAT NRI.,Centrum Investment Advisers Limited,,11.01,50,,4.58,20.71,-2.51,-9.24,-5.06,9.63,10.74,8.31,14.4,,,,2026-06-30,APMI monthly report Jun 2026,,pmsStrategy-centrum-investment-advisers-limited-centrum-good-to-great-nri
CENTRUM GOOD TO GREAT PORTFOLIO.,Centrum Investment Advisers Limited,,62.02,50,,6.09,22.24,-2.36,-9.14,-6.09,9.65,10.84,8.84,15.86,,,,2026-06-30,APMI monthly report Jun 2026,,pmsStrategy-centrum-investment-advisers-limited-centrum-good-to-great-portfolio
CENTRUM GOOD TO GREAT T,Centrum Investment Advisers Limited,,87.11,50,,6.06,22.38,-2.59,-9.9,-6.04,9.41,10.68,8.73,15.83,,,,2026-06-30,APMI monthly report Jun 2026,,pmsStrategy-centrum-investment-advisers-limited-centrum-good-to-great-t
CENTRUM MICROCAP NRI,Centrum Investment Advisers Limited,,0.58,50,,10.25,31.51,17.92,,,,,,1.5,,,,2026-06-30,APMI monthly report Jun 2026,,pmsStrategy-centrum-investment-advisers-limited-centrum-microcap-nri
CENTRUM MICROCAP PORTFOLIO.,Centrum Investment Advisers Limited,,11.45,50,,10.17,35.58,14.17,7.39,1.89,14.87,19.94,17.15,16.31,,,,2026-06-30,APMI monthly report Jun 2026,,pmsStrategy-centrum-investment-advisers-limited-centrum-microcap-portfolio
Centrum String of Pearls DV- III,Centrum Investment Advisers Limited,,8.17,50,,6.71,23.72,-1.05,-8.92,-6.17,9.25,10.6,8.06,12.21,,,,2026-06-30,APMI monthly report Jun 2026,,pmsStrategy-centrum-investment-advisers-limited-centrum-string-of-pearls-dv-iii
Chanakya Multi-Cap,Chanakya Capital Services Private Limited,,337.25,50,,3.02,17.79,3,7.06,9.16,18.22,24.09,18.56,15.82,,,,2026-06-30,APMI monthly report Jun 2026,,pmsStrategy-chanakya-capital-services-private-limited-chanakya-multi-cap
PMS-1 Q8,Chona Financial Services Limited,,1.36,50,,0.61,11.3,-0.44,0.87,2.26,11.08,15.29,11.15,9.63,,,,2026-06-30,APMI monthly report Jun 2026,,pmsStrategy-chona-financial-services-limited-pms-1-q8
PMS-2 Q5,Chona Financial Services Limited,,2.8,50,,4.07,24.51,6.12,5.76,2.06,10.92,14.95,8.23,13.66,,,,2026-06-30,APMI monthly report Jun 2026,,pmsStrategy-chona-financial-services-limited-pms-2-q5
PMS-3 Q5,Chona Financial Services Limited,,47.34,50,,2.85,16.87,0.72,-2.38,-0.25,11.43,14.93,10.48,11.87,,,,2026-06-30,APMI monthly report Jun 2026,,pmsStrategy-chona-financial-services-limited-pms-3-q5
Citrus Index Plus Fund Strategy,Citrus Advisors Private Limited,,2.28,50,,0.74,10.29,-4.65,-4.87,-1.9,,,,0.84,,,,2026-06-30,APMI monthly report Jun 2026,,pmsStrategy-citrus-advisors-private-limited-citrus-index-plus-fund-strategy
Citrus Midcap Marvels,Citrus Advisors Private Limited,,33.82,50,,6.21,33.47,9.44,1.71,-0.26,,,,6.68,,,,2026-06-30,APMI monthly report Jun 2026,,pmsStrategy-citrus-advisors-private-limited-citrus-midcap-marvels
Citrus Mutual Fund Strategy (Moderate),Citrus Advisors Private Limited,Hybrid,0.56,50,,2.62,10.43,2.88,4.33,4.74,,,,5.51,,,,2026-06-30,APMI monthly report Jun 2026,,pmsStrategy-citrus-advisors-private-limited-citrus-mutual-fund-strategy-moderate
Citrus Mutual Fund Strategy(Aggressive),Citrus Advisors Private Limited,,1.89,50,,2.64,16.24,1.79,2.87,3.62,,,,4.92,,,,2026-06-30,APMI monthly report Jun 2026,,pmsStrategy-citrus-advisors-private-limited-citrus-mutual-fund-strategy-aggressive
Citrus Sayam Approach,Citrus Advisors Private Limited,,3.48,50,,1.74,28.7,,,,,,,12.73,,,,2026-06-30,APMI monthly report Jun 2026,,pmsStrategy-citrus-advisors-private-limited-citrus-sayam-approach
Citrus Sector Leaders,Citrus Advisors Private Limited,,46.37,50,,1.66,13.35,-2.24,-0.61,2.5,,,,10.13,,,,2026-06-30,APMI monthly report Jun 2026,,pmsStrategy-citrus-advisors-private-limited-citrus-sector-leaders
Citrus Wealth Fusion Fund,Citrus Advisors Private Limited,,5.65,50,,1.9,11.86,-0.29,4.23,,,,,6.59,,,,2026-06-30,APMI monthly report Jun 2026,,pmsStrategy-citrus-advisors-private-limited-citrus-wealth-fusion-fund
ALL WEATHER,Ckredence Wealth Management Pvt Ltd,,233.32,50,,1.53,17.68,5.23,14,9.38,17.58,20.05,15.17,15.17,,,,2026-06-30,APMI monthly report Jun 2026,,pmsStrategy-ckredence-wealth-management-pvt-ltd-all-weather
Business Cycle Fund,Ckredence Wealth Management Pvt Ltd,,184.64,50,,3.08,25.19,9.2,9.31,11.67,,,,17.04,,,,2026-06-30,APMI monthly report Jun 2026,,pmsStrategy-ckredence-wealth-management-pvt-ltd-business-cycle-fund
DIVERSIFIED MULTICAP,Ckredence Wealth Management Pvt Ltd,,124.68,50,,2.03,22.99,6.19,13.62,8.73,19.78,21.77,17.51,17.71,,,,2026-06-30,APMI monthly report Jun 2026,,pmsStrategy-ckredence-wealth-management-pvt-ltd-diversified-multicap
FOCUS MULTICAP,Ckredence Wealth Management Pvt Ltd,,92.09,50,,1.5,17.68,3.44,9.8,8.1,16.91,19.69,14.9,14.52,,,,2026-06-30,APMI monthly report Jun 2026,,pmsStrategy-ckredence-wealth-management-pvt-ltd-focus-multicap
ICE GROWTH,Ckredence Wealth Management Pvt Ltd,,173.65,50,,5.87,26.09,9.14,10.48,,,,,8.85,,,,2026-06-30,APMI monthly report Jun 2026,,pmsStrategy-ckredence-wealth-management-pvt-ltd-ice-growth
POLARIS HUMAN PLUS MACHINE CONVERGED EQUITY STRATEGY,Clearmind Consultancy Private Limited,,2.88,50,,8.14,12.18,,,,,,,12.18,,,,2026-06-30,APMI monthly report Jun 2026,,pmsStrategy-clearmind-consultancy-private-limited-polaris-human-plus-machine-converged-equity-strategy
THE ALL-STAR PORTFOLIO,Clubmillionaire Financial Services Private Limited,,3036.76,50,,3.71,18.46,-2.92,-3.45,7.58,11.04,13.3,9.62,15.33,,,,2026-06-30,APMI monthly report Jun 2026,,pmsStrategy-clubmillionaire-financial-services-private-limited-the-all-star-portfolio
Complete Circle Digital compounders,Complete Circle Wealth Solutions Llp,,575.71,50,,3.19,21.64,3.94,0.49,2.98,14.88,14.8,,13.52,,,,2026-06-30,APMI monthly report Jun 2026,,pmsStrategy-complete-circle-wealth-solutions-llp-complete-circle-digital-compounders
Complete Circle Emerging India,Complete Circle Wealth Solutions Llp,,203.9,50,,3.17,21.06,3.8,1.17,3.91,14.85,,,15.6,,,,2026-06-30,APMI monthly report Jun 2026,,pmsStrategy-complete-circle-wealth-solutions-llp-complete-circle-emerging-india
Complete Circle India Rising,Complete Circle Wealth Solutions Llp,,2.47,50,,2.9,23.63,5.1,-1.22,1.12,,,,1.09,,,,2026-06-30,APMI monthly report Jun 2026,,pmsStrategy-complete-circle-wealth-solutions-llp-complete-circle-india-rising
Complete Circle PMS Multi Asset Approach,Complete Circle Wealth Solutions Llp,Hybrid,,50,,0.56,,,,,,,,1.47,,,,2026-06-30,APMI monthly report Jun 2026,,pmsStrategy-complete-circle-wealth-solutions-llp-complete-circle-pms-multi-asset-approach
Complete Circle Stellar Wealth PMS,Complete Circle Wealth Solutions Llp,,35.81,50,,5.29,35.07,22.52,23.43,14.62,17.49,,,16.86,,,,2026-06-30,APMI monthly report Jun 2026,,pmsStrategy-complete-circle-wealth-solutions-llp-complete-circle-stellar-wealth-pms
Digital compounders PMS,Complete Circle Wealth Solutions Llp,,31.88,50,,3.04,21.02,3.97,-1.27,,,,,5.14,,,,2026-06-30,APMI monthly report Jun 2026,,pmsStrategy-complete-circle-wealth-solutions-llp-digital-compounders-pms
COMPOSITE INDIA GARP FUND,Composite Investments Private Limited,,110.52,50,,8.17,31.58,9.88,5.27,3.05,14.14,19.37,11.96,18.08,,,,2026-06-30,APMI monthly report Jun 2026,,pmsStrategy-composite-investments-private-limited-composite-india-garp-fund
Composite India Emerging Stars,Composite Investments Private Limited,,122.5,50,,5.44,26.68,5.56,2.23,7.17,16.64,17.8,14.76,18.66,,,,2026-06-30,APMI monthly report Jun 2026,,pmsStrategy-composite-investments-private-limited-composite-india-emerging-stars
FUNDMASTER INVESTMENT APPROACH,Composite Investments Private Limited,Hybrid,0.26,50,,1.49,6.62,,,,,,,4.81,,,,2026-06-30,APMI monthly report Jun 2026,,pmsStrategy-composite-investments-private-limited-fundmaster-investment-approach
I-CORE,Composite Investments Private Limited,Hybrid,22.77,50,,-0.3,5.66,1.07,5.73,8.55,11.88,13.13,9.24,9.93,,,,2026-06-30,APMI monthly report Jun 2026,,pmsStrategy-composite-investments-private-limited-i-core
INDEXMASTER INVESTMENT APPROACH,Composite Investments Private Limited,Hybrid,7.51,50,,2.69,9.68,-1.35,,,,,,-1.69,,,,2026-06-30,APMI monthly report Jun 2026,,pmsStrategy-composite-investments-private-limited-indexmaster-investment-approach
Wealth Protector Multi Asset Strategy,Composite Investments Private Limited,Hybrid,58.69,50,,2.33,4.58,3.08,6.11,6.72,8.21,8.47,7.58,7.51,,,,2026-06-30,APMI monthly report Jun 2026,,pmsStrategy-composite-investments-private-limited-wealth-protector-multi-asset-strategy
Long Term Focused Value,Compound Everyday Capital Management Llp,,79,50,,0.14,12.41,2.08,11.75,13.95,18.53,17.53,12.78,15.41,,,,2026-06-30,APMI monthly report Jun 2026,,pmsStrategy-compound-everyday-capital-management-llp-long-term-focused-value
AI Dynamic,Concept Investwell Private Limited,,3.27,50,,2.27,11.03,-0.14,2.42,-2.59,5.81,11.33,8.93,13.44,,,,2026-06-30,APMI monthly report Jun 2026,,pmsStrategy-concept-investwell-private-limited-ai-dynamic
Concept Elegant,Concept Investwell Private Limited,,1.06,50,,-11.25,-3.23,-20.97,-24.23,-12.79,,,,-0.1,,,,2026-06-30,APMI monthly report Jun 2026,,pmsStrategy-concept-investwell-private-limited-concept-elegant
Concept Legend,Concept Investwell Private Limited,,20.38,50,,1.97,6.77,-3.97,-3.57,-0.43,6.77,9.23,4.59,11.03,,,,2026-06-30,APMI monthly report Jun 2026,,pmsStrategy-concept-investwell-private-limited-concept-legend
Concept Legend Flexi,Concept Investwell Private Limited,,1.52,50,,3.69,11.19,-2.13,-2.93,1.31,,,,5.05,,,,2026-06-30,APMI monthly report Jun 2026,,pmsStrategy-concept-investwell-private-limited-concept-legend-flexi
Concept Marvel,Concept Investwell Private Limited,,2.7,50,,3.83,13.33,-7.46,-13.86,-4.11,5.12,8.27,4.58,9.15,,,,2026-06-30,APMI monthly report Jun 2026,,pmsStrategy-concept-investwell-private-limited-concept-marvel
Concept Sepcial,Concept Investwell Private Limited,,21.43,50,,1.72,5.92,-6.64,-4.25,-0.63,9.81,11.07,13.12,11.8,,,,2026-06-30,APMI monthly report Jun 2026,,pmsStrategy-concept-investwell-private-limited-concept-sepcial
Concept Symphony,Concept Investwell Private Limited,,1.03,50,,2.56,11.77,-1.54,0.23,,,,,0.23,,,,2026-06-30,APMI monthly report Jun 2026,,pmsStrategy-concept-investwell-private-limited-concept-symphony
Legend Jain,Concept Investwell Private Limited,,1.39,50,,0.56,7.07,-7.69,-9.24,-3.47,7.22,9.53,6.21,9.32,,,,2026-06-30,APMI monthly report Jun 2026,,pmsStrategy-concept-investwell-private-limited-legend-jain
Consortium Securities Value PMS,Consortium Securities Pvt Ltd,,104.23,50,,3.34,17.07,4.64,11.55,8.18,20.88,25.56,19.67,26.72,,,,2026-06-30,APMI monthly report Jun 2026,,pmsStrategy-consortium-securities-pvt-ltd-consortium-securities-value-pms
ALL WEATHER.,Cosmea Portfolio Management Private Limited,,13.72,50,,-0.92,9.8,0.16,-8.86,0.91,18.46,16.64,14.15,14.16,,,,2026-06-30,APMI monthly report Jun 2026,,pmsStrategy-cosmea-portfolio-management-private-limited-all-weather
ALPHA COMPOUNDERS,Cosmea Portfolio Management Private Limited,,29.42,50,,-0.83,9.46,-6.36,-9.48,-1.62,13.64,,,12.94,,,,2026-06-30,APMI monthly report Jun 2026,,pmsStrategy-cosmea-portfolio-management-private-limited-alpha-compounders
Alpha Multi Asset.,Cosmea Portfolio Management Private Limited,Hybrid,1.93,50,,-0.38,8.36,-14.81,0,-9.37,,,,-5.01,,,,2026-06-30,APMI monthly report Jun 2026,,pmsStrategy-cosmea-portfolio-management-private-limited-alpha-multi-asset
Alpha Value,Cosmea Portfolio Management Private Limited,,1.28,50,,2.2,16.28,0.83,2.66,1.43,,,,6.06,,,,2026-06-30,APMI monthly report Jun 2026,,pmsStrategy-cosmea-portfolio-management-private-limited-alpha-value
Growth at Reasonable Price (GARP),Courser Park Advisors LLP,,176.23,50,,5.08,19.65,7.39,7.66,5.34,,,,9.46,,,,2026-06-30,APMI monthly report Jun 2026,,pmsStrategy-courser-park-advisors-llp-growth-at-reasonable-price-garp
Credent AIM Multi Cap Strategy,Credent Asset Management Services Private Limited,,49.28,50,,5.54,23.22,1.05,0.7,1.55,16.27,,,22,,,,2026-06-30,APMI monthly report Jun 2026,,pmsStrategy-credent-asset-management-services-private-limited-credent-aim-multi-cap-strategy
Credent Asset Management Services Pvt Ltd,Credent Asset Management Services Private Limited,,9.58,50,,-0.3,20.3,4.38,-1.81,3.8,11.7,9.66,8.86,3.68,,,,2026-06-30,APMI monthly report Jun 2026,,pmsStrategy-credent-asset-management-services-private-limited-credent-asset-management-services-pvt-ltd
FINCART DIRECT MUTUAL FUND STRATEGIC PORTFOLIO,Credent Asset Management Services Private Limited,Hybrid,6,50,,0.25,,,,,,,,1.85,,,,2026-06-30,APMI monthly report Jun 2026,,pmsStrategy-credent-asset-management-services-private-limited-fincart-direct-mutual-fund-strategic-portfolio
Mehta Credent Focused Multicap,Credent Asset Management Services Private Limited,,9.55,50,,5.58,26.41,3.26,-0.13,,,,,0.29,,,,2026-06-30,APMI monthly report Jun 2026,,pmsStrategy-credent-asset-management-services-private-limited-mehta-credent-focused-multicap
DGS Consolidated Strategy,DGS Capital Management Private Limited,Hybrid,182.97,50,,0.29,16.27,-2.2,-8.57,8.54,18.68,19.32,14.39,11.13,,,,2026-06-30,APMI monthly report Jun 2026,,pmsStrategy-dgs-capital-management-private-limited-dgs-consolidated-strategy
DMZ PARTNERS INHERITORS STRATEGY,DMZ Partners Investment Management LLP,,678.41,50,,5.92,24.26,3.51,6.81,13.93,17.39,18.37,14.53,15.3,,,,2026-06-30,APMI monthly report Jun 2026,,pmsStrategy-dmz-partners-investment-management-llp-dmz-partners-inheritors-strategy
DT India strategy,DT PORTFOLIO MANAGERS LLP,,290.89,50,,6.53,15.38,-4.78,,,,,,-7.69,,,,2026-06-30,APMI monthly report Jun 2026,,pmsStrategy-dt-portfolio-managers-llp-dt-india-strategy
Aggressive Long Term Capital Appreciation,Dalal & Broacha Stock Broking Pvt. Ltd.,,207.7,50,,-0.09,28.78,28.23,35.95,16.71,27.82,34.68,23.55,21.08,,,,2026-06-30,APMI monthly report Jun 2026,,pmsStrategy-dalal-broacha-stock-broking-pvt-ltd-aggressive-long-term-capital-appreciation
Long Term Growth,Dalal & Broacha Stock Broking Pvt. Ltd.,,1241.13,50,,5.06,23.27,8.3,1.23,3.73,17.8,19.31,14.25,13.44,,,,2026-06-30,APMI monthly report Jun 2026,,pmsStrategy-dalal-broacha-stock-broking-pvt-ltd-long-term-growth
DARASHAW PMS DISC,Darashaw And Company Private Limited,,39.42,50,,1.84,9.25,-6.56,-8.06,-3.8,7.89,9.64,8.11,13.39,,,,2026-06-30,APMI monthly report Jun 2026,,pmsStrategy-darashaw-and-company-private-limited-darashaw-pms-disc
DB India Flexi Bond Mandate/ DIIPL Discretionary India Flexi Bond Mandate,Deutsche Investments India Private Limited,Hybrid,86.44,50,,1.88,3.14,4.14,8.31,9.21,8.64,8.17,,7.97,,,,2026-06-30,APMI monthly report Jun 2026,,pmsStrategy-deutsche-investments-india-private-limited-db-india-flexi-bond-mandate-diipl-discretionary-india
DB India Money Market Alpha /Income Generation,Deutsche Investments India Private Limited,Hybrid,,50,,1.2,1.88,2.55,5.29,7.39,7.45,7.21,7.52,7.88,,,,2026-06-30,APMI monthly report Jun 2026,,pmsStrategy-deutsche-investments-india-private-limited-db-india-money-market-alpha-income-generation
DB India Multi-Asset Mandate / Combination of Growth & Income,Deutsche Investments India Private Limited,Hybrid,160.82,50,,1.41,4.23,0.27,3.56,5.07,7.57,8.02,6.59,7.19,,,,2026-06-30,APMI monthly report Jun 2026,,pmsStrategy-deutsche-investments-india-private-limited-db-india-multi-asset-mandate-combination-of-growth-in
DB India Multicap Equities / Long-term capital growth,Deutsche Investments India Private Limited,,49.97,50,,1.51,5.21,-6.79,-0.8,2.68,12.22,14.82,11.23,15.27,,,,2026-06-30,APMI monthly report Jun 2026,,pmsStrategy-deutsche-investments-india-private-limited-db-india-multicap-equities-long-term-capital-growth
DIIPL- DB India Alpha Factor Equities,Deutsche Investments India Private Limited,,22.64,50,,0.23,9.31,-5.12,-3.82,-5.02,,,,0.15,,,,2026-06-30,APMI monthly report Jun 2026,,pmsStrategy-deutsche-investments-india-private-limited-diipl-db-india-alpha-factor-equities
Non Discretionary,Deutsche Investments India Private Limited,,346.81,50,,-0.56,10.27,-3.8,-1.19,-19.57,-6.66,-0.71,-0.94,6.02,,,,2026-06-30,APMI monthly report Jun 2026,,pmsStrategy-deutsche-investments-india-private-limited-non-discretionary
Dezerv Capital Reserve Strategy - Equity,Dezerv Investments Private Limited,,353.86,50,,2.19,13.3,-0.3,0.53,,,,,5.51,,,,2026-06-30,APMI monthly report Jun 2026,,pmsStrategy-dezerv-investments-private-limited-dezerv-capital-reserve-strategy-equity
Dezerv Capital Reserve Strategy - Multi Asset,Dezerv Investments Private Limited,Hybrid,72.16,50,,-0.67,4.22,-0.26,7.61,,,,,5.7,,,,2026-06-30,APMI monthly report Jun 2026,,pmsStrategy-dezerv-investments-private-limited-dezerv-capital-reserve-strategy-multi-asset
Dezerv Corporate Surplus Management Strategy,Dezerv Investments Private Limited,Hybrid,286.13,50,,1.02,2.07,3.81,7.26,,,,,8.25,,,,2026-06-30,APMI monthly report Jun 2026,,pmsStrategy-dezerv-investments-private-limited-dezerv-corporate-surplus-management-strategy
Dezerv Dynamic Debt Plus Strategy Non-Discretionary,Dezerv Investments Private Limited,Hybrid,12.41,50,,1.27,2.44,4.56,10.47,,,,,10.69,,,,2026-06-30,APMI monthly report Jun 2026,,pmsStrategy-dezerv-investments-private-limited-dezerv-dynamic-debt-plus-strategy-non-discretionary
Dezerv SmartTax Balanced Growth Strategy,Dezerv Investments Private Limited,Hybrid,63.09,50,,1.43,6.02,0.67,5.06,,,,,9.1,,,,2026-06-30,APMI monthly report Jun 2026,,pmsStrategy-dezerv-investments-private-limited-dezerv-smarttax-balanced-growth-strategy
Dezerv Wealth Account,Dezerv Investments Private Limited,Hybrid,61.93,50,,0.91,7.82,-0.39,6.17,8.58,13.64,,,14.63,,,,2026-06-30,APMI monthly report Jun 2026,,pmsStrategy-dezerv-investments-private-limited-dezerv-wealth-account
Dezerv. Infra yield assets,Dezerv Investments Private Limited,Hybrid,95.4,50,,1.58,4.96,4.12,20.29,18.11,,,,16.78,,,,2026-06-30,APMI monthly report Jun 2026,,pmsStrategy-dezerv-investments-private-limited-dezerv-infra-yield-assets
Stability Reserve Strategy,Dezerv Investments Private Limited,Hybrid,5.56,50,,1.54,2.13,2.96,5.32,,,,,5.32,,,,2026-06-30,APMI monthly report Jun 2026,,pmsStrategy-dezerv-investments-private-limited-stability-reserve-strategy
Strategic Holdings in Natural Elements (SHINE),Dezerv Investments Private Limited,Hybrid,163.98,50,,-9.69,-4.1,2.18,50.89,,,,,42.9,,,,2026-06-30,APMI monthly report Jun 2026,,pmsStrategy-dezerv-investments-private-limited-strategic-holdings-in-natural-elements-shine
dezerv. Alpha Beta Equity Strategy,Dezerv Investments Private Limited,,4.65,50,,2.05,11.65,-2.97,-1.22,1.96,13.54,15.26,,14.37,,,,2026-06-30,APMI monthly report Jun 2026,,pmsStrategy-dezerv-investments-private-limited-dezerv-alpha-beta-equity-strategy
dezerv. Alpha Equity Strategy,Dezerv Investments Private Limited,,335.51,50,,2.1,13.77,0.01,1.69,4.28,15.98,17.54,,15.88,,,,2026-06-30,APMI monthly report Jun 2026,,pmsStrategy-dezerv-investments-private-limited-dezerv-alpha-equity-strategy
dezerv. Alpha Focus Strategy,Dezerv Investments Private Limited,,1032.96,50,,4.99,21.26,7.12,6.24,6.95,21.6,,,22.9,,,,2026-06-30,APMI monthly report Jun 2026,,pmsStrategy-dezerv-investments-private-limited-dezerv-alpha-focus-strategy
dezerv. Arbitrage Strategy,Dezerv Investments Private Limited,,85.68,50,,0.97,1.5,3.18,6.36,6.86,7.22,,,7.22,,,,2026-06-30,APMI monthly report Jun 2026,,pmsStrategy-dezerv-investments-private-limited-dezerv-arbitrage-strategy
dezerv. Dynamic Debt Plus Strategy,Dezerv Investments Private Limited,Hybrid,1587.21,50,,1.33,2.96,4.94,11.68,12.34,11.8,,,11.08,,,,2026-06-30,APMI monthly report Jun 2026,,pmsStrategy-dezerv-investments-private-limited-dezerv-dynamic-debt-plus-strategy
dezerv. Dynamic Debt Strategy,Dezerv Investments Private Limited,Hybrid,274.49,50,,1.21,2.46,4.68,10.17,10.78,10.39,,,10.07,,,,2026-06-30,APMI monthly report Jun 2026,,pmsStrategy-dezerv-investments-private-limited-dezerv-dynamic-debt-strategy
dezerv. Dynamic Strategy - Non Discretionary,Dezerv Investments Private Limited,Hybrid,594,50,,1.06,7.99,-0.77,3.76,5.07,9.83,,,11.54,,,,2026-06-30,APMI monthly report Jun 2026,,pmsStrategy-dezerv-investments-private-limited-dezerv-dynamic-strategy-non-discretionary
dezerv. Equity Revival Strategy,Dezerv Investments Private Limited,,6973.16,50,,2.76,12.3,-2.9,-0.66,2.83,14.6,16.92,,16.6,,,,2026-06-30,APMI monthly report Jun 2026,,pmsStrategy-dezerv-investments-private-limited-dezerv-equity-revival-strategy
dezerv. Equity Strategy - Non Discretionary,Dezerv Investments Private Limited,,26.3,50,,2.39,10.77,-5.84,-4.29,-1.24,,,,10.57,,,,2026-06-30,APMI monthly report Jun 2026,,pmsStrategy-dezerv-investments-private-limited-dezerv-equity-strategy-non-discretionary
dezerv. Fixed-Income Strategy,Dezerv Investments Private Limited,Hybrid,187.81,50,,1.42,2.15,2.82,6.25,8.04,7.86,7.67,,7.65,,,,2026-06-30,APMI monthly report Jun 2026,,pmsStrategy-dezerv-investments-private-limited-dezerv-fixed-income-strategy
dezerv. Fixed-Income Strategy - Non Discretionary,Dezerv Investments Private Limited,Hybrid,215.3,50,,-0.34,1.11,3.21,8.02,8.66,8.29,,,8.56,,,,2026-06-30,APMI monthly report Jun 2026,,pmsStrategy-dezerv-investments-private-limited-dezerv-fixed-income-strategy-non-discretionary
dezerv. IPA Aggressive Strategy,Dezerv Investments Private Limited,Hybrid,2.75,50,,-0.05,7.46,-2.31,2.82,4.75,13.55,15.09,,14.17,,,,2026-06-30,APMI monthly report Jun 2026,,pmsStrategy-dezerv-investments-private-limited-dezerv-ipa-aggressive-strategy
dezerv. IPA Balanced Strategy,Dezerv Investments Private Limited,Hybrid,,50,,0,4.16,-3.04,-0.97,2.87,9.17,,,10.54,,,,2026-06-30,APMI monthly report Jun 2026,,pmsStrategy-dezerv-investments-private-limited-dezerv-ipa-balanced-strategy
dezerv. IPA Conservative Strategy,Dezerv Investments Private Limited,Hybrid,1.47,50,,-0.08,3.11,1.7,6.83,7.87,10.43,10.51,,10.31,,,,2026-06-30,APMI monthly report Jun 2026,,pmsStrategy-dezerv-investments-private-limited-dezerv-ipa-conservative-strategy
dezerv. IPA Growth Strategy,Dezerv Investments Private Limited,Hybrid,4.97,50,,0.04,6.4,-0.34,4.85,5.96,13.01,14.19,,13.77,,,,2026-06-30,APMI monthly report Jun 2026,,pmsStrategy-dezerv-investments-private-limited-dezerv-ipa-growth-strategy
dezerv. IPA Growth Strategy - Non Discretionary,Dezerv Investments Private Limited,Hybrid,124.18,50,,1.61,8.51,-2.18,0.79,4.57,12.71,14.2,,13.43,,,,2026-06-30,APMI monthly report Jun 2026,,pmsStrategy-dezerv-investments-private-limited-dezerv-ipa-growth-strategy-non-discretionary
dezerv. Liquid Strategy,Dezerv Investments Private Limited,Hybrid,136.46,50,,0.41,1.22,2.44,5.12,5.55,5.83,,,5.87,,,,2026-06-30,APMI monthly report Jun 2026,,pmsStrategy-dezerv-investments-private-limited-dezerv-liquid-strategy
dezerv. Momentum Strategy,Dezerv Investments Private Limited,,,50,,0,0,0,-2.61,,,,,-13.06,,,,2026-06-30,APMI monthly report Jun 2026,,pmsStrategy-dezerv-investments-private-limited-dezerv-momentum-strategy
Long Term Growth Strategy,Divya Capital One Private Limited,,1.52,50,,0.73,11.96,-3.54,-3.56,4.55,,,,4.39,,,,2026-06-30,APMI monthly report Jun 2026,,pmsStrategy-divya-capital-one-private-limited-long-term-growth-strategy
Dolat Quantum Leap Strategy,Dolat Capital Market Private Limited,,20.22,50,,3.06,16.79,,,,,,,7.83,,,,2026-06-30,APMI monthly report Jun 2026,,pmsStrategy-dolat-capital-market-private-limited-dolat-quantum-leap-strategy
Chatur Amrit Kaal Fund,Drchoksey Finserv Private Limited,,105.81,50,,-0.19,12.95,,,,,,,1.32,,,,2026-06-30,APMI monthly report Jun 2026,,pmsStrategy-drchoksey-finserv-private-limited-chatur-amrit-kaal-fund
DRChoksey Alpha Invest,Drchoksey Finserv Private Limited,,96.73,50,,0.3,15.36,-2.75,-11.09,-7,5.88,9.41,7.23,4.88,,,,2026-06-30,APMI monthly report Jun 2026,,pmsStrategy-drchoksey-finserv-private-limited-drchoksey-alpha-invest
DRChoksey Alpha Invest-ND,Drchoksey Finserv Private Limited,,219.76,50,,-0.47,12.83,-3.43,-6.41,-1.78,9.11,11.26,8.61,5.63,,,,2026-06-30,APMI monthly report Jun 2026,,pmsStrategy-drchoksey-finserv-private-limited-drchoksey-alpha-invest-nd
DRChoksey Focused Advantage,Drchoksey Finserv Private Limited,,20.3,50,,3.44,17.4,-1.07,-10.09,-5.42,4.92,7.98,,4.64,,,,2026-06-30,APMI monthly report Jun 2026,,pmsStrategy-drchoksey-finserv-private-limited-drchoksey-focused-advantage
DRChoksey Select Multiplier,Drchoksey Finserv Private Limited,,1,50,,-1.08,9.16,-14.86,-28.96,-22.27,-9.11,-5.34,,-8.26,,,,2026-06-30,APMI monthly report Jun 2026,,pmsStrategy-drchoksey-finserv-private-limited-drchoksey-select-multiplier
Dhanvesttor Faith Fund,Driv Drisht LLP,,25.82,50,,1.51,14.18,-2.27,-7.14,0.76,,,,4.86,,,,2026-06-30,APMI monthly report Jun 2026,,pmsStrategy-driv-drisht-llp-dhanvesttor-faith-fund
Concentrated Growth Portfolio,Dwaith Advisory Private Limited,,188.81,50,,2.44,23.52,2.58,19.12,12.47,,,,12.47,,,,2026-06-30,APMI monthly report Jun 2026,,pmsStrategy-dwaith-advisory-private-limited-concentrated-growth-portfolio
Dwaith Dividend Growth strategy,Dwaith Advisory Private Limited,,0.4,50,,,,,,,,,,-1.4,,,,2026-06-30,APMI monthly report Jun 2026,,pmsStrategy-dwaith-advisory-private-limited-dwaith-dividend-growth-strategy
Bluechip High Growth Low Valuation,Dynamic Equities Pvt Ltd,,84.33,50,,4.72,23.26,14.15,9.26,9.49,,,,20.55,,,,2026-06-30,APMI monthly report Jun 2026,,pmsStrategy-dynamic-equities-pvt-ltd-bluechip-high-growth-low-valuation
DYNAMICMF,Dynamic Equities Pvt Ltd,Hybrid,0.04,50,,7.6,19.34,8.29,,,,,,8.88,,,,2026-06-30,APMI monthly report Jun 2026,,pmsStrategy-dynamic-equities-pvt-ltd-dynamicmf
MIDCAP MAVENS,Dynamic Equities Pvt Ltd,,2.08,50,,-1.18,13.57,,,,,,,3.67,,,,2026-06-30,APMI monthly report Jun 2026,,pmsStrategy-dynamic-equities-pvt-ltd-midcap-mavens
EBISU GUIDED INVESTMENT STRATEGY,EBISU INVESTMENT ADVISORS LLP,,1.48,50,,-3.01,,,,,,,,-5.44,,,,2026-06-30,APMI monthly report Jun 2026,,pmsStrategy-ebisu-investment-advisors-llp-ebisu-guided-investment-strategy
EBISU India All Inclusive,EBISU INVESTMENT ADVISORS LLP,,53.63,50,,7.94,38.92,13.74,0.88,,,,,-0.83,,,,2026-06-30,APMI monthly report Jun 2026,,pmsStrategy-ebisu-investment-advisors-llp-ebisu-india-all-inclusive
Long Term Growth Stock,ELIXIR EQUITIES PVT LTD,,17.57,50,,3.21,12.29,-2.76,3.92,2.11,6.46,9.95,7.13,6.78,,,,2026-06-30,APMI monthly report Jun 2026,,pmsStrategy-elixir-equities-pvt-ltd-long-term-growth-stock
Equinova Alpha Opportunities PMS,EQUINOVA INVESTMENT MANAGERS PRIVATE LIMITED,,19.5,50,,4.49,27.17,,,,,,,13.89,,,,2026-06-30,APMI monthly report Jun 2026,,pmsStrategy-equinova-investment-managers-private-limited-equinova-alpha-opportunities-pms
Equinova Edge PMS,EQUINOVA INVESTMENT MANAGERS PRIVATE LIMITED,,286.26,50,,6.05,25.79,,,,,,,10.01,,,,2026-06-30,APMI monthly report Jun 2026,,pmsStrategy-equinova-investment-managers-private-limited-equinova-edge-pms
Equinova Liquid PMS,EQUINOVA INVESTMENT MANAGERS PRIVATE LIMITED,Hybrid,4.53,50,,0.38,1.06,,,,,,,1.74,,,,2026-06-30,APMI monthly report Jun 2026,,pmsStrategy-equinova-investment-managers-private-limited-equinova-liquid-pms
Equinova Signature Edge PMS,EQUINOVA INVESTMENT MANAGERS PRIVATE LIMITED,,36.97,50,,6.58,24.47,,,,,,,15.29,,,,2026-06-30,APMI monthly report Jun 2026,,pmsStrategy-equinova-investment-managers-private-limited-equinova-signature-edge-pms
EquiPoise Emerging Stars,EQUIPOISE CAPITAL MANAGEMENT PRIVATE LIMITED,,9.2,50,,4.77,26.99,6.34,-0.6,,,,,-1.59,,,,2026-06-30,APMI monthly report Jun 2026,,pmsStrategy-equipoise-capital-management-private-limited-equipoise-emerging-stars
EquiPoise Income Strategy,EQUIPOISE CAPITAL MANAGEMENT PRIVATE LIMITED,Hybrid,0.18,50,,0.15,0.15,0.15,0.15,,,,,0.11,,,,2026-06-30,APMI monthly report Jun 2026,,pmsStrategy-equipoise-capital-management-private-limited-equipoise-income-strategy
EquiPoise India Select,EQUIPOISE CAPITAL MANAGEMENT PRIVATE LIMITED,,19.61,50,,1.99,10.16,-2.66,-1.27,,,,,2.03,,,,2026-06-30,APMI monthly report Jun 2026,,pmsStrategy-equipoise-capital-management-private-limited-equipoise-india-select
EquiPoise New India Opportunities,EQUIPOISE CAPITAL MANAGEMENT PRIVATE LIMITED,,67.53,50,,4.88,18.91,2.17,-1.21,,,,,1.32,,,,2026-06-30,APMI monthly report Jun 2026,,pmsStrategy-equipoise-capital-management-private-limited-equipoise-new-india-opportunities
ESCORP ASSET MANAGEMENT LTD,ESCORP ASSET MANAGEMENT LIMITED,,22.64,50,,-0.68,17.19,7.91,8.12,8.27,10.9,20.04,27.7,20.47,,,,2026-06-30,APMI monthly report Jun 2026,,pmsStrategy-escorp-asset-management-limited-escorp-asset-management-ltd
East Green Agile Strategy,East Green Advisors LLP,,71.33,50,,11.35,29.86,16.07,17.16,8.54,0,,,15.62,,,,2026-06-30,APMI monthly report Jun 2026,,pmsStrategy-east-green-advisors-llp-east-green-agile-strategy
East Green Liquid Strategy,East Green Advisors LLP,Hybrid,,50,,0,0,0,0,0,0,,,0,,,,2026-06-30,APMI monthly report Jun 2026,,pmsStrategy-east-green-advisors-llp-east-green-liquid-strategy
East Green Quant Strategy,East Green Advisors LLP,,6.27,50,,8.49,34.96,25.12,35.59,13.42,,,,15.79,,,,2026-06-30,APMI monthly report Jun 2026,,pmsStrategy-east-green-advisors-llp-east-green-quant-strategy
East Lane Long Term Growth,East Lane Capital Llp,,1039.82,50,,7.76,19.82,7.27,10.68,7.95,16,17.05,11.57,15.34,,,,2026-06-30,APMI monthly report Jun 2026,,pmsStrategy-east-lane-capital-llp-east-lane-long-term-growth
Edelweiss Event Arbitrage Portfolio Approach,Edelweiss Asset Management Ltd,Hybrid,0.3,50,,2.16,6.25,1.79,3.81,2.52,5.05,5.62,5.23,7.44,,,,2026-06-30,APMI monthly report Jun 2026,,pmsStrategy-edelweiss-asset-management-ltd-edelweiss-event-arbitrage-portfolio-approach
Edelweiss Structured Solutions Approach (ESS Strategy),Edelweiss Asset Management Ltd,Hybrid,2.83,50,,1.38,3.86,7.24,14.99,16.26,12.89,12.53,12.18,9.41,,,,2026-06-30,APMI monthly report Jun 2026,,pmsStrategy-edelweiss-asset-management-ltd-edelweiss-structured-solutions-approach-ess-strategy
Edelweiss Focused Mid and Small Cap Portfolio - Series II,Edelweiss Global Wealth Management Limited,,4.65,50,,6.31,29.08,9.09,7.52,3.1,9.56,11.23,8.32,9.36,,,,2026-06-30,APMI monthly report Jun 2026,,pmsStrategy-edelweiss-global-wealth-management-limited-edelweiss-focused-mid-and-small-cap-portfolio-series-
Edelweiss Focused Mid and Small Cap Portfolio Approach,Edelweiss Global Wealth Management Limited,,21.55,50,,5.73,27.21,7.39,7.66,4.19,11.35,12.75,9.49,10.07,,,,2026-06-30,APMI monthly report Jun 2026,,pmsStrategy-edelweiss-global-wealth-management-limited-edelweiss-focused-mid-and-small-cap-portfolio-approac
Electrum Laureate Portfolio,Electrum Portfolio Managers Pvt Limited,,658.96,50,,10.94,36.36,15.4,11.88,12.38,23.84,26.59,22.45,30.23,,,,2026-06-30,APMI monthly report Jun 2026,,pmsStrategy-electrum-portfolio-managers-pvt-limited-electrum-laureate-portfolio
Electrum Liquid Approach,Electrum Portfolio Managers Pvt Limited,Hybrid,0.86,50,,0.52,-2.29,-1.13,0.81,,,,,1.01,,,,2026-06-30,APMI monthly report Jun 2026,,pmsStrategy-electrum-portfolio-managers-pvt-limited-electrum-liquid-approach
Electrum Novogram Excel Strategy,Electrum Portfolio Managers Pvt Limited,,7.01,50,,9.9,34.41,13.8,9.78,,,,,-1.91,,,,2026-06-30,APMI monthly report Jun 2026,,pmsStrategy-electrum-portfolio-managers-pvt-limited-electrum-novogram-excel-strategy
Electrum S.C.A.L.E.,Electrum Portfolio Managers Pvt Limited,,5.06,50,,8.64,28.95,17.62,16.31,,,,,10.24,,,,2026-06-30,APMI monthly report Jun 2026,,pmsStrategy-electrum-portfolio-managers-pvt-limited-electrum-s-c-a-l-e
Electrum Viksit Bharat Approach,Electrum Portfolio Managers Pvt Limited,,1.09,50,,7.65,26.44,11.68,,,,,,11.25,,,,2026-06-30,APMI monthly report Jun 2026,,pmsStrategy-electrum-portfolio-managers-pvt-limited-electrum-viksit-bharat-approach
EIML CAPITAL,Emkay Investment Managers Limited,,532.34,50,,4.43,11.82,-4.27,2.67,7.48,15.84,19.88,15.84,12.61,,,,2026-06-30,APMI monthly report Jun 2026,,pmsStrategy-emkay-investment-managers-limited-eiml-capital
EIML PEARLS,Emkay Investment Managers Limited,,19.76,50,,6.49,18.56,3.95,9.46,8.05,15.42,20.16,14.86,18.03,,,,2026-06-30,APMI monthly report Jun 2026,,pmsStrategy-emkay-investment-managers-limited-eiml-pearls
EIML SMID,Emkay Investment Managers Limited,,124.03,50,,5.14,26.9,3.69,-7.02,,,,,-4.91,,,,2026-06-30,APMI monthly report Jun 2026,,pmsStrategy-emkay-investment-managers-limited-eiml-smid
EMKAY GEMS,Emkay Investment Managers Limited,,14.28,50,,4.9,17.45,5.09,5.23,0.36,12.42,16.32,13.04,17.66,,,,2026-06-30,APMI monthly report Jun 2026,,pmsStrategy-emkay-investment-managers-limited-emkay-gems
EMKAY GEMS NRI,Emkay Investment Managers Limited,,1.98,50,,5.5,17.03,4.56,4.54,1.33,12.63,17.42,13.68,11.9,,,,2026-06-30,APMI monthly report Jun 2026,,pmsStrategy-emkay-investment-managers-limited-emkay-gems-nri
EMKAY LEAD,Emkay Investment Managers Limited,,2.53,50,,2.88,10.19,-4.91,-4.56,-0.2,5.56,7.99,4.61,7.43,,,,2026-06-30,APMI monthly report Jun 2026,,pmsStrategy-emkay-investment-managers-limited-emkay-lead
EMKAY LIQUID,Emkay Investment Managers Limited,Hybrid,10.72,50,,0.37,1.11,2.21,4.7,5.27,5.85,5.9,5.43,4.99,,,,2026-06-30,APMI monthly report Jun 2026,,pmsStrategy-emkay-investment-managers-limited-emkay-liquid
EMKAY MULTICAP,Emkay Investment Managers Limited,,0.67,50,,4.65,13.09,-2.56,4.06,8.24,16.42,19.43,15.51,4.45,,,,2026-06-30,APMI monthly report Jun 2026,,pmsStrategy-emkay-investment-managers-limited-emkay-multicap
EMKAY NEW VITALIZED INDIA,Emkay Investment Managers Limited,,96.9,50,,5.69,24.74,15.96,14.13,8.99,17.29,22.17,,22.81,,,,2026-06-30,APMI monthly report Jun 2026,,pmsStrategy-emkay-investment-managers-limited-emkay-new-vitalized-india
EMKAYGOLDEN,Emkay Investment Managers Limited,,98.06,50,,4.24,19.3,1.45,-0.28,7.06,,,,13.92,,,,2026-06-30,APMI monthly report Jun 2026,,pmsStrategy-emkay-investment-managers-limited-emkaygolden
EMKAYS 12,Emkay Investment Managers Limited,,2.7,50,,2.65,10.4,-4.16,-1.07,4.25,9.39,12.15,8.66,10.5,,,,2026-06-30,APMI monthly report Jun 2026,,pmsStrategy-emkay-investment-managers-limited-emkays-12
EMKAYS ALPHA,Emkay Investment Managers Limited,,189.3,50,,6.65,21.16,2.88,5.37,5.53,15.81,17.65,13.57,13.19,,,,2026-06-30,APMI monthly report Jun 2026,,pmsStrategy-emkay-investment-managers-limited-emkays-alpha
GUARDIAN FLEXICAP,Emkay Investment Managers Limited,,19.21,50,,3.66,,,,,,,,10.03,,,,2026-06-30,APMI monthly report Jun 2026,,pmsStrategy-emkay-investment-managers-limited-guardian-flexicap
INVESTMENT IN MULTI ASSET,Emkay Investment Managers Limited,Hybrid,4.24,50,,3.69,13.32,4.34,,,,,,6.91,,,,2026-06-30,APMI monthly report Jun 2026,,pmsStrategy-emkay-investment-managers-limited-investment-in-multi-asset
Enam India Core Equity Portfolio,Enam Asset Management Company Private Limited,,9048.04,50,,7.47,19.15,9.48,10.32,3.95,12.79,18.72,13.18,19.19,,,,2026-06-30,APMI monthly report Jun 2026,,pmsStrategy-enam-asset-management-company-private-limited-enam-india-core-equity-portfolio
Enam India Diversified Equity Advantage Portfolio,Enam Asset Management Company Private Limited,,3637.03,50,,7.03,20.44,9.24,14.28,6.16,13.04,17.2,11.67,15.8,,,,2026-06-30,APMI monthly report Jun 2026,,pmsStrategy-enam-asset-management-company-private-limited-enam-india-diversified-equity-advantage-portfolio
Enam India Equity Portfolio,Enam Asset Management Company Private Limited,,21708.57,50,,2.76,13.48,-0.72,2.29,0.62,12.1,17.59,13.04,17.26,,,,2026-06-30,APMI monthly report Jun 2026,,pmsStrategy-enam-asset-management-company-private-limited-enam-india-equity-portfolio
Enam India Liquid Portfolio - STP,Enam Asset Management Company Private Limited,Hybrid,3.74,50,,0.61,1.56,2.74,5.42,6.06,6.31,6.3,,6.24,,,,2026-06-30,APMI monthly report Jun 2026,,pmsStrategy-enam-asset-management-company-private-limited-enam-india-liquid-portfolio-stp
Enam India Opportunities Portfolio,Enam Asset Management Company Private Limited,,723.48,50,,6.96,20.69,10.65,15.79,9.92,17.4,,,18.07,,,,2026-06-30,APMI monthly report Jun 2026,,pmsStrategy-enam-asset-management-company-private-limited-enam-india-opportunities-portfolio
Enam India Vision Portfolio,Enam Asset Management Company Private Limited,,888.08,50,,8.61,20.79,8.82,13.48,6,13.52,,,15.42,,,,2026-06-30,APMI monthly report Jun 2026,,pmsStrategy-enam-asset-management-company-private-limited-enam-india-vision-portfolio
DIVIDEND YIELD APPROACH,Entrust Family Office Investment Advisors Pvt Ltd,,751.37,50,,-1.92,13.44,2.93,3.85,3.26,27.44,30.19,23.38,21.99,,,,2026-06-30,APMI monthly report Jun 2026,,pmsStrategy-entrust-family-office-investment-advisors-pvt-ltd-dividend-yield-approach
Deltabet Equity Approach,Entrust Family Office Investment Advisors Pvt Ltd,,21.65,50,,2.59,23.57,0.06,-11.02,-8.85,-0.57,6.34,,3.26,,,,2026-06-30,APMI monthly report Jun 2026,,pmsStrategy-entrust-family-office-investment-advisors-pvt-ltd-deltabet-equity-approach
Envision India Opportunities Portfolio,Envision Capital Services Private Limited,,127.73,50,,7.38,22.91,2.14,6.32,4.73,15.95,19.22,15.37,16.41,,,,2026-06-30,APMI monthly report Jun 2026,,pmsStrategy-envision-capital-services-private-limited-envision-india-opportunities-portfolio
Envision India Value Portdolio,Envision Capital Services Private Limited,,57.57,50,,7.32,26.69,2.74,6.62,1.19,14.07,17.74,13.85,12.41,,,,2026-06-30,APMI monthly report Jun 2026,,pmsStrategy-envision-capital-services-private-limited-envision-india-value-portdolio
Envision New Frontiers Portfolio,Envision Capital Services Private Limited,,9.65,50,,6.35,14.97,10.33,,,,,,10.6,,,,2026-06-30,APMI monthly report Jun 2026,,pmsStrategy-envision-capital-services-private-limited-envision-new-frontiers-portfolio
EQUENTIS CONCENTRATED PORTFOLIO,Equentis Wealth Advisory Services Limited,,22.55,50,,1.86,12.2,-1.07,-3.25,,,,,2.61,,,,2026-06-30,APMI monthly report Jun 2026,,pmsStrategy-equentis-wealth-advisory-services-limited-equentis-concentrated-portfolio
EQUENTIS MULTI CAP PORTFOLIO,Equentis Wealth Advisory Services Limited,,84.71,50,,3.19,12.68,-1.34,-1.65,,,,,0.11,,,,2026-06-30,APMI monthly report Jun 2026,,pmsStrategy-equentis-wealth-advisory-services-limited-equentis-multi-cap-portfolio
EQUENTIS SPECIAL OPPORTUNITIES PORTFOLIO,Equentis Wealth Advisory Services Limited,,7.04,50,,2.22,16.09,0.54,-3.6,,,,,1,,,,2026-06-30,APMI monthly report Jun 2026,,pmsStrategy-equentis-wealth-advisory-services-limited-equentis-special-opportunities-portfolio
EQUIRUS LONG HORIZON FUND,Equirus Wealth Private Limited,,368.85,50,,14.49,41.41,18.12,14.87,8.24,17.53,20.32,13.01,20.92,,,,2026-06-30,APMI monthly report Jun 2026,,pmsStrategy-equirus-wealth-private-limited-equirus-long-horizon-fund
Equirus Flexi Cap Fund,Equirus Wealth Private Limited,,110.01,50,,4.3,21.21,8.16,,,,,,9.44,,,,2026-06-30,APMI monthly report Jun 2026,,pmsStrategy-equirus-wealth-private-limited-equirus-flexi-cap-fund
EQUITREE EMERGING OPPORTUNITIES,Equitree Capital Advisors Private Limited,,1512.21,50,,10.76,34.06,5.81,-2.59,5.18,27.19,29,23.23,7.9,,,,2026-06-30,APMI monthly report Jun 2026,,pmsStrategy-equitree-capital-advisors-private-limited-equitree-emerging-opportunities
Value Investing,Equity Intelligence India Private Limited,,1165.63,50,,3.66,30.3,-1.59,-22.87,-14.53,-1.99,8.64,6.14,17.48,,,,2026-06-30,APMI monthly report Jun 2026,,pmsStrategy-equity-intelligence-india-private-limited-value-investing
I Alpha,Estee Advisors Private Limited,Hybrid,256.96,50,,0.87,2.08,3.9,7.9,9.36,10.7,9.71,9.06,10.46,,,,2026-06-30,APMI monthly report Jun 2026,,pmsStrategy-estee-advisors-private-limited-i-alpha
Lomg Alpha,Estee Advisors Private Limited,,55.5,50,,-0.3,10.98,-1.76,-4.42,-1.84,17.84,20.1,14.73,17.33,,,,2026-06-30,APMI monthly report Jun 2026,,pmsStrategy-estee-advisors-private-limited-lomg-alpha
Eternity Unconstrained Core Equity approach,Eternity Investments Management Partners LLP,,16.97,50,,6.15,20.46,,,,,,,13,,,,2026-06-30,APMI monthly report Jun 2026,,pmsStrategy-eternity-investments-management-partners-llp-eternity-unconstrained-core-equity-approach
Multicap,Eureka Portfolio Management Services Pvt Ltd,,64.08,50,,3.67,20.74,5.56,3.41,1.86,20.18,20.81,15.64,10.04,,,,2026-06-30,APMI monthly report Jun 2026,,pmsStrategy-eureka-portfolio-management-services-pvt-ltd-multicap
FE Securities Focused Approach,FE SECURITIES PRIVATE LIMITED,,40.96,50,,1.31,35.37,1.87,-15.69,,,,,-15.73,,,,2026-06-30,APMI monthly report Jun 2026,,pmsStrategy-fe-securities-private-limited-fe-securities-focused-approach
Growth,FIVE RIVERS PORTFOLIO MANAGERS PRIVATE LIMITED,,241.92,50,,5.64,22.81,7.39,9.88,11.9,17.14,19.78,14.67,17.14,,,,2026-06-30,APMI monthly report Jun 2026,,pmsStrategy-five-rivers-portfolio-managers-private-limited-growth
FORT DYNAMIC,FORT CAPITAL INVESTMENT ADVISORY PRIVATE LIMITED,,198.13,50,,3.3,14.42,-2.7,4.85,9.07,,,,17.17,,,,2026-06-30,APMI monthly report Jun 2026,,pmsStrategy-fort-capital-investment-advisory-private-limited-fort-dynamic
FORT VALUE,FORT CAPITAL INVESTMENT ADVISORY PRIVATE LIMITED,,12.05,50,,2.82,23.74,12.95,7.98,6.33,11.52,16.82,16.71,14.9,,,,2026-06-30,APMI monthly report Jun 2026,,pmsStrategy-fort-capital-investment-advisory-private-limited-fort-value
MULTICAP VALUE FUND,FORTUNE WEALTH MANAGEMENT CO INDIA P LTD,,370.58,50,,4.36,21.17,4.99,7.19,5.01,,,,7.55,,,,2026-06-30,APMI monthly report Jun 2026,,pmsStrategy-fortune-wealth-management-co-india-p-ltd-multicap-value-fund
Quantitative Alpha Fund,FORTUNE WEALTH MANAGEMENT CO INDIA P LTD,Hybrid,27.37,50,,3.9,18.85,4.28,1.98,,,,,12.82,,,,2026-06-30,APMI monthly report Jun 2026,,pmsStrategy-fortune-wealth-management-co-india-p-ltd-quantitative-alpha-fund
FYERS Genesis Fund,FYERS ASSET MANAGEMENT PRIVATE LIMITED,,16.43,50,,3.36,15.39,-2.51,-2.95,,,,,1.47,,,,2026-06-30,APMI monthly report Jun 2026,,pmsStrategy-fyers-asset-management-private-limited-fyers-genesis-fund
FULL SERIES 2,Fident Asset Management Private Limited,Hybrid,14.68,50,,39.32,39.31,37.4,,,,,,36.9,,,,2026-06-30,APMI monthly report Jun 2026,,pmsStrategy-fident-asset-management-private-limited-full-series-2
FULL SERIES 4,Fident Asset Management Private Limited,Hybrid,12.64,50,,19.16,23.82,20.08,,,,,,18.97,,,,2026-06-30,APMI monthly report Jun 2026,,pmsStrategy-fident-asset-management-private-limited-full-series-4
FULL SERIES 5,Fident Asset Management Private Limited,Hybrid,11.57,50,,15.98,16.87,9.37,,,,,,9.47,,,,2026-06-30,APMI monthly report Jun 2026,,pmsStrategy-fident-asset-management-private-limited-full-series-5
Fident All-Season India Resilient Portfolio (FAIR),Fident Asset Management Private Limited,,11.45,50,,1.94,16.58,4.71,5.3,9.13,,,,12.64,,,,2026-06-30,APMI monthly report Jun 2026,,pmsStrategy-fident-asset-management-private-limited-fident-all-season-india-resilient-portfolio-fair
Fident Guardian Select Equity,Fident Asset Management Private Limited,,20.84,50,,4.35,,,,,,,,8.17,,,,2026-06-30,APMI monthly report Jun 2026,,pmsStrategy-fident-asset-management-private-limited-fident-guardian-select-equity
Fident India Builder Equity Portfolio (FIBER),Fident Asset Management Private Limited,,20.64,50,,7.46,43.93,18.29,6.98,7.73,,,,7.93,,,,2026-06-30,APMI monthly report Jun 2026,,pmsStrategy-fident-asset-management-private-limited-fident-india-builder-equity-portfolio-fiber
Fident Liquid Execution Portfolio (FLEX),Fident Asset Management Private Limited,Hybrid,,50,,0,0,0,0,,,,,0,,,,2026-06-30,APMI monthly report Jun 2026,,pmsStrategy-fident-asset-management-private-limited-fident-liquid-execution-portfolio-flex
Fident Unlisted and Listed Large Value Portfolio (FULL) - Series 1,Fident Asset Management Private Limited,Hybrid,12.15,50,,2.03,19.17,18.89,-9,,,,,0.21,,,,2026-06-30,APMI monthly report Jun 2026,,pmsStrategy-fident-asset-management-private-limited-fident-unlisted-and-listed-large-value-portfolio-full-se
Full Series 3,Fident Asset Management Private Limited,Hybrid,50.84,50,,-0.31,-0.44,-0.28,,,,,,-0.46,,,,2026-06-30,APMI monthly report Jun 2026,,pmsStrategy-fident-asset-management-private-limited-full-series-3
Full Series 6,Fident Asset Management Private Limited,Hybrid,55.91,50,,0.27,0.32,-0.07,,,,,,3.49,,,,2026-06-30,APMI monthly report Jun 2026,,pmsStrategy-fident-asset-management-private-limited-full-series-6
Full Series 7,Fident Asset Management Private Limited,Hybrid,12.32,50,,9.89,9.88,5.84,,,,,,7.17,,,,2026-06-30,APMI monthly report Jun 2026,,pmsStrategy-fident-asset-management-private-limited-full-series-7
FINDOC Equity Fund,Findoc Investmart Private Limited,,0.41,50,,0,21.34,-6.72,-22.96,,,,,-14.42,,,,2026-06-30,APMI monthly report Jun 2026,,pmsStrategy-findoc-investmart-private-limited-findoc-equity-fund
FINDOC VANTAGE FUND,Findoc Investmart Private Limited,,2.46,50,,3.42,,,,,,,,12.32,,,,2026-06-30,APMI monthly report Jun 2026,,pmsStrategy-findoc-investmart-private-limited-findoc-vantage-fund
Findoc Emerging Midcap and Small Cap Fund,Findoc Investmart Private Limited,,,50,,0,18.52,,,,,,,10.97,,,,2026-06-30,APMI monthly report Jun 2026,,pmsStrategy-findoc-investmart-private-limited-findoc-emerging-midcap-and-small-cap-fund
Findoc Large cap fund,Findoc Investmart Private Limited,,,50,,0,11.39,,,,,,,1.06,,,,2026-06-30,APMI monthly report Jun 2026,,pmsStrategy-findoc-investmart-private-limited-findoc-large-cap-fund
Fisdom Custom Edge,Finwizard Technology Private Limited,Hybrid,208.2,50,,0.67,12.47,2.13,8.1,,,,,8.14,,,,2026-06-30,APMI monthly report Jun 2026,,pmsStrategy-finwizard-technology-private-limited-fisdom-custom-edge
Fisdom Wealth Edge,Finwizard Technology Private Limited,,148.78,50,,-1.66,8.59,-1.14,6.68,,,,,7.97,,,,2026-06-30,APMI monthly report Jun 2026,,pmsStrategy-finwizard-technology-private-limited-fisdom-wealth-edge
First Global India Super 50 (FG-IS50),First Global Finance Private Limited,,187.44,50,,2.1,12.22,-3.84,-4.67,-3.08,7.89,11.71,8.49,16.65,,,,2026-06-30,APMI monthly report Jun 2026,,pmsStrategy-first-global-finance-private-limited-first-global-india-super-50-fg-is50
The First Global Indian Multi-Asset Allocation PMS (IMAAP),First Global Finance Private Limited,Hybrid,20.19,50,,0.3,8.24,-1.89,2.58,2.39,10.06,12.67,9.61,13.46,,,,2026-06-30,APMI monthly report Jun 2026,,pmsStrategy-first-global-finance-private-limited-the-first-global-indian-multi-asset-allocation-pms-imaap
FORTUNA ONE,Fortuna Asset Managers LLP,,88.74,50,,4,29.56,9.73,16.84,15.26,,,,28.66,,,,2026-06-30,APMI monthly report Jun 2026,,pmsStrategy-fortuna-asset-managers-llp-fortuna-one
FORTUNA THREE - MULTI ASSET GROWTH STRATEGY,Fortuna Asset Managers LLP,Hybrid,0.73,50,,2.77,9.07,,,,,,,7.13,,,,2026-06-30,APMI monthly report Jun 2026,,pmsStrategy-fortuna-asset-managers-llp-fortuna-three-multi-asset-growth-strategy
FORTUNA TWO,Fortuna Asset Managers LLP,Hybrid,7.85,50,,1.42,2.63,3.92,7.83,8.73,,,,8.27,,,,2026-06-30,APMI monthly report Jun 2026,,pmsStrategy-fortuna-asset-managers-llp-fortuna-two
Non-Discretionary Portfolio Management Services (NDPMS),Fortuna Asset Managers LLP,,3.11,50,,-8.65,-5.73,-21.62,-17.2,-9.28,,,,-1.47,,,,2026-06-30,APMI monthly report Jun 2026,,pmsStrategy-fortuna-asset-managers-llp-non-discretionary-portfolio-management-services-ndpms
FCI LLP Non-Discretionary PMS,Fractal Capital Investments Llp,,11.46,50,,2.5,20.59,-9.83,-30.56,-15.43,5.26,,,5.43,,,,2026-06-30,APMI monthly report Jun 2026,,pmsStrategy-fractal-capital-investments-llp-fci-llp-non-discretionary-pms
FCI LLP Opportunities,Fractal Capital Investments Llp,,35.56,50,,3.82,21.62,-2.37,-8.76,2.65,13.9,18.92,,18.13,,,,2026-06-30,APMI monthly report Jun 2026,,pmsStrategy-fractal-capital-investments-llp-fci-llp-opportunities
FCI LLP Wealth Builder,Fractal Capital Investments Llp,,45.95,50,,2.88,16.99,-3.56,-8.14,1.84,12.83,21.05,14.86,15.65,,,,2026-06-30,APMI monthly report Jun 2026,,pmsStrategy-fractal-capital-investments-llp-fci-llp-wealth-builder
FCI LLP Wealth Optimizer,Fractal Capital Investments Llp,Hybrid,11.15,50,,1.32,2.32,4.04,8.7,9.91,9.23,9.35,8.79,8.49,,,,2026-06-30,APMI monthly report Jun 2026,,pmsStrategy-fractal-capital-investments-llp-fci-llp-wealth-optimizer
FCI LLP Wealth Optimizer II,Fractal Capital Investments Llp,,17.97,50,,-3.27,2.5,1.37,19.49,17.79,22.69,23.03,17.44,17.14,,,,2026-06-30,APMI monthly report Jun 2026,,pmsStrategy-fractal-capital-investments-llp-fci-llp-wealth-optimizer-ii
GAUVIK WEALTH MANAGEMENT LLP - THE SUMERU STRATEGY,Gauvik Wealth Management LLP,,56.52,50,,,,,,,,,,0.32,,,,2026-06-30,APMI monthly report Jun 2026,,pmsStrategy-gauvik-wealth-management-llp-gauvik-wealth-management-llp-the-sumeru-strategy
ADVANTAGE PORTFOLIO,Geojit Financial Services Ltd,,1216.9,50,,2.52,17.32,4.59,4.53,2.3,10.83,14.98,13.81,20.93,,,,2026-06-30,APMI monthly report Jun 2026,,pmsStrategy-geojit-financial-services-ltd-advantage-portfolio
BEACON PORTFOLIO,Geojit Financial Services Ltd,,183.55,50,,4.43,22.06,4.25,2.77,,,,,-2.62,,,,2026-06-30,APMI monthly report Jun 2026,,pmsStrategy-geojit-financial-services-ltd-beacon-portfolio
DAKSHIN PORTFOLIO,Geojit Financial Services Ltd,,42.52,50,,1.5,20.41,-1.17,-7.95,-7.24,5.4,10.52,6.85,9.78,,,,2026-06-30,APMI monthly report Jun 2026,,pmsStrategy-geojit-financial-services-ltd-dakshin-portfolio
ETHICAL PORTFOLIO,Geojit Financial Services Ltd,,10.96,50,,1.45,16.18,0.93,-3.68,-4.63,5.16,8.81,,5.3,,,,2026-06-30,APMI monthly report Jun 2026,,pmsStrategy-geojit-financial-services-ltd-ethical-portfolio
FREEDOM PORTFOLIO,Geojit Financial Services Ltd,,179.38,50,,2.52,13.23,-2.98,-2.17,-1.6,5.21,9.87,7.7,12.83,,,,2026-06-30,APMI monthly report Jun 2026,,pmsStrategy-geojit-financial-services-ltd-freedom-portfolio
NDPMS PORTFOLIO,Geojit Financial Services Ltd,,40.41,50,,2.48,15.44,3.67,,,,,,9.07,,,,2026-06-30,APMI monthly report Jun 2026,,pmsStrategy-geojit-financial-services-ltd-ndpms-portfolio
ACTIVE,Ghalla Bhansali Stock Brokers Pvt Ltd,,9.77,50,,4.94,41.59,8.34,5.95,-1.42,18.9,22.72,18.47,22.46,,,,2026-06-30,APMI monthly report Jun 2026,,pmsStrategy-ghalla-bhansali-stock-brokers-pvt-ltd-active
ALPHA STAR,Ghalla Bhansali Stock Brokers Pvt Ltd,,11.52,50,,3.07,17.76,3.28,-3.92,-4.12,5.53,8.02,4.64,11.72,,,,2026-06-30,APMI monthly report Jun 2026,,pmsStrategy-ghalla-bhansali-stock-brokers-pvt-ltd-alpha-star
DISCOVERY,Ghalla Bhansali Stock Brokers Pvt Ltd,,19.75,50,,5.39,42.62,8.85,7.15,-0.85,19.19,23.17,18.87,22.52,,,,2026-06-30,APMI monthly report Jun 2026,,pmsStrategy-ghalla-bhansali-stock-brokers-pvt-ltd-discovery
FOCUSSED MULTICAP,Ghalla Bhansali Stock Brokers Pvt Ltd,,22.22,50,,1.89,16.07,-0.29,-3.65,-0.75,8.17,10.94,7.37,12.87,,,,2026-06-30,APMI monthly report Jun 2026,,pmsStrategy-ghalla-bhansali-stock-brokers-pvt-ltd-focussed-multicap
GROWTH,Ghalla Bhansali Stock Brokers Pvt Ltd,,22.18,50,,6.85,43.89,16.64,10.16,4.05,17.82,21.92,17.87,20.02,,,,2026-06-30,APMI monthly report Jun 2026,,pmsStrategy-ghalla-bhansali-stock-brokers-pvt-ltd-growth
HIGH RISER,Ghalla Bhansali Stock Brokers Pvt Ltd,,22.11,50,,4.84,40.15,15.04,7.95,4.35,18.9,22.79,18,19.5,,,,2026-06-30,APMI monthly report Jun 2026,,pmsStrategy-ghalla-bhansali-stock-brokers-pvt-ltd-high-riser
IMPERIAL INDIA FOCUSED EQUITY,Ghalla Bhansali Stock Brokers Pvt Ltd,,31.98,50,,12.17,57.64,17.73,13.04,5.09,22.39,24.38,19.69,15.51,,,,2026-06-30,APMI monthly report Jun 2026,,pmsStrategy-ghalla-bhansali-stock-brokers-pvt-ltd-imperial-india-focused-equity
JEWEL,Ghalla Bhansali Stock Brokers Pvt Ltd,,42.64,50,,4.3,39.49,3.55,-1.74,-6.22,17.62,24.76,18.79,14.67,,,,2026-06-30,APMI monthly report Jun 2026,,pmsStrategy-ghalla-bhansali-stock-brokers-pvt-ltd-jewel
KINETIC,Ghalla Bhansali Stock Brokers Pvt Ltd,,90.6,50,,9.09,57.8,26.54,10.37,8.41,26.06,33.02,27.43,23.46,,,,2026-06-30,APMI monthly report Jun 2026,,pmsStrategy-ghalla-bhansali-stock-brokers-pvt-ltd-kinetic
LEAPFROG,Ghalla Bhansali Stock Brokers Pvt Ltd,,49.22,50,,9.88,43.96,12.7,-1.16,-6.34,,,,3.45,,,,2026-06-30,APMI monthly report Jun 2026,,pmsStrategy-ghalla-bhansali-stock-brokers-pvt-ltd-leapfrog
MAJESTIC,Ghalla Bhansali Stock Brokers Pvt Ltd,,14.33,50,,9.75,48.5,14.73,6.2,1.83,,,,11.47,,,,2026-06-30,APMI monthly report Jun 2026,,pmsStrategy-ghalla-bhansali-stock-brokers-pvt-ltd-majestic
NUCLEUS,Ghalla Bhansali Stock Brokers Pvt Ltd,,71.19,50,,10.44,37.98,17.08,1.96,-0.35,,,,4.37,,,,2026-06-30,APMI monthly report Jun 2026,,pmsStrategy-ghalla-bhansali-stock-brokers-pvt-ltd-nucleus
OPULENCE,Ghalla Bhansali Stock Brokers Pvt Ltd,,79.33,50,,5.76,32.77,-0.69,-1.76,,,,,-5.03,,,,2026-06-30,APMI monthly report Jun 2026,,pmsStrategy-ghalla-bhansali-stock-brokers-pvt-ltd-opulence
PREMIER,Ghalla Bhansali Stock Brokers Pvt Ltd,,4.39,50,,5,39.49,7.09,3.32,-2.43,17.62,21.36,17.21,21.6,,,,2026-06-30,APMI monthly report Jun 2026,,pmsStrategy-ghalla-bhansali-stock-brokers-pvt-ltd-premier
QUANTFIN GROWTH,Ghalla Bhansali Stock Brokers Pvt Ltd,,3.44,50,,1.09,7.81,-6.01,-4.45,0.18,8.97,12.16,7.61,10.38,,,,2026-06-30,APMI monthly report Jun 2026,,pmsStrategy-ghalla-bhansali-stock-brokers-pvt-ltd-quantfin-growth
RAW PEARL,Ghalla Bhansali Stock Brokers Pvt Ltd,,16.35,50,,4.91,41.9,7.52,6.63,-0.93,19.23,22.93,18.85,23.26,,,,2026-06-30,APMI monthly report Jun 2026,,pmsStrategy-ghalla-bhansali-stock-brokers-pvt-ltd-raw-pearl
UNIQUE,Ghalla Bhansali Stock Brokers Pvt Ltd,,19.75,50,,5.39,42.62,8.85,7.15,-0.85,19.19,23.17,18.87,22.52,,,,2026-06-30,APMI monthly report Jun 2026,,pmsStrategy-ghalla-bhansali-stock-brokers-pvt-ltd-unique
WHITE TRUFFLE,Ghalla Bhansali Stock Brokers Pvt Ltd,,24.68,50,,8.37,30.7,17.01,20.55,14.79,26.09,27.66,21.6,17.39,,,,2026-06-30,APMI monthly report Jun 2026,,pmsStrategy-ghalla-bhansali-stock-brokers-pvt-ltd-white-truffle
Girik BluFIN Strategy,Girik Wealth Advisors Private Limited,,135.1,50,,8.4,28.6,13.43,7.49,2.25,20.17,21.38,,10.2,,,,2026-06-30,APMI monthly report Jun 2026,,pmsStrategy-girik-wealth-advisors-private-limited-girik-blufin-strategy
Girik Liquid Strategy,Girik Wealth Advisors Private Limited,Hybrid,0.03,50,,0.65,1.82,3.3,6.34,6.74,6.88,6.77,,6.43,,,,2026-06-30,APMI monthly report Jun 2026,,pmsStrategy-girik-wealth-advisors-private-limited-girik-liquid-strategy
Girik Multicap Strategy,Girik Wealth Advisors Private Limited,,1571.15,50,,4.45,15.72,-1.08,-2.56,0.12,17.18,18.96,13.26,18.9,,,,2026-06-30,APMI monthly report Jun 2026,,pmsStrategy-girik-wealth-advisors-private-limited-girik-multicap-strategy
Girik Non Discretionary Strategy,Girik Wealth Advisors Private Limited,,16.37,50,,0.02,12.43,-3.05,-3.5,0.94,20.94,23.74,18.76,22.48,,,,2026-06-30,APMI monthly report Jun 2026,,pmsStrategy-girik-wealth-advisors-private-limited-girik-non-discretionary-strategy
Girik PMS BluFIN X Equity Strategy,Girik Wealth Advisors Private Limited,,160.96,50,,4.08,23.84,14.68,13.08,-3.54,,,,0.93,,,,2026-06-30,APMI monthly report Jun 2026,,pmsStrategy-girik-wealth-advisors-private-limited-girik-pms-blufin-x-equity-strategy
Globe Arbitrage/Special Situation,Globe Capital Market Ltd,,284.63,50,,3.69,27.77,-1.34,4.61,1.36,13.57,14.84,13.05,14.38,,,,2026-06-30,APMI monthly report Jun 2026,,pmsStrategy-globe-capital-market-ltd-globe-arbitrage-special-situation
Value Driven Approach,Globe Capital Market Ltd,,1209.54,50,,2.56,29.54,-1.55,0.01,0.84,16.66,20.81,15.25,14.15,,,,2026-06-30,APMI monthly report Jun 2026,,pmsStrategy-globe-capital-market-ltd-value-driven-approach
57Forward Diversified Momentum Portfolio,GoldStandard Wealth Private Limited,,1.63,50,,-5.6,,,,,,,,-2.93,,,,2026-06-30,APMI monthly report Jun 2026,,pmsStrategy-goldstandard-wealth-private-limited-57forward-diversified-momentum-portfolio
AMS Resilient Portfolio,GoldStandard Wealth Private Limited,,0.5,50,,,,,,,,,,-0.38,,,,2026-06-30,APMI monthly report Jun 2026,,pmsStrategy-goldstandard-wealth-private-limited-ams-resilient-portfolio
Aristos Equity Portfolio,GoldStandard Wealth Private Limited,,563.41,50,,2.42,18.51,-1.38,,,,,,-2.55,,,,2026-06-30,APMI monthly report Jun 2026,,pmsStrategy-goldstandard-wealth-private-limited-aristos-equity-portfolio
Compass TrueNorth Portfolio,GoldStandard Wealth Private Limited,,0.11,50,,1.1,10.55,0.16,,,,,,6.19,,,,2026-06-30,APMI monthly report Jun 2026,,pmsStrategy-goldstandard-wealth-private-limited-compass-truenorth-portfolio
Equicalm MFSIF Discretionary Portfolio,GoldStandard Wealth Private Limited,Hybrid,1.01,50,,0.25,,,,,,,,0.61,,,,2026-06-30,APMI monthly report Jun 2026,,pmsStrategy-goldstandard-wealth-private-limited-equicalm-mfsif-discretionary-portfolio
Eterna Wealth Core Portfolio,GoldStandard Wealth Private Limited,,16.17,50,,0.5,19.9,1.88,,,,,,-2.16,,,,2026-06-30,APMI monthly report Jun 2026,,pmsStrategy-goldstandard-wealth-private-limited-eterna-wealth-core-portfolio
GoldStandard BJW Portfolio,GoldStandard Wealth Private Limited,,20.58,50,,,,,,,,,,-1.09,,,,2026-06-30,APMI monthly report Jun 2026,,pmsStrategy-goldstandard-wealth-private-limited-goldstandard-bjw-portfolio
GoldStandard Non Discretionary Portfolio,GoldStandard Wealth Private Limited,Hybrid,0.91,50,,-30.64,,,,,,,,-30.64,,,,2026-06-30,APMI monthly report Jun 2026,,pmsStrategy-goldstandard-wealth-private-limited-goldstandard-non-discretionary-portfolio
GoldStandard Wealth FoF Portfolio,GoldStandard Wealth Private Limited,Hybrid,0.5,50,,0.09,1.26,2.75,,,,,,4.68,,,,2026-06-30,APMI monthly report Jun 2026,,pmsStrategy-goldstandard-wealth-private-limited-goldstandard-wealth-fof-portfolio
Hxgon Partners Quality Opportunities Portfolio,GoldStandard Wealth Private Limited,,1,50,,2.58,,,,,,,,0.22,,,,2026-06-30,APMI monthly report Jun 2026,,pmsStrategy-goldstandard-wealth-private-limited-hxgon-partners-quality-opportunities-portfolio
Just Invest AllCap Portfolio,GoldStandard Wealth Private Limited,,0.52,50,,2.76,,,,,,,,4.3,,,,2026-06-30,APMI monthly report Jun 2026,,pmsStrategy-goldstandard-wealth-private-limited-just-invest-allcap-portfolio
Magnus Focused Alpha Portfolio,GoldStandard Wealth Private Limited,,1.1,50,,4.18,16.95,,,,,,,16.5,,,,2026-06-30,APMI monthly report Jun 2026,,pmsStrategy-goldstandard-wealth-private-limited-magnus-focused-alpha-portfolio
Mystic Wealth Momentum Portfolio,GoldStandard Wealth Private Limited,,3.03,50,,3.91,13.92,,,,,,,11.07,,,,2026-06-30,APMI monthly report Jun 2026,,pmsStrategy-goldstandard-wealth-private-limited-mystic-wealth-momentum-portfolio
Mystic Wealth Value Portfolio,GoldStandard Wealth Private Limited,,1.28,50,,3.43,11.51,,,,,,,8.64,,,,2026-06-30,APMI monthly report Jun 2026,,pmsStrategy-goldstandard-wealth-private-limited-mystic-wealth-value-portfolio
GL Alpha Fund,Green Lantern Capital LLP,,63.33,50,,0.89,18.6,10.94,13.71,8.44,28.96,31.25,24.82,30.93,,,,2026-06-30,APMI monthly report Jun 2026,,pmsStrategy-green-lantern-capital-llp-gl-alpha-fund
GLC Growth Fund,Green Lantern Capital LLP,,1769.4,50,,1.6,18.19,9.39,8.56,6.1,35.25,37.74,33.66,23.16,,,,2026-06-30,APMI monthly report Jun 2026,,pmsStrategy-green-lantern-capital-llp-glc-growth-fund
GREEN PORTFOLIO DIVIDEND YIELD FUND,Green Portfolio Private Limited,,31.19,50,,2.64,24.1,11.45,15.73,13.9,28,31.36,25.11,29.74,,,,2026-06-30,APMI monthly report Jun 2026,,pmsStrategy-green-portfolio-private-limited-green-portfolio-dividend-yield-fund
GREEN PORTFOLIO FUND OF FUNDS,Green Portfolio Private Limited,,51.83,50,,7.93,45.52,14.15,15.57,16.06,25.36,24.03,21.68,18.78,,,,2026-06-30,APMI monthly report Jun 2026,,pmsStrategy-green-portfolio-private-limited-green-portfolio-fund-of-funds
GREEN PORTFOLIO MNC ADVANTAGE FUND,Green Portfolio Private Limited,,9.76,50,,10.35,32.1,12.96,4.33,2.3,17.64,20.9,17.77,21.58,,,,2026-06-30,APMI monthly report Jun 2026,,pmsStrategy-green-portfolio-private-limited-green-portfolio-mnc-advantage-fund
GREEN PORTFOLIO PRIVATE LIMITED - NDPMS,Green Portfolio Private Limited,,3.22,50,,6.89,39.66,17.62,6.25,5.86,15.71,,,19.22,,,,2026-06-30,APMI monthly report Jun 2026,,pmsStrategy-green-portfolio-private-limited-green-portfolio-private-limited-ndpms
GREEN PORTFOLIO SPECIAL FUND,Green Portfolio Private Limited,,348.22,50,,6.21,38.29,16.19,8.54,5.23,18.18,20.2,16.44,22.55,,,,2026-06-30,APMI monthly report Jun 2026,,pmsStrategy-green-portfolio-private-limited-green-portfolio-special-fund
GREEN PORTFOLIO SUPER 30 DYNAMIC FUND,Green Portfolio Private Limited,,245.62,50,,4.82,52.89,22.7,15.29,11.21,21.42,28.03,26.91,27.56,,,,2026-06-30,APMI monthly report Jun 2026,,pmsStrategy-green-portfolio-private-limited-green-portfolio-super-30-dynamic-fund
GREEN PORTFOLIO THE IMPACT ESG FUND,Green Portfolio Private Limited,,4.36,50,,8.62,47.73,22.1,9.33,5.34,23.92,28.15,,25.63,,,,2026-06-30,APMI monthly report Jun 2026,,pmsStrategy-green-portfolio-private-limited-green-portfolio-the-impact-esg-fund
THE GREEN ETHICAL FUND,Green Portfolio Private Limited,,29.53,50,,8.48,42.52,24.89,14.69,9.83,,,,9.3,,,,2026-06-30,APMI monthly report Jun 2026,,pmsStrategy-green-portfolio-private-limited-the-green-ethical-fund
GREYSKY SMART TREASURY,Grey Sky Capital Private Limited,Hybrid,2.88,50,,0.56,6.15,,,,,,,6.98,,,,2026-06-30,APMI monthly report Jun 2026,,pmsStrategy-grey-sky-capital-private-limited-greysky-smart-treasury
Grey Sky Smart Core Portfolio,Grey Sky Capital Private Limited,,93.83,50,,-0.79,19.33,29.14,,,,,,28.91,,,,2026-06-30,APMI monthly report Jun 2026,,pmsStrategy-grey-sky-capital-private-limited-grey-sky-smart-core-portfolio
Grey Sky Smart Liquid Strategy,Grey Sky Capital Private Limited,Hybrid,3.38,50,,0.35,0.39,,,,,,,0.38,,,,2026-06-30,APMI monthly report Jun 2026,,pmsStrategy-grey-sky-capital-private-limited-grey-sky-smart-liquid-strategy
GROWTHFINITI CONSERVATIVE,Growthfiniti Wealth Pvt Ltd,Hybrid,0.1,50,,0.18,1.26,-1.46,,,,,,-0.31,,,,2026-06-30,APMI monthly report Jun 2026,,pmsStrategy-growthfiniti-wealth-pvt-ltd-growthfiniti-conservative
GROWTHFINITI ENHANCER,Growthfiniti Wealth Pvt Ltd,,3.43,50,,2.89,11.14,-1.92,,,,,,-0.01,,,,2026-06-30,APMI monthly report Jun 2026,,pmsStrategy-growthfiniti-wealth-pvt-ltd-growthfiniti-enhancer
GROWTHFINITI FACTORS,Growthfiniti Wealth Pvt Ltd,,0.5,50,,-0.31,13.2,-0.58,,,,,,-0.42,,,,2026-06-30,APMI monthly report Jun 2026,,pmsStrategy-growthfiniti-wealth-pvt-ltd-growthfiniti-factors
GROWTHFINITI FOCUS 10,Growthfiniti Wealth Pvt Ltd,,0.5,50,,,,,,,,,,0.53,,,,2026-06-30,APMI monthly report Jun 2026,,pmsStrategy-growthfiniti-wealth-pvt-ltd-growthfiniti-focus-10
GROWTHFINITI LEAD,Growthfiniti Wealth Pvt Ltd,,6.94,50,,7.38,21.02,3.69,,,,,,-2.09,,,,2026-06-30,APMI monthly report Jun 2026,,pmsStrategy-growthfiniti-wealth-pvt-ltd-growthfiniti-lead
GROWTHFINITI MAXIMISER,Growthfiniti Wealth Pvt Ltd,,13.3,50,,4.2,16.96,-0.1,,,,,,0.01,,,,2026-06-30,APMI monthly report Jun 2026,,pmsStrategy-growthfiniti-wealth-pvt-ltd-growthfiniti-maximiser
GROWTHFINITI STABLE,Growthfiniti Wealth Pvt Ltd,Hybrid,1.66,50,,2.5,8.85,-0.97,,,,,,2.19,,,,2026-06-30,APMI monthly report Jun 2026,,pmsStrategy-growthfiniti-wealth-pvt-ltd-growthfiniti-stable
Core Value Strategy,Guardian Advisors Private Limited,,10.27,50,,-4.67,-21.99,-19.27,-18.93,-14.55,0.12,0.71,0.99,11.27,,,,2026-06-30,APMI monthly report Jun 2026,,pmsStrategy-guardian-advisors-private-limited-core-value-strategy
Principal Value Strategy,Guardian Advisors Private Limited,,8.02,50,,-1.71,21.33,-4.77,-10.98,-8.41,4.66,5.68,9.08,29.95,,,,2026-06-30,APMI monthly report Jun 2026,,pmsStrategy-guardian-advisors-private-limited-principal-value-strategy
Special Opportunity Strategy,Guardian Advisors Private Limited,,,50,,0,-15.29,-14.25,-9.32,-15.06,-3.31,-0.47,-0.49,18.79,,,,2026-06-30,APMI monthly report Jun 2026,,pmsStrategy-guardian-advisors-private-limited-special-opportunity-strategy
GUARDIAN ASSET MANAGEMENT PVT LTD-MULTI ASSETS,Guardian Asset Management Private Limited,Hybrid,62.54,50,,2.26,10.24,0.16,2,4.9,,,,10.42,,,,2026-06-30,APMI monthly report Jun 2026,,pmsStrategy-guardian-asset-management-private-limited-guardian-asset-management-pvt-ltd-multi-assets
GUARDIAN ASSET MANAGEMENT PVT LTD-MULTI CAP,Guardian Asset Management Private Limited,,57.95,50,,3.53,13.69,-4.65,-5.51,0.8,7.13,11.18,7.55,10.61,,,,2026-06-30,APMI monthly report Jun 2026,,pmsStrategy-guardian-asset-management-private-limited-guardian-asset-management-pvt-ltd-multi-cap
Guardian Bond PMS,Guardian Asset Management Private Limited,Hybrid,14.82,50,,2.71,1.53,3.73,8.96,,,,,6.99,,,,2026-06-30,APMI monthly report Jun 2026,,pmsStrategy-guardian-asset-management-private-limited-guardian-bond-pms
Guardian Multicap Strategy Passive,Guardian Asset Management Private Limited,,4.57,50,,2.98,19.39,1.07,4.24,,,,,14.13,,,,2026-06-30,APMI monthly report Jun 2026,,pmsStrategy-guardian-asset-management-private-limited-guardian-multicap-strategy-passive
All Cap Portfolio - DPMS,HDFC Asset Management Company Limited,,51.36,50,,2.66,12.67,-4.64,-4.06,0.66,11.04,,,13.37,,,,2026-06-30,APMI monthly report Jun 2026,,pmsStrategy-hdfc-asset-management-company-limited-all-cap-portfolio-dpms
Bespoke Accounts,HDFC Asset Management Company Limited,,102.96,50,,2.14,8.06,-7.63,-5.17,1.41,6.91,9.71,7.87,9.7,,,,2026-06-30,APMI monthly report Jun 2026,,pmsStrategy-hdfc-asset-management-company-limited-bespoke-accounts
Debt Mandate,HDFC Asset Management Company Limited,Hybrid,,50,,0,0,0,0,0,0,0,0,0,,,,2026-06-30,APMI monthly report Jun 2026,,pmsStrategy-hdfc-asset-management-company-limited-debt-mandate
Diversified Portfolio - Equity,HDFC Asset Management Company Limited,,571.42,50,,3.19,10.62,-3.47,-0.69,4.12,17.88,22.6,19.99,18.99,,,,2026-06-30,APMI monthly report Jun 2026,,pmsStrategy-hdfc-asset-management-company-limited-diversified-portfolio-equity
Diversified Portfolio - Hybrid,HDFC Asset Management Company Limited,Hybrid,38.22,50,,2.21,4.95,0.67,3.96,6.94,9.13,10.08,8.35,8.45,,,,2026-06-30,APMI monthly report Jun 2026,,pmsStrategy-hdfc-asset-management-company-limited-diversified-portfolio-hybrid
Enhanced Portfolio 1,HDFC Asset Management Company Limited,,6.05,50,,1.57,10.24,-7.53,-5.34,-1.76,8.21,12.15,10.96,9.79,,,,2026-06-30,APMI monthly report Jun 2026,,pmsStrategy-hdfc-asset-management-company-limited-enhanced-portfolio-1
"HDFC AMC ""MF Select"" Portfolio - Equity (Formerly Portfolio of MF Schemes/ETFs)",HDFC Asset Management Company Limited,,21.96,50,,3.26,10.28,-3.12,0.79,5.06,17.25,20.88,18.17,12.07,,,,2026-06-30,APMI monthly report Jun 2026,,pmsStrategy-hdfc-amc-mf-select-portfolio-equity-a1
"HDFC AMC ""MF Select"" Portfolio - Equity (Formerly Portfolio of MF Schemes/ETFs) - ND",HDFC Asset Management Company Limited,,3316.88,50,,1.19,8.35,-0.09,2.43,2.41,,,,12.68,,,,2026-06-30,APMI monthly report Jun 2026,,pmsStrategy-hdfc-asset-management-company-limited-hdfc-amc-mf-select-portfolio-equity-formerly-portfolio-of-
HDFC AMC Liquid Portfolio,HDFC Asset Management Company Limited,Hybrid,0.21,50,,0.65,1.81,2.5,5.66,6.49,,,,6.49,,,,2026-06-30,APMI monthly report Jun 2026,,pmsStrategy-hdfc-asset-management-company-limited-hdfc-amc-liquid-portfolio
HDFC AMC MF Select Portfolio - Debt,HDFC Asset Management Company Limited,Hybrid,1351.48,50,,0.9,1.94,2.86,5.86,7.15,,,,7.2,,,,2026-06-30,APMI monthly report Jun 2026,,pmsStrategy-hdfc-asset-management-company-limited-hdfc-amc-mf-select-portfolio-debt
HDFC AMC MF Select Portfolio - Hybrid,HDFC Asset Management Company Limited,Hybrid,772.94,50,,1.58,5.91,0.01,3.5,5.42,8.6,,,8.59,,,,2026-06-30,APMI monthly report Jun 2026,,pmsStrategy-hdfc-asset-management-company-limited-hdfc-amc-mf-select-portfolio-hybrid
India Ascent Portfolio - DPMS,HDFC Asset Management Company Limited,,5.8,50,,1.58,14.4,-1.23,-2.47,-0.8,9.91,,,10.11,,,,2026-06-30,APMI monthly report Jun 2026,,pmsStrategy-hdfc-asset-management-company-limited-india-ascent-portfolio-dpms
HPMG Multicap Fund,HPMG SHARES AND SECURITIES PVT LTD,,35.45,50,,2.02,19.45,5.25,-0.88,3.86,13.67,,,16.33,,,,2026-06-30,APMI monthly report Jun 2026,,pmsStrategy-hpmg-shares-and-securities-pvt-ltd-hpmg-multicap-fund
HPMG Small Cap Fund,HPMG SHARES AND SECURITIES PVT LTD,,6.57,50,,7.78,31.16,14.04,2.97,4.66,17.46,,,24.07,,,,2026-06-30,APMI monthly report Jun 2026,,pmsStrategy-hpmg-shares-and-securities-pvt-ltd-hpmg-small-cap-fund
HSBC Aspire Portfolio,HSBC Asset Management (India) Private Limited,,51.95,50,,1.87,17.55,0.79,0.18,-1.55,,,,9.78,,,,2026-06-30,APMI monthly report Jun 2026,,pmsStrategy-hsbc-asset-management-india-private-limited-hsbc-aspire-portfolio
HSBC Cash Management Portfolio,HSBC Asset Management (India) Private Limited,Hybrid,2.91,50,,0.37,1.2,2.36,5,5.6,5.89,5.87,,5.6,,,,2026-06-30,APMI monthly report Jun 2026,,pmsStrategy-hsbc-asset-management-india-private-limited-hsbc-cash-management-portfolio
HSBC Evolve Portfolio,HSBC Asset Management (India) Private Limited,,45.16,50,,3.6,17.87,0.69,,,,,,1.83,,,,2026-06-30,APMI monthly report Jun 2026,,pmsStrategy-hsbc-asset-management-india-private-limited-hsbc-evolve-portfolio
HSBC India Next Portfolio,HSBC Asset Management (India) Private Limited,,438.96,50,,3.7,17.18,1.58,2,3.51,12.1,15.34,12.22,13.43,,,,2026-06-30,APMI monthly report Jun 2026,,pmsStrategy-hsbc-asset-management-india-private-limited-hsbc-india-next-portfolio
Hanut Fundamental Quant,Hanut Alternate Investments Llp,,40.25,50,,-0.46,23.17,7.76,5.97,9,20.77,20.36,13.58,18.41,,,,2026-06-30,APMI monthly report Jun 2026,,pmsStrategy-hanut-alternate-investments-llp-hanut-fundamental-quant
GENIUS,Harmoney Finserv India Private Limited,,11.95,50,,1.89,14.3,-5.79,-3.76,,,,,-1.61,,,,2026-06-30,APMI monthly report Jun 2026,,pmsStrategy-harmoney-finserv-india-private-limited-genius
INDIA STORY CONSISTENT COMPOUNDER,Harmoney Finserv India Private Limited,,11.55,50,,1.21,11.37,-2.86,-2.3,5.41,8.79,11.71,8.86,5.29,,,,2026-06-30,APMI monthly report Jun 2026,,pmsStrategy-harmoney-finserv-india-private-limited-india-story-consistent-compounder
INTELLECT MULTI ASSET THROUGH ETF,Harmoney Finserv India Private Limited,Hybrid,114.01,50,,-0.78,6.06,-2.25,14.12,11.67,15.11,15.25,12.39,10.11,,,,2026-06-30,APMI monthly report Jun 2026,,pmsStrategy-harmoney-finserv-india-private-limited-intellect-multi-asset-through-etf
PROSPECT ASSET ALLOCATION STRATEGY,Harmoney Finserv India Private Limited,Hybrid,26.83,50,,-0.42,14.21,3.9,12.81,10.41,15.29,17,13.92,11.59,,,,2026-06-30,APMI monthly report Jun 2026,,pmsStrategy-harmoney-finserv-india-private-limited-prospect-asset-allocation-strategy
SYNERGY FOCUSED APPROACH FOR LONG TERM,Harmoney Finserv India Private Limited,,35.06,50,,3.27,13.7,0.1,-0.08,6.22,10.04,14.11,11.17,7.01,,,,2026-06-30,APMI monthly report Jun 2026,,pmsStrategy-harmoney-finserv-india-private-limited-synergy-focused-approach-for-long-term
Financial Freedom,Hedge Equities Ltd,,32.28,50,,1.17,15.5,4.58,4.28,9.4,17.99,17.21,,12.72,,,,2026-06-30,APMI monthly report Jun 2026,,pmsStrategy-hedge-equities-ltd-financial-freedom
Financial freedom Debt,Hedge Equities Ltd,Hybrid,0.53,50,,-0.19,1.69,3.17,7.83,,,,,7.43,,,,2026-06-30,APMI monthly report Jun 2026,,pmsStrategy-hedge-equities-ltd-financial-freedom-debt
Financial freedom Hybrid,Hedge Equities Ltd,Hybrid,7.45,50,,0.73,12.09,5.84,7.84,,,,,8.56,,,,2026-06-30,APMI monthly report Jun 2026,,pmsStrategy-hedge-equities-ltd-financial-freedom-hybrid
Helios India Emerging Star Portfolio,Helios Capital Asset Management (India) Pvt. Ltd,,4.08,50,,6.45,31.26,,,,,,,25.71,,,,2026-06-30,APMI monthly report Jun 2026,,pmsStrategy-helios-capital-asset-management-india-pvt-ltd-helios-india-emerging-star-portfolio
Helios India Liquid Portfolio,Helios Capital Asset Management (India) Pvt. Ltd,Hybrid,3.91,50,,0.33,0.99,2.13,4.73,5.42,5.7,5.71,5.22,5.09,,,,2026-06-30,APMI monthly report Jun 2026,,pmsStrategy-helios-capital-asset-management-india-pvt-ltd-helios-india-liquid-portfolio
Helios India Rising Core Equity Portfolio,Helios Capital Asset Management (India) Pvt. Ltd,,1.1,50,,2.7,12.43,,,,,,,6.16,,,,2026-06-30,APMI monthly report Jun 2026,,pmsStrategy-helios-capital-asset-management-india-pvt-ltd-helios-india-rising-core-equity-portfolio
Helios India Rising Portfolio,Helios Capital Asset Management (India) Pvt. Ltd,Multicap,1577.07,50,,6,21.27,-0.54,5.39,5.14,16.23,18.7,13.51,19.84,,,,2026-06-30,APMI monthly report Jun 2026,,pmsStrategy-helios-capital-asset-management-india-pvt-ltd-helios-india-rising-portfolio
Dynamic Research & Emerging Asset Management Strategy (DREAM),Hem Securities Limited,,193.56,50,,6.61,28.27,7.89,2.01,5.41,18.27,22.45,18.4,22.02,,,,2026-06-30,APMI monthly report Jun 2026,,pmsStrategy-hem-securities-limited-dynamic-research-emerging-asset-management-strategy-dream
India Rising SME Stars,Hem Securities Limited,,96.84,50,,8.92,46.01,8.7,-2.09,0.56,16.97,30.21,,24.1,,,,2026-06-30,APMI monthly report Jun 2026,,pmsStrategy-hem-securities-limited-india-rising-sme-stars
EverFlow Bespoke,Himalaya Investment Advisors LLP,,53.71,50,,8.82,42.61,19.59,21.42,23.07,32.32,,,33.19,,,,2026-06-30,APMI monthly report Jun 2026,,pmsStrategy-himalaya-investment-advisors-llp-everflow-bespoke
EverFlow India Opportunities,Himalaya Investment Advisors LLP,,449.88,50,,8.26,33.88,13.2,12.41,18.93,22.54,,,25.36,,,,2026-06-30,APMI monthly report Jun 2026,,pmsStrategy-himalaya-investment-advisors-llp-everflow-india-opportunities
ICICI Prudential Non-Discretionary PMS Strategy,ICICI Prudential Asset Management Company Ltd,,49.05,50,,3.44,14.04,0.08,,,,,,5.51,,,,2026-06-30,APMI monthly report Jun 2026,,pmsStrategy-icici-prudential-asset-management-company-ltd-icici-prudential-non-discretionary-pms-strategy
ICICI Prudential PMS ACE Strategy,ICICI Prudential Asset Management Company Ltd,,1422.6,50,,4.92,14.93,-0.3,2.41,6.27,19.32,20.62,15.58,14.39,,,,2026-06-30,APMI monthly report Jun 2026,,pmsStrategy-icici-prudential-asset-management-company-ltd-icici-prudential-pms-ace-strategy
ICICI Prudential PMS Banking and Financial Services Strategy,ICICI Prudential Asset Management Company Ltd,,17.86,50,,3.55,14.78,2.16,5.28,8.82,,,,12.41,,,,2026-06-30,APMI monthly report Jun 2026,,pmsStrategy-icici-prudential-asset-management-company-ltd-icici-prudential-pms-banking-and-financial-service
ICICI Prudential PMS Contra Strategy,ICICI Prudential Asset Management Company Ltd,Multicap,13837.43,50,,1.01,10.73,-1.44,2.04,2.76,16.61,22.91,17.47,18.02,,,,2026-06-30,APMI monthly report Jun 2026,,pmsStrategy-icici-prudential-asset-management-company-ltd-icici-prudential-pms-contra-strategy
ICICI Prudential PMS Defined Tenure Series Strategy,ICICI Prudential Asset Management Company Ltd,,17.86,50,,2.66,12.06,0.46,4.48,3.07,16.23,20.33,16.92,14.71,,,,2026-06-30,APMI monthly report Jun 2026,,pmsStrategy-icici-prudential-asset-management-company-ltd-icici-prudential-pms-defined-tenure-series-strateg
ICICI Prudential PMS ETF Strategy,ICICI Prudential Asset Management Company Ltd,,13.58,50,,2.18,6.57,-9.68,-7.43,-1.22,8.45,11.9,9.99,8.67,,,,2026-06-30,APMI monthly report Jun 2026,,pmsStrategy-icici-prudential-asset-management-company-ltd-icici-prudential-pms-etf-strategy
ICICI Prudential PMS Emerging Leaders Strategy,ICICI Prudential Asset Management Company Ltd,,239.85,50,,1.09,12.86,1.97,7.81,5.44,,,,9.46,,,,2026-06-30,APMI monthly report Jun 2026,,pmsStrategy-icici-prudential-asset-management-company-ltd-icici-prudential-pms-emerging-leaders-strategy
ICICI Prudential PMS Enterprising India Strategy,ICICI Prudential Asset Management Company Ltd,,4.64,50,,3.15,12.42,0.26,2.51,-0.18,10.06,17.9,13.46,10.54,,,,2026-06-30,APMI monthly report Jun 2026,,pmsStrategy-icici-prudential-asset-management-company-ltd-icici-prudential-pms-enterprising-india-strategy
ICICI Prudential PMS Enterprising India Strategy Series II,ICICI Prudential Asset Management Company Ltd,,,50,,0,0,0,0,-5.75,11.95,17.47,15.73,11.88,,,,2026-06-30,APMI monthly report Jun 2026,,pmsStrategy-icici-prudential-asset-management-company-ltd-icici-prudential-pms-enterprising-india-strategy-s
ICICI Prudential PMS Growth Leaders Shariah Strategy,ICICI Prudential Asset Management Company Ltd,,62.98,50,,0.18,10.5,-3.84,0.23,-0.56,15.16,,,17.41,,,,2026-06-30,APMI monthly report Jun 2026,,pmsStrategy-icici-prudential-asset-management-company-ltd-icici-prudential-pms-growth-leaders-shariah-strate
ICICI Prudential PMS Growth Leaders Strategy,ICICI Prudential Asset Management Company Ltd,,1621.61,50,,3.17,12.16,-0.78,0.96,2.25,15.9,19.16,14.74,12.02,,,,2026-06-30,APMI monthly report Jun 2026,,pmsStrategy-icici-prudential-asset-management-company-ltd-icici-prudential-pms-growth-leaders-strategy
ICICI Prudential PMS India Recovery Strategy,ICICI Prudential Asset Management Company Ltd,,9.85,50,,1.2,22.81,15.52,20.69,7.37,27.52,34.7,34.2,30.73,,,,2026-06-30,APMI monthly report Jun 2026,,pmsStrategy-icici-prudential-asset-management-company-ltd-icici-prudential-pms-india-recovery-strategy
ICICI Prudential PMS Infrastructure Strategy,ICICI Prudential Asset Management Company Ltd,,73.3,50,,-0.42,16.32,8.77,15.63,9.37,28.27,33.34,27.16,16.06,,,,2026-06-30,APMI monthly report Jun 2026,,pmsStrategy-icici-prudential-asset-management-company-ltd-icici-prudential-pms-infrastructure-strategy
ICICI Prudential PMS Largecap Strategy,ICICI Prudential Asset Management Company Ltd,,878.99,50,,1.83,12.92,-1.48,1.62,3.63,18.39,21.56,16.02,15.82,,,,2026-06-30,APMI monthly report Jun 2026,,pmsStrategy-icici-prudential-asset-management-company-ltd-icici-prudential-pms-largecap-strategy
ICICI Prudential PMS Liquid Strategy,ICICI Prudential Asset Management Company Ltd,Hybrid,430.28,50,,0.36,1.05,2.07,4.42,5.13,5.24,5.49,,5.09,,,,2026-06-30,APMI monthly report Jun 2026,,pmsStrategy-icici-prudential-asset-management-company-ltd-icici-prudential-pms-liquid-strategy
ICICI Prudential PMS Multi-Manager - Core Equity Strategy,ICICI Prudential Asset Management Company Ltd,,222.56,50,,0.67,10.02,-3.85,-1.4,2.91,11.97,14.99,13,12.73,,,,2026-06-30,APMI monthly report Jun 2026,,pmsStrategy-icici-prudential-asset-management-company-ltd-icici-prudential-pms-multi-manager-core-equity-str
ICICI Prudential PMS Multi-Manager - India Equity Opportunities Strategy,ICICI Prudential Asset Management Company Ltd,,42.58,50,,1.73,11.19,-2.58,,,,,,-2.61,,,,2026-06-30,APMI monthly report Jun 2026,,pmsStrategy-icici-prudential-asset-management-company-ltd-icici-prudential-pms-multi-manager-india-equity-op
ICICI Prudential PMS Multi-Manager - Thematic Strategy,ICICI Prudential Asset Management Company Ltd,,71.01,50,,1.29,11.63,-4,-2.72,4,13.49,16.78,13.37,16.65,,,,2026-06-30,APMI monthly report Jun 2026,,pmsStrategy-icici-prudential-asset-management-company-ltd-icici-prudential-pms-multi-manager-thematic-strate
ICICI Prudential PMS PIPE Strategy,ICICI Prudential Asset Management Company Ltd,,7829.58,50,,3.55,17.09,4.49,6.48,5.13,19.93,25.9,22.18,25.05,,,,2026-06-30,APMI monthly report Jun 2026,,pmsStrategy-icici-prudential-asset-management-company-ltd-icici-prudential-pms-pipe-strategy
ICICI Prudential PMS Prime Strategy,ICICI Prudential Asset Management Company Ltd,,1021.04,50,,1.69,13.53,1.71,7.04,7.33,,,,23.44,,,,2026-06-30,APMI monthly report Jun 2026,,pmsStrategy-icici-prudential-asset-management-company-ltd-icici-prudential-pms-prime-strategy
ICICI Prudential PMS Quanti-FI Strategy,ICICI Prudential Asset Management Company Ltd,,38.05,50,,0.59,8.99,-4.14,-0.71,-1.1,,,,4.62,,,,2026-06-30,APMI monthly report Jun 2026,,pmsStrategy-icici-prudential-asset-management-company-ltd-icici-prudential-pms-quanti-fi-strategy
ICICI Prudential PMS Rising Stars Strategy,ICICI Prudential Asset Management Company Ltd,,130.17,50,,4.38,19.36,,,,,,,10.85,,,,2026-06-30,APMI monthly report Jun 2026,,pmsStrategy-icici-prudential-asset-management-company-ltd-icici-prudential-pms-rising-stars-strategy
ICICI Prudential PMS SMART Strategy,ICICI Prudential Asset Management Company Ltd,,134.66,50,,1.46,10.3,-1.87,2.49,3.35,20.17,22.65,20.03,14.42,,,,2026-06-30,APMI monthly report Jun 2026,,pmsStrategy-icici-prudential-asset-management-company-ltd-icici-prudential-pms-smart-strategy
ICICI Prudential PMS T.I.M.E Strategy,ICICI Prudential Asset Management Company Ltd,,60.29,50,,0.42,10.1,-2.35,0.7,1.67,18.67,24.26,21.63,23.22,,,,2026-06-30,APMI monthly report Jun 2026,,pmsStrategy-icici-prudential-asset-management-company-ltd-icici-prudential-pms-t-i-m-e-strategy
ICICI Prudential PMS Value Strategy,ICICI Prudential Asset Management Company Ltd,,1148.22,50,,0.46,9.39,1.15,8.29,4.56,20.95,28.91,21.37,13.01,,,,2026-06-30,APMI monthly report Jun 2026,,pmsStrategy-icici-prudential-asset-management-company-ltd-icici-prudential-pms-value-strategy
ICICI Prudential PMS Wellness Strategy,ICICI Prudential Asset Management Company Ltd,,12.51,50,,3.06,11.54,2.96,2.24,7.54,16.75,15.93,10.03,13.37,,,,2026-06-30,APMI monthly report Jun 2026,,pmsStrategy-icici-prudential-asset-management-company-ltd-icici-prudential-pms-wellness-strategy
ACE Equity Portfolio,ICICI Securities Limited,,252.64,50,,3.5,15.15,1.83,1.7,-2.1,16.18,18.13,14.01,14.55,,,,2026-06-30,APMI monthly report Jun 2026,,pmsStrategy-icici-securities-limited-ace-equity-portfolio
ACE Equity-Consult,ICICI Securities Limited,,355.08,50,,3.17,15.33,1.99,1.64,-2.21,13.15,15.44,11.84,13.74,,,,2026-06-30,APMI monthly report Jun 2026,,pmsStrategy-icici-securities-limited-ace-equity-consult
Active Index Portfolio,ICICI Securities Limited,,87.97,50,,-0.32,5.81,-8.26,-6.95,-3.41,10.59,14.74,10.62,11.38,,,,2026-06-30,APMI monthly report Jun 2026,,pmsStrategy-icici-securities-limited-active-index-portfolio
I-Sec Multifactor Portfolio,ICICI Securities Limited,,78.41,50,,-0.56,8.89,-5.51,-3.92,-3.21,11.23,,,12.4,,,,2026-06-30,APMI monthly report Jun 2026,,pmsStrategy-icici-securities-limited-i-sec-multifactor-portfolio
I-Sec Multifactor Portfolio - Consult,ICICI Securities Limited,,1.07,50,,-0.25,8.99,-5.32,-3.98,-3.1,,,,6.59,,,,2026-06-30,APMI monthly report Jun 2026,,pmsStrategy-icici-securities-limited-i-sec-multifactor-portfolio-consult
ISEC Aggressive Portfolio,ICICI Securities Limited,,,50,,0,16.87,4.26,1.62,-2.68,14.15,16.12,12.46,13.31,,,,2026-06-30,APMI monthly report Jun 2026,,pmsStrategy-icici-securities-limited-isec-aggressive-portfolio
ISEC Aggressive Portfolio- Consult,ICICI Securities Limited,,68.26,50,,0.45,8.66,-1.95,3.85,2.8,13.78,,,14.34,,,,2026-06-30,APMI monthly report Jun 2026,,pmsStrategy-icici-securities-limited-isec-aggressive-portfolio-consult
ISEC Balanced Portfolio,ICICI Securities Limited,Hybrid,,50,,0,0,0,-11.41,-5.21,7.35,9.4,7.32,7.84,,,,2026-06-30,APMI monthly report Jun 2026,,pmsStrategy-icici-securities-limited-isec-balanced-portfolio
ISEC Balanced Portfolio- Consult,ICICI Securities Limited,Hybrid,18.1,50,,0.02,5.5,-0.44,4.65,5.87,9.02,9.35,,8,,,,2026-06-30,APMI monthly report Jun 2026,,pmsStrategy-icici-securities-limited-isec-balanced-portfolio-consult
ISEC Conservative Portfolio,ICICI Securities Limited,Hybrid,,50,,0,0,0,28.68,18.9,17.42,15.68,12.46,12,,,,2026-06-30,APMI monthly report Jun 2026,,pmsStrategy-icici-securities-limited-isec-conservative-portfolio
ISEC Conservative Portfolio- Consult,ICICI Securities Limited,Hybrid,120.1,50,,0.74,3.93,2.35,8.69,9.27,10.16,,,9.32,,,,2026-06-30,APMI monthly report Jun 2026,,pmsStrategy-icici-securities-limited-isec-conservative-portfolio-consult
ISEC Momentum Quality Dynamic Advantage Portfolio,ICICI Securities Limited,,68.99,50,,-1.09,10.79,-3.98,-5.41,-5.22,14.8,16.43,,8.55,,,,2026-06-30,APMI monthly report Jun 2026,,pmsStrategy-icici-securities-limited-isec-momentum-quality-dynamic-advantage-portfolio
ISEC Multi Asset Growth Portfolio,ICICI Securities Limited,Hybrid,,50,,0,0,0,1.59,1.27,13.84,15.47,11.98,12.32,,,,2026-06-30,APMI monthly report Jun 2026,,pmsStrategy-icici-securities-limited-isec-multi-asset-growth-portfolio
ISEC Multi Asset Growth Portfolio - Consult,ICICI Securities Limited,Hybrid,19.45,50,,1.54,9.82,-1.86,1.19,3.98,13.34,13.49,,9.68,,,,2026-06-30,APMI monthly report Jun 2026,,pmsStrategy-icici-securities-limited-isec-multi-asset-growth-portfolio-consult
ISEC Risk Averse Portfolio,ICICI Securities Limited,Hybrid,,50,,0,0,0,0,0,0,0.42,,0.47,,,,2026-06-30,APMI monthly report Jun 2026,,pmsStrategy-icici-securities-limited-isec-risk-averse-portfolio
ISEC Risk Averse Portfolio- Consult,ICICI Securities Limited,Hybrid,,50,,0,0,0,0,0,0.08,1.16,,1.33,,,,2026-06-30,APMI monthly report Jun 2026,,pmsStrategy-icici-securities-limited-isec-risk-averse-portfolio-consult
ISEC STP Portfolio,ICICI Securities Limited,Hybrid,3.74,50,,0.66,1.84,3.35,6.41,6.85,7.01,6.88,6.23,6.14,,,,2026-06-30,APMI monthly report Jun 2026,,pmsStrategy-icici-securities-limited-isec-stp-portfolio
Sterling Consult Portfolio- Aggressive,ICICI Securities Limited,,271.62,50,,0.94,9.69,-2.63,1.1,3.74,12.74,,,13.53,,,,2026-06-30,APMI monthly report Jun 2026,,pmsStrategy-icici-securities-limited-sterling-consult-portfolio-aggressive
Sterling Consult Portfolio- Balanced,ICICI Securities Limited,Hybrid,230.73,50,,1.11,7.45,-0.31,3.82,6.08,10.21,,,10.44,,,,2026-06-30,APMI monthly report Jun 2026,,pmsStrategy-icici-securities-limited-sterling-consult-portfolio-balanced
Sterling Consult Portfolio- Conservative,ICICI Securities Limited,Hybrid,30.88,50,,1.3,5.5,0.5,4.87,6.43,8.98,,,10.87,,,,2026-06-30,APMI monthly report Jun 2026,,pmsStrategy-icici-securities-limited-sterling-consult-portfolio-conservative
Sterling Consult Portfolio- Growth,ICICI Securities Limited,,151.23,50,,1.1,8.39,-1.48,2.08,4.21,11.67,,,11.86,,,,2026-06-30,APMI monthly report Jun 2026,,pmsStrategy-icici-securities-limited-sterling-consult-portfolio-growth
Sterling Consult Portfolio- Risk Averse,ICICI Securities Limited,Hybrid,31.72,50,,2.07,3.08,2.45,4.68,7.07,7.13,,,7.26,,,,2026-06-30,APMI monthly report Jun 2026,,pmsStrategy-icici-securities-limited-sterling-consult-portfolio-risk-averse
Sterling Portfolio- Aggressive Portfolio,ICICI Securities Limited,,349.55,50,,0.63,9.52,-3.72,0.57,3.98,15.68,,,15.37,,,,2026-06-30,APMI monthly report Jun 2026,,pmsStrategy-icici-securities-limited-sterling-portfolio-aggressive-portfolio
Sterling Portfolio- Balanced Portfolio,ICICI Securities Limited,Hybrid,63.43,50,,0.9,6.46,-0.84,3.35,5.72,12.39,,,12,,,,2026-06-30,APMI monthly report Jun 2026,,pmsStrategy-icici-securities-limited-sterling-portfolio-balanced-portfolio
Sterling Portfolio- Conservative Portfolio,ICICI Securities Limited,Hybrid,10.72,50,,0.56,3.16,0.51,4.76,6.65,9.4,,,9.71,,,,2026-06-30,APMI monthly report Jun 2026,,pmsStrategy-icici-securities-limited-sterling-portfolio-conservative-portfolio
Sterling Portfolio- Growth Portfolio,ICICI Securities Limited,,108.42,50,,0.81,8.28,-2.93,0.76,3.99,13.62,,,13.16,,,,2026-06-30,APMI monthly report Jun 2026,,pmsStrategy-icici-securities-limited-sterling-portfolio-growth-portfolio
Sterling Portfolio- Risk Averse Portfolio,ICICI Securities Limited,Hybrid,17.3,50,,1.29,1.92,3.15,5.57,7.23,7.33,,,7.34,,,,2026-06-30,APMI monthly report Jun 2026,,pmsStrategy-icici-securities-limited-sterling-portfolio-risk-averse-portfolio
IIFL Bespoke Porfolio,IIFL Capital Asset Management Limited,,0.31,50,,2.18,,,,,,,,2.18,,,,2026-06-30,APMI monthly report Jun 2026,,pmsStrategy-iifl-capital-asset-management-limited-iifl-bespoke-porfolio
IIFL Flagship Leaders Portfolio,IIFL Capital Asset Management Limited,,318.74,50,,3.84,21.93,3.98,-3.22,,,,,0.27,,,,2026-06-30,APMI monthly report Jun 2026,,pmsStrategy-iifl-capital-asset-management-limited-iifl-flagship-leaders-portfolio
IIFL Liquid Portfolio,IIFL Capital Asset Management Limited,Hybrid,3.19,50,,0.39,1.22,2.16,4.7,,,,,4.61,,,,2026-06-30,APMI monthly report Jun 2026,,pmsStrategy-iifl-capital-asset-management-limited-iifl-liquid-portfolio
IIFL Platinum Portfolio,IIFL Capital Asset Management Limited,Hybrid,1.38,50,,1.38,4.82,1.87,4.84,,,,,4.8,,,,2026-06-30,APMI monthly report Jun 2026,,pmsStrategy-iifl-capital-asset-management-limited-iifl-platinum-portfolio
IIFL Select Custom Portfolio,IIFL Capital Asset Management Limited,,0.85,50,,3.44,20.34,6.28,,,,,,5.49,,,,2026-06-30,APMI monthly report Jun 2026,,pmsStrategy-iifl-capital-asset-management-limited-iifl-select-custom-portfolio
IIFL Specialised Portfolio,IIFL Capital Asset Management Limited,,1.75,50,,1.75,19.53,1.12,-2.2,,,,,0.68,,,,2026-06-30,APMI monthly report Jun 2026,,pmsStrategy-iifl-capital-asset-management-limited-iifl-specialised-portfolio
IIFLBLUEALPHA,IIFL Capital Asset Management Limited,,255.47,50,,2.74,18.49,2.48,9.4,,,,,10.95,,,,2026-06-30,APMI monthly report Jun 2026,,pmsStrategy-iifl-capital-asset-management-limited-iiflbluealpha
IKIGAI Bespoke Small Cap Strategy,IKIGAI Asset Manager Holdings Private Limited,,93.61,50,,4.57,25.75,16.55,,,,,,15.26,,,,2026-06-30,APMI monthly report Jun 2026,,pmsStrategy-ikigai-asset-manager-holdings-private-limited-ikigai-bespoke-small-cap-strategy
IME Bespoke Equity,IME Portfolio Managers LLP,,9.07,50,,2.24,14.43,-3.95,,,,,,1.68,,,,2026-06-30,APMI monthly report Jun 2026,,pmsStrategy-ime-portfolio-managers-llp-ime-bespoke-equity
IME Concentrated Microtrends,IME Portfolio Managers LLP,,39.69,50,,2.39,16.33,-0.44,,,,,,6.51,,,,2026-06-30,APMI monthly report Jun 2026,,pmsStrategy-ime-portfolio-managers-llp-ime-concentrated-microtrends
IME Digital Disruption,IME Portfolio Managers LLP,,17.1,50,,3.46,15.36,-6.51,,,,,,-4.84,,,,2026-06-30,APMI monthly report Jun 2026,,pmsStrategy-ime-portfolio-managers-llp-ime-digital-disruption
IME Wealth Bespoke,IME Portfolio Managers LLP,,55.23,50,,1.56,7.89,-1.81,,,,,,-1.72,,,,2026-06-30,APMI monthly report Jun 2026,,pmsStrategy-ime-portfolio-managers-llp-ime-wealth-bespoke
INVASSET GROWTH FUND,INVASSET LLP,,351.11,50,,-3.54,16.09,6.16,0.52,-4.95,25.2,28.58,18.35,26.77,,,,2026-06-30,APMI monthly report Jun 2026,,pmsStrategy-invasset-llp-invasset-growth-fund
INVASSET LEADERS FUND,INVASSET LLP,,10.53,50,,-3.4,16.78,9.95,3.08,,,,,17.16,,,,2026-06-30,APMI monthly report Jun 2026,,pmsStrategy-invasset-llp-invasset-leaders-fund
INVASSET PRIME FUND,INVASSET LLP,,1.77,50,,-1.47,19.09,9.01,2.24,,,,,13.89,,,,2026-06-30,APMI monthly report Jun 2026,,pmsStrategy-invasset-llp-invasset-prime-fund
INVESQ OPTIMISER PORTFOLIO,INVESQ INVESTMENT MANAGERS LLP,Hybrid,15.71,50,,6.1,16.72,,,,,,,16.48,,,,2026-06-30,APMI monthly report Jun 2026,,pmsStrategy-invesq-investment-managers-llp-invesq-optimiser-portfolio
InvesQ Multicap Opportunities Portfolio,INVESQ INVESTMENT MANAGERS LLP,,129.21,50,,8.29,27.03,6.99,-0.6,6.78,,,,6.79,,,,2026-06-30,APMI monthly report Jun 2026,,pmsStrategy-invesq-investment-managers-llp-invesq-multicap-opportunities-portfolio
INVESTVALUE INDIA WINNERS PORTFOLIO,INVESTVALUE CAPITAL PRIVATE LIMITED,,27.48,50,,3.62,16.06,,,,,,,13.64,,,,2026-06-30,APMI monthly report Jun 2026,,pmsStrategy-investvalue-capital-private-limited-investvalue-india-winners-portfolio
Impetus Trinity FoF Portfolio,Impetus Arthasutra Pvt Lted,Hybrid,7.69,50,,1.39,9.67,-0.2,,,,,,2.78,,,,2026-06-30,APMI monthly report Jun 2026,,pmsStrategy-impetus-arthasutra-pvt-lted-impetus-trinity-fof-portfolio
Impetus Value Portfolio,Impetus Arthasutra Pvt Lted,,90.6,50,,4.63,23.69,3.96,-3.07,-5.36,14.12,18.83,12.04,9.12,,,,2026-06-30,APMI monthly report Jun 2026,,pmsStrategy-impetus-arthasutra-pvt-lted-impetus-value-portfolio
InCred Active Momentum Portfolio,Incred Asset Management Private Limited,,15.87,50,,3.14,12.65,-1.51,-5.29,,,,,-0.17,,,,2026-06-30,APMI monthly report Jun 2026,,pmsStrategy-incred-asset-management-private-limited-incred-active-momentum-portfolio
InCred Focused Healthcare Equity,Incred Asset Management Private Limited,,149.3,50,,0.76,23.88,-4.85,7.36,28.75,,,,36.44,,,,2026-06-30,APMI monthly report Jun 2026,,pmsStrategy-incred-asset-management-private-limited-incred-focused-healthcare-equity
InCred Healthcare Portfolio,Incred Asset Management Private Limited,,657.18,50,,3.57,22.38,1.19,11.29,24.02,26.96,26.75,15.34,18.59,,,,2026-06-30,APMI monthly report Jun 2026,,pmsStrategy-incred-asset-management-private-limited-incred-healthcare-portfolio
InCred India Ascend Portfolio,Incred Asset Management Private Limited,,18.95,50,,4.64,22.28,,,,,,,-5.22,,,,2026-06-30,APMI monthly report Jun 2026,,pmsStrategy-incred-asset-management-private-limited-incred-india-ascend-portfolio
InCred Liquid Portfolio,Incred Asset Management Private Limited,Hybrid,10.14,50,,0.66,1.82,3.27,6.27,6.64,6.78,6.67,6.04,5.84,,,,2026-06-30,APMI monthly report Jun 2026,,pmsStrategy-incred-asset-management-private-limited-incred-liquid-portfolio
InCred Multicap Portfolio,Incred Asset Management Private Limited,,187.92,50,,3.82,16.71,-6.21,-9.38,-1.79,12.14,18.32,11.54,12.73,,,,2026-06-30,APMI monthly report Jun 2026,,pmsStrategy-incred-asset-management-private-limited-incred-multicap-portfolio
InCred Select Opportunities Portfolio,Incred Asset Management Private Limited,,12.56,50,,4.22,18.56,-2.24,-7.59,-5.11,8.61,16.76,,13.05,,,,2026-06-30,APMI monthly report Jun 2026,,pmsStrategy-incred-asset-management-private-limited-incred-select-opportunities-portfolio
InCred Select Opportunities Portfolio (NDPMS),Incred Asset Management Private Limited,,176.1,50,,1.65,24.37,-4.85,4.65,21.83,27.78,,,32.56,,,,2026-06-30,APMI monthly report Jun 2026,,pmsStrategy-incred-asset-management-private-limited-incred-select-opportunities-portfolio-ndpms
InCred Small and Midcap Portfolio,Incred Asset Management Private Limited,,124.45,50,,5.44,25.91,2.22,-2.06,-0.3,10.97,19.76,11.55,12.06,,,,2026-06-30,APMI monthly report Jun 2026,,pmsStrategy-incred-asset-management-private-limited-incred-small-and-midcap-portfolio
InCred Small and Midcap Portfolio NDPMS,Incred Asset Management Private Limited,,14.87,50,,3.9,24.86,-3.11,-6.83,-1.37,10.52,21.98,11.78,12.45,,,,2026-06-30,APMI monthly report Jun 2026,,pmsStrategy-incred-asset-management-private-limited-incred-small-and-midcap-portfolio-ndpms
InCred Omni Alpha Multi-Manager Equity Portfolio,Incred Capital Wealth Portfolio Managers Private Limited,,15.33,50,,1.98,11.84,-0.45,2.09,,,,,7.48,,,,2026-06-30,APMI monthly report Jun 2026,,pmsStrategy-incred-capital-wealth-portfolio-managers-private-limited-incred-omni-alpha-multi-manager-equity-
InCred Vantage Portfolio,Incred Capital Wealth Portfolio Managers Private Limited,Hybrid,508.63,50,,2.07,10.6,0.91,1.68,4.32,9.04,8.93,,7.95,,,,2026-06-30,APMI monthly report Jun 2026,,pmsStrategy-incred-capital-wealth-portfolio-managers-private-limited-incred-vantage-portfolio
IDPL Wealthy Nivesh Multi Asset,Indniveza Distributors Private Limited,Hybrid,7.89,50,,1.33,9.33,1.83,,,,,,2.13,,,,2026-06-30,APMI monthly report Jun 2026,,pmsStrategy-indniveza-distributors-private-limited-idpl-wealthy-nivesh-multi-asset
Customised Mutual Fund Portfolio (A4),Infinity Alternatives Investment Managers Private Limited,,54.02,50,,-2.17,17.2,9.78,25.66,18.2,22.01,22.03,15.81,16.28,,,,2026-06-30,APMI monthly report Jun 2026,,pmsStrategy-infinity-alternatives-investment-managers-private-limited-customised-mutual-fund-portfolio-a4
Flexi-Cap Wealth Creator Portfolio (A5),Infinity Alternatives Investment Managers Private Limited,,119.76,50,,0.99,10.96,-3.81,4.04,7.04,21.04,25.06,18.59,16.84,,,,2026-06-30,APMI monthly report Jun 2026,,pmsStrategy-infinity-alternatives-investment-managers-private-limited-flexi-cap-wealth-creator-portfolio-a5
India Ultra-Focussed Mid-Cap Growth Portfolio Series II (A2),Infinity Alternatives Investment Managers Private Limited,,23.83,50,,0.82,15.56,-2.34,6.35,5.63,19.76,23.35,16.25,13.89,,,,2026-06-30,APMI monthly report Jun 2026,,pmsStrategy-infinity-alternatives-investment-managers-private-limited-india-ultra-focussed-mid-cap-growth-po
Large Cap Opportunistic Portfolio Series I (A3),Infinity Alternatives Investment Managers Private Limited,,10.84,50,,1.25,8.16,-3.25,5.79,8.63,23.9,27.01,20.64,16.58,,,,2026-06-30,APMI monthly report Jun 2026,,pmsStrategy-infinity-alternatives-investment-managers-private-limited-large-cap-opportunistic-portfolio-seri
Multi-Asset Portfolio Bespoke (A7),Infinity Alternatives Investment Managers Private Limited,,0.68,50,,-2.21,17.35,9.32,23.9,,,,,19.32,,,,2026-06-30,APMI monthly report Jun 2026,,pmsStrategy-infinity-alternatives-investment-managers-private-limited-multi-asset-portfolio-bespoke-a7
Insightful Flexicap Scheme,Insightful Investment Managers LLP,,1330.07,50,,2.1,9.85,0.75,0.03,,,,,1.8,,,,2026-06-30,APMI monthly report Jun 2026,,pmsStrategy-insightful-investment-managers-llp-insightful-flexicap-scheme
Invesco India Cash Management Portfolio,Invesco Asset Management (India) Private Limited,Hybrid,3.68,50,,0.65,1.81,3.23,6.23,6.68,6.79,6.65,6,-10.01,,,,2026-06-30,APMI monthly report Jun 2026,,pmsStrategy-invesco-asset-management-india-private-limited-invesco-india-cash-management-portfolio
Invesco India Caterpillar Portfolio,Invesco Asset Management (India) Private Limited,,81.03,50,,4.9,18.37,6.88,4.34,4.31,15.87,17.94,16.4,12.07,,,,2026-06-30,APMI monthly report Jun 2026,,pmsStrategy-invesco-asset-management-india-private-limited-invesco-india-caterpillar-portfolio
Invesco India Challengers Portfolio,Invesco Asset Management (India) Private Limited,,31.01,50,,6.54,19.27,2.56,-3.33,3.56,14.56,16.38,,11.14,,,,2026-06-30,APMI monthly report Jun 2026,,pmsStrategy-invesco-asset-management-india-private-limited-invesco-india-challengers-portfolio
Invesco India DAWN Portfolio,Invesco Asset Management (India) Private Limited,,217.53,50,,2.47,8.94,-6.02,-6.78,-4.82,8.76,13.78,11.27,8.89,,,,2026-06-30,APMI monthly report Jun 2026,,pmsStrategy-invesco-asset-management-india-private-limited-invesco-india-dawn-portfolio
Invesco India Large Cap Core Portfolio,Invesco Asset Management (India) Private Limited,,2.15,50,,2.85,10.23,-4.5,-4.62,0.04,11.22,12.03,7.73,9.05,,,,2026-06-30,APMI monthly report Jun 2026,,pmsStrategy-invesco-asset-management-india-private-limited-invesco-india-large-cap-core-portfolio
Invesco India R.I.S.E Portfolio,Invesco Asset Management (India) Private Limited,,337.5,50,,4.12,12.6,2.74,8.24,5.24,17.97,20.5,14.81,14.01,,,,2026-06-30,APMI monthly report Jun 2026,,pmsStrategy-invesco-asset-management-india-private-limited-invesco-india-r-i-s-e-portfolio
ALPHA,Ithought Financial Consulting Llp,,399.75,50,,3.46,13.34,-1.41,1.48,4.89,17.14,21.37,,18.89,,,,2026-06-30,APMI monthly report Jun 2026,,pmsStrategy-ithought-financial-consulting-llp-alpha
INDIA INFRA OPPORTUNITIES,Ithought Financial Consulting Llp,,21.68,50,,-3.64,7.7,5.42,5.87,,,,,5.72,,,,2026-06-30,APMI monthly report Jun 2026,,pmsStrategy-ithought-financial-consulting-llp-india-infra-opportunities
NIO,Ithought Financial Consulting Llp,Hybrid,143.54,50,,0,5.98,-7.75,0.84,9.66,18.34,,,18.85,,,,2026-06-30,APMI monthly report Jun 2026,,pmsStrategy-ithought-financial-consulting-llp-nio
Solitaire,Ithought Financial Consulting Llp,,1750.44,50,,1.74,12.07,-3.08,-4.68,0.69,15.15,19,17.57,19.36,,,,2026-06-30,APMI monthly report Jun 2026,,pmsStrategy-ithought-financial-consulting-llp-solitaire
Sphere,Ithought Financial Consulting Llp,Hybrid,899.08,50,,-1.01,4.65,-6.25,7.9,14.3,21.75,24.17,,19.95,,,,2026-06-30,APMI monthly report Jun 2026,,pmsStrategy-ithought-financial-consulting-llp-sphere
TruBlu,Ithought Financial Consulting Llp,,87.62,50,,1.19,7.14,-10.23,-7.45,2.18,7.65,11.83,9.34,9.29,,,,2026-06-30,APMI monthly report Jun 2026,,pmsStrategy-ithought-financial-consulting-llp-trublu
VRDDHI,Ithought Financial Consulting Llp,,367.63,50,,2.12,20.94,2.96,-10.99,-4.84,7.97,17.92,15.45,17.55,,,,2026-06-30,APMI monthly report Jun 2026,,pmsStrategy-ithought-financial-consulting-llp-vrddhi
Fund of Funds,Itus Capital Advisors Private Limited,,2.86,50,,2.68,14.38,-1.73,-2.86,1.73,9.89,12.13,8.78,11.43,,,,2026-06-30,APMI monthly report Jun 2026,,pmsStrategy-itus-capital-advisors-private-limited-fund-of-funds
ITUS FUNDAMENTAL VALUE FUND NDPMS,Itus Capital Advisors Private Limited,,27.08,50,,1.02,12.77,1.06,5.71,,,,,-2.05,,,,2026-06-30,APMI monthly report Jun 2026,,pmsStrategy-itus-capital-advisors-private-limited-itus-fundamental-value-fund-ndpms
Itus Fundamental Value Fund,Itus Capital Advisors Private Limited,,900.95,50,,0.47,12.27,0.64,4.81,3.3,11.52,14.47,10.39,17.17,,,,2026-06-30,APMI monthly report Jun 2026,,pmsStrategy-itus-capital-advisors-private-limited-itus-fundamental-value-fund
Apex,J M Financial Ltd,,638.11,50,,3.6,23.71,9.31,9.38,4.77,17.48,,,18.76,,,,2026-06-30,APMI monthly report Jun 2026,,pmsStrategy-j-m-financial-ltd-apex
Apex Plus,J M Financial Ltd,,168.66,50,,2.01,20.49,9.21,8.72,5.17,20.51,,,21.36,,,,2026-06-30,APMI monthly report Jun 2026,,pmsStrategy-j-m-financial-ltd-apex-plus
Focus,J M Financial Ltd,,325.04,50,,1.48,10.99,3.47,-0.05,2.57,14.67,17.29,9.99,15.09,,,,2026-06-30,APMI monthly report Jun 2026,,pmsStrategy-j-m-financial-ltd-focus
Growth and Value,J M Financial Ltd,,85.14,50,,0.81,9.77,-0.04,-1.99,0.77,13.11,15.71,8.68,13.39,,,,2026-06-30,APMI monthly report Jun 2026,,pmsStrategy-j-m-financial-ltd-growth-and-value
India Resurgent,J M Financial Ltd,,12.92,50,,5.83,21.85,10.56,14.46,9.81,23.72,22.8,18.13,13.63,,,,2026-06-30,APMI monthly report Jun 2026,,pmsStrategy-j-m-financial-ltd-india-resurgent
NDPMS,J M Financial Ltd,,41.95,50,,3.26,19.67,6.91,1.45,5.12,11.69,13.8,9.46,10.21,,,,2026-06-30,APMI monthly report Jun 2026,,pmsStrategy-j-m-financial-ltd-ndpms
Onyx NDPMS,J M Financial Ltd,Hybrid,327.97,50,,0.84,7.84,1.34,6.3,,,,,10.79,,,,2026-06-30,APMI monthly report Jun 2026,,pmsStrategy-j-m-financial-ltd-onyx-ndpms
Onyx NDPMS for Accredited Investors,J M Financial Ltd,Hybrid,3.23,50,,0,0,0,0,,,,,2.45,,,,2026-06-30,APMI monthly report Jun 2026,,pmsStrategy-j-m-financial-ltd-onyx-ndpms-for-accredited-investors
The Opportunistic,J M Financial Ltd,,9.83,50,,3.42,21.02,17.31,15.9,12.9,25.19,26.54,18.56,9.48,,,,2026-06-30,APMI monthly report Jun 2026,,pmsStrategy-j-m-financial-ltd-the-opportunistic
JAINAM VALUE MAXIMA,JAINAM BROKING LIMITED,,0.52,50,,1.97,,,,,,,,3.39,,,,2026-06-30,APMI monthly report Jun 2026,,pmsStrategy-jainam-broking-limited-jainam-value-maxima
JPMS AGILITY FUND,JAINAM BROKING LIMITED,,1.76,50,,6.76,23.9,,,,,,,26.21,,,,2026-06-30,APMI monthly report Jun 2026,,pmsStrategy-jainam-broking-limited-jpms-agility-fund
JPMS INDIAS FRONT RUNNERS FUND,JAINAM BROKING LIMITED,,7.07,50,,0.73,10.18,-8.28,-12.98,-4.79,6.33,8.88,,8.07,,,,2026-06-30,APMI monthly report Jun 2026,,pmsStrategy-jainam-broking-limited-jpms-indias-front-runners-fund
Incredible India,JHP Securities Private Limited,,135.29,50,,3.08,30.38,16.73,8.84,5.36,21.34,25.77,21.34,14.28,,,,2026-06-30,APMI monthly report Jun 2026,,pmsStrategy-jhp-securities-private-limited-incredible-india
India Portfolio Builder,JHP Securities Private Limited,,8.29,50,,3,16.77,-3.13,3.56,4.23,12.14,14.78,12.69,9.97,,,,2026-06-30,APMI monthly report Jun 2026,,pmsStrategy-jhp-securities-private-limited-india-portfolio-builder
India Super Focus,JHP Securities Private Limited,,0.94,50,,2.89,30.45,17,8.04,6.04,21.04,25.57,19.25,10.08,,,,2026-06-30,APMI monthly report Jun 2026,,pmsStrategy-jhp-securities-private-limited-india-super-focus
The Great India Opportunity,JHP Securities Private Limited,,1.67,50,,2.79,30.78,16.78,7.66,5.16,19.76,24.21,20.26,11.33,,,,2026-06-30,APMI monthly report Jun 2026,,pmsStrategy-jhp-securities-private-limited-the-great-india-opportunity
Alpha Equity,Jain Investment Advisors Pvt Ltd,,28.85,50,,3.9,21.11,3.23,-2.64,1.97,20.49,24.35,18.64,13.72,,,,2026-06-30,APMI monthly report Jun 2026,,pmsStrategy-jain-investment-advisors-pvt-ltd-alpha-equity-1122b767
Business Leader,Jain Investment Advisors Pvt Ltd,,30.61,50,,0,15.39,-0.93,-3.42,3.11,11.01,,,11.79,,,,2026-06-30,APMI monthly report Jun 2026,,pmsStrategy-jain-investment-advisors-pvt-ltd-business-leader-22543e06
Dynamic Business Leader,Jain Investment Advisors Pvt Ltd,,126.74,50,,0.25,9.63,0.2,-0.99,3.23,8.64,,,8.21,,,,2026-06-30,APMI monthly report Jun 2026,,pmsStrategy-jain-investment-advisors-pvt-ltd-dynamic-business-leader-bbe6a7bc
Dynamic High Growth,Jain Investment Advisors Pvt Ltd,,262.02,50,,1.87,6.72,3.35,1.83,0.37,8.64,,,9.78,,,,2026-06-30,APMI monthly report Jun 2026,,pmsStrategy-jain-investment-advisors-pvt-ltd-dynamic-high-growth-0e1c2a7b
High Growth Fund,Jain Investment Advisors Pvt Ltd,,76.65,50,,3.17,10.61,4.14,0.43,-1.62,11.23,12.34,11.38,15.01,,,,2026-06-30,APMI monthly report Jun 2026,,pmsStrategy-jain-investment-advisors-pvt-ltd-high-growth-fund-a64f197b
India Equity,Jain Investment Advisors Pvt Ltd,,8.91,50,,2.21,19.73,0.84,-5.24,0.29,15.4,17.83,13.97,12.26,,,,2026-06-30,APMI monthly report Jun 2026,,pmsStrategy-jain-investment-advisors-pvt-ltd-india-equity-3c830fc1
Innovative Business,Jain Investment Advisors Pvt Ltd,,28.28,50,,2,19,0.07,-6.39,0.45,15.81,17.52,12.42,11.09,,,,2026-06-30,APMI monthly report Jun 2026,,pmsStrategy-jain-investment-advisors-pvt-ltd-innovative-business-feb7b836
Strategic Equity,Jain Investment Advisors Pvt Ltd,,1235.85,50,,2.45,17.16,1.71,-4.45,1.18,16.88,18.83,14.45,11.74,,,,2026-06-30,APMI monthly report Jun 2026,,pmsStrategy-jain-investment-advisors-pvt-ltd-strategic-equity-3da8d311
Wonder Companies,Jain Investment Advisors Pvt Ltd,,45.56,50,,1.5,10.09,-5.3,-4.71,-0.92,17.25,18.61,13.74,13,,,,2026-06-30,APMI monthly report Jun 2026,,pmsStrategy-jain-investment-advisors-pvt-ltd-wonder-companies-ee3ba34a
DYNAMIC INVESTMENT APPROACH,Janak Merchant Securities Pvt.Ltd.,,1051.15,50,,4.85,22.09,1.56,-0.67,2.65,19.18,25.72,23.81,19,,,,2026-06-30,APMI monthly report Jun 2026,,pmsStrategy-janak-merchant-securities-pvt-ltd-dynamic-investment-approach
Growth Plus Value Investing,Jeetay Investments Pvt Ltd,,468.46,50,,6.1,17.93,-1.56,-4.2,-0.54,10.42,15.12,10.26,14.15,,,,2026-06-30,APMI monthly report Jun 2026,,pmsStrategy-jeetay-investments-pvt-ltd-growth-plus-value-investing
JOINDRE VALUE FUND,Joindre Capital Services Limited,,55.16,50,,2.82,14.28,-5.45,-9.51,-2.77,7.94,9.97,5.4,10.87,,,,2026-06-30,APMI monthly report Jun 2026,,pmsStrategy-joindre-capital-services-limited-joindre-value-fund
Julius Baer All Weather Portfolio- Core,Julius Baer Wealth Advisors (India) Private Limited,Hybrid,3.74,50,,1.76,8.36,0.29,6.79,6.68,12.15,12.54,9.76,10.06,,,,2026-06-30,APMI monthly report Jun 2026,,pmsStrategy-julius-baer-wealth-advisors-india-private-limited-julius-baer-all-weather-portfolio-core
Julius Baer All Weather Portfolio- Plus,Julius Baer Wealth Advisors (India) Private Limited,Hybrid,14.76,50,,1.61,9.27,-0.43,5.69,5.84,12.07,,,13.21,,,,2026-06-30,APMI monthly report Jun 2026,,pmsStrategy-julius-baer-wealth-advisors-india-private-limited-julius-baer-all-weather-portfolio-plus
Julius Baer India Equity Opportunities Portfolio,Julius Baer Wealth Advisors (India) Private Limited,,23.13,50,,2.84,16.57,-1.86,-3.21,2.46,,,,5.53,,,,2026-06-30,APMI monthly report Jun 2026,,pmsStrategy-julius-baer-wealth-advisors-india-private-limited-julius-baer-india-equity-opportunities-portfol
Julius Baer India Flexi Index Portfolio,Julius Baer Wealth Advisors (India) Private Limited,,86.24,50,,2.11,11.1,-3.91,-2.38,0.66,11.17,,,13.31,,,,2026-06-30,APMI monthly report Jun 2026,,pmsStrategy-julius-baer-wealth-advisors-india-private-limited-julius-baer-india-flexi-index-portfolio
Julius Baer India Liquid Portfolio,Julius Baer Wealth Advisors (India) Private Limited,Hybrid,0.43,50,,0.39,1.13,1.8,3.86,,,,,4.63,,,,2026-06-30,APMI monthly report Jun 2026,,pmsStrategy-julius-baer-wealth-advisors-india-private-limited-julius-baer-india-liquid-portfolio
Julius Baer India Premier Opportunities Portfolio,Julius Baer Wealth Advisors (India) Private Limited,,326.49,50,,4.69,15.39,-0.09,4.82,3.7,14.95,18.78,,13.17,,,,2026-06-30,APMI monthly report Jun 2026,,pmsStrategy-julius-baer-wealth-advisors-india-private-limited-julius-baer-india-premier-opportunities-portfo
Julius Baer India Select Portfolio,Julius Baer Wealth Advisors (India) Private Limited,Hybrid,52.29,50,,-0.04,7.87,-0.43,12.06,9.29,,,,13.7,,,,2026-06-30,APMI monthly report Jun 2026,,pmsStrategy-julius-baer-wealth-advisors-india-private-limited-julius-baer-india-select-portfolio
Julius Baer Non Discretionary Portfolio,Julius Baer Wealth Advisors (India) Private Limited,Hybrid,9622.67,50,,1.19,7.45,0.41,4.98,6.01,11.58,11.92,10,10.14,,,,2026-06-30,APMI monthly report Jun 2026,,pmsStrategy-julius-baer-wealth-advisors-india-private-limited-julius-baer-non-discretionary-portfolio
Julius Baer Non-Discretionary Portfolio-Large Value Strategy,Julius Baer Wealth Advisors (India) Private Limited,Hybrid,143.01,50,,1.42,7.81,0.87,3.05,,,,,13.38,,,,2026-06-30,APMI monthly report Jun 2026,,pmsStrategy-julius-baer-wealth-advisors-india-private-limited-julius-baer-non-discretionary-portfolio-large-
Julius Baer Premier Focused Portfolio,Julius Baer Wealth Advisors (India) Private Limited,,151.07,50,,4.75,15.61,0.12,4.52,3.31,13.92,,,16.43,,,,2026-06-30,APMI monthly report Jun 2026,,pmsStrategy-julius-baer-wealth-advisors-india-private-limited-julius-baer-premier-focused-portfolio
KABIR CAPITAL TWO RULE VALUE FUND,KABIR CAPITAL ADVISORS LLP,,35.63,50,,2.24,16.82,,,,,,,11.34,,,,2026-06-30,APMI monthly report Jun 2026,,pmsStrategy-kabir-capital-advisors-llp-kabir-capital-two-rule-value-fund
Compound 26 Capital,KAPM Ventures LLP,,115.24,50,,4.49,36.18,29.12,2.82,5.94,,,,18.24,,,,2026-06-30,APMI monthly report Jun 2026,,pmsStrategy-kapm-ventures-llp-compound-26-capital
Prudent Growth Opportunities,KAPM Ventures LLP,,,50,,0,0,0,0,0,,,,0,,,,2026-06-30,APMI monthly report Jun 2026,,pmsStrategy-kapm-ventures-llp-prudent-growth-opportunities
KEDIA PMS MULTI CAP,KEDIA SHARES & STOCKS BROKERS LIMITED,,111.84,50,,0.22,14.46,3.41,-0.77,2.58,15.3,19.95,15.68,16.54,,,,2026-06-30,APMI monthly report Jun 2026,,pmsStrategy-kedia-shares-stocks-brokers-limited-kedia-pms-multi-cap
KORMAN CAPITAL INVESTMENT ADVISORS LLP - KORMAN AGILE STRATEGY,KORMAN CAPITAL INVESTMENT ADVISORS LLP,,74.54,50,,7.12,,,,,,,,7.12,,,,2026-06-30,APMI monthly report Jun 2026,,pmsStrategy-korman-capital-investment-advisors-llp-korman-capital-investment-advisors-llp-korman-agile-strat
KRIIS COMPOUNDERS PORTFOLIO STRATEGY,KRIIS PORTFOLIO PRIVATE LIMITED,,,50,,0,0,0,0,7.99,25,,,27.69,,,,2026-06-30,APMI monthly report Jun 2026,,pmsStrategy-kriis-portfolio-private-limited-kriis-compounders-portfolio-strategy
KRIIS HIGH GROWTH STRATEGY,KRIIS PORTFOLIO PRIVATE LIMITED,,135.03,50,,14.91,58.25,35.82,31.29,34,,,,38.89,,,,2026-06-30,APMI monthly report Jun 2026,,pmsStrategy-kriis-portfolio-private-limited-kriis-high-growth-strategy
KRIIS MULTICAP FUND STRATEGY,KRIIS PORTFOLIO PRIVATE LIMITED,,359.87,50,,13.69,53.28,33.46,26.64,20.32,28.74,27.81,20.05,24.12,,,,2026-06-30,APMI monthly report Jun 2026,,pmsStrategy-kriis-portfolio-private-limited-kriis-multicap-fund-strategy
KING,KYNG CAPITAL MANAGEMENT PRIVATE LIMITED,,189.32,50,,-1.53,-14.78,-1.13,4.01,5.12,,,,5.98,,,,2026-06-30,APMI monthly report Jun 2026,,pmsStrategy-kyng-capital-management-private-limited-king
KARMA CAPITAL HIGHLY DIVERSIFIED,Karma Capital Advisors Pvt Ltd.,,17.9,50,,3.09,16.08,1.16,,,,,,1.97,,,,2026-06-30,APMI monthly report Jun 2026,,pmsStrategy-karma-capital-advisors-pvt-ltd-karma-capital-highly-diversified
KARMA CAPITAL JASMINE,Karma Capital Advisors Pvt Ltd.,,22.04,50,,2.51,19.14,1.37,-1.04,2.62,,,,10.18,,,,2026-06-30,APMI monthly report Jun 2026,,pmsStrategy-karma-capital-advisors-pvt-ltd-karma-capital-jasmine
KARMA CAPITAL KWB SELECT PMS,Karma Capital Advisors Pvt Ltd.,,6339.43,50,,1.3,15.7,-6.83,-7.42,,,,,11.58,,,,2026-06-30,APMI monthly report Jun 2026,,pmsStrategy-karma-capital-advisors-pvt-ltd-karma-capital-kwb-select-pms
KARMA CAPITAL LIQUID,Karma Capital Advisors Pvt Ltd.,Hybrid,0.5,50,,0,0.03,0.8,,,,,,2.74,,,,2026-06-30,APMI monthly report Jun 2026,,pmsStrategy-karma-capital-advisors-pvt-ltd-karma-capital-liquid
Karma Capital Lotus,Karma Capital Advisors Pvt Ltd.,,23,50,,2.45,14.69,-1.81,1.76,7.31,18.38,,,22.15,,,,2026-06-30,APMI monthly report Jun 2026,,pmsStrategy-karma-capital-advisors-pvt-ltd-karma-capital-lotus
Karma Capital Magnolia,Karma Capital Advisors Pvt Ltd.,,13.55,50,,3.46,20.69,3.3,0.88,3.46,13.11,,,13.28,,,,2026-06-30,APMI monthly report Jun 2026,,pmsStrategy-karma-capital-advisors-pvt-ltd-karma-capital-magnolia
Karma Wealth Builder,Karma Capital Advisors Pvt Ltd.,,285.52,50,,2.55,19.08,1.67,-1.03,5.75,16.54,19.22,13.55,12.75,,,,2026-06-30,APMI monthly report Jun 2026,,pmsStrategy-karma-capital-advisors-pvt-ltd-karma-wealth-builder
Aegis - Debt,Karvy Capital Ltd,Hybrid,3.82,50,,0.01,0.02,0.06,0.07,0.09,0.09,0.09,0.1,0.1,,,,2026-06-30,APMI monthly report Jun 2026,,pmsStrategy-karvy-capital-ltd-aegis-debt
Aegis - MLD,Karvy Capital Ltd,Hybrid,,50,,0,0,0,0,0,0,0,0,0,,,,2026-06-30,APMI monthly report Jun 2026,,pmsStrategy-karvy-capital-ltd-aegis-mld
Demeter,Karvy Capital Ltd,Hybrid,64.66,50,,0,0.01,0.03,0.03,0.05,0.06,0.06,0.07,0.11,,,,2026-06-30,APMI monthly report Jun 2026,,pmsStrategy-karvy-capital-ltd-demeter
Excel,Karvy Capital Ltd,Hybrid,70.51,50,,0.01,0.02,0.05,0.08,0.1,0.1,0.11,0.11,0.1,,,,2026-06-30,APMI monthly report Jun 2026,,pmsStrategy-karvy-capital-ltd-excel
DPMS - Income Portfolio,Klay Securities Private Limited,Hybrid,22.17,50,,1.6,2.78,4.43,8.22,8.46,8.73,8.7,,8.44,,,,2026-06-30,APMI monthly report Jun 2026,,pmsStrategy-klay-securities-private-limited-dpms-income-portfolio
NDPMS,Klay Securities Private Limited,Hybrid,676.4,50,,1.19,9.4,-1.69,-0.06,2.25,8.96,10.15,7.12,6.76,,,,2026-06-30,APMI monthly report Jun 2026,,pmsStrategy-klay-securities-private-limited-ndpms
Kotak Equity Portfolio Investment Approach,Kotak Mahindra Asset Management Company Ltd,,1.02,50,,4.42,13.07,0.98,1.62,1.12,14.25,16.88,,15.29,,,,2026-06-30,APMI monthly report Jun 2026,,pmsStrategy-kotak-mahindra-asset-management-company-ltd-kotak-equity-portfolio-investment-approach
Kotak Evolv Aggressive Asset Allocation Investment Approach,Kotak Mahindra Asset Management Company Ltd,Hybrid,127.03,50,,0.88,11.49,-0.39,2.34,2.64,12.14,,,12.06,,,,2026-06-30,APMI monthly report Jun 2026,,pmsStrategy-kotak-mahindra-asset-management-company-ltd-kotak-evolv-aggressive-asset-allocation-investment-a
Kotak Evolv Conservative Asset Allocation Investment Approach,Kotak Mahindra Asset Management Company Ltd,Hybrid,15.65,50,,0.54,5.3,1.59,5.65,5.98,9.71,,,9.64,,,,2026-06-30,APMI monthly report Jun 2026,,pmsStrategy-kotak-mahindra-asset-management-company-ltd-kotak-evolv-conservative-asset-allocation-investment
Kotak Evolv Equity Investment Approach,Kotak Mahindra Asset Management Company Ltd,,67.06,50,,1.59,13.59,-1.2,-1.6,-0.15,,,,2.86,,,,2026-06-30,APMI monthly report Jun 2026,,pmsStrategy-kotak-mahindra-asset-management-company-ltd-kotak-evolv-equity-investment-approach
Kotak Evolv Equity NDPMS Investment Approach,Kotak Mahindra Asset Management Company Ltd,,7.78,50,,2.48,3.71,,,,,,,3.71,,,,2026-06-30,APMI monthly report Jun 2026,,pmsStrategy-kotak-mahindra-asset-management-company-ltd-kotak-evolv-equity-ndpms-investment-approach
Kotak Evolv Liquid Investment Approach,Kotak Mahindra Asset Management Company Ltd,Hybrid,12.82,50,,0.59,1.4,2.9,5.75,6.18,,,,6.69,,,,2026-06-30,APMI monthly report Jun 2026,,pmsStrategy-kotak-mahindra-asset-management-company-ltd-kotak-evolv-liquid-investment-approach
Kotak Evolv Liquid NDPMS Investment Approach,Kotak Mahindra Asset Management Company Ltd,Hybrid,0.01,50,,-1.62,-0.8,0.16,,,,,,0.16,,,,2026-06-30,APMI monthly report Jun 2026,,pmsStrategy-kotak-mahindra-asset-management-company-ltd-kotak-evolv-liquid-ndpms-investment-approach
Kotak Evolv Moderate Asset Allocation Investment Approach,Kotak Mahindra Asset Management Company Ltd,Hybrid,51.19,50,,0.69,7.69,0.89,4.46,4.84,10.82,,,9.87,,,,2026-06-30,APMI monthly report Jun 2026,,pmsStrategy-kotak-mahindra-asset-management-company-ltd-kotak-evolv-moderate-asset-allocation-investment-app
Kotak Evolv Multi Asset NDPMS Investment Approach,Kotak Mahindra Asset Management Company Ltd,Hybrid,92.95,50,,1.08,9.22,0.45,,,,,,0.45,,,,2026-06-30,APMI monthly report Jun 2026,,pmsStrategy-kotak-mahindra-asset-management-company-ltd-kotak-evolv-multi-asset-ndpms-investment-approach
Kotak Evolv Plus Asset Allocation Investment Approach,Kotak Mahindra Asset Management Company Ltd,Hybrid,1084.96,50,,1.02,6.32,1.4,3.9,4.55,,,,10.35,,,,2026-06-30,APMI monthly report Jun 2026,,pmsStrategy-kotak-mahindra-asset-management-company-ltd-kotak-evolv-plus-asset-allocation-investment-approac
Kotak India Focus Portfolio Investment Approach,Kotak Mahindra Asset Management Company Ltd,,840.85,50,,2.89,11.56,0.84,4.6,5.77,17.13,19.15,15.01,15.03,,,,2026-06-30,APMI monthly report Jun 2026,,pmsStrategy-kotak-mahindra-asset-management-company-ltd-kotak-india-focus-portfolio-investment-approach
Kotak India Focus Portfolio Investment Approach Customised,Kotak Mahindra Asset Management Company Ltd,,50.75,50,,2.7,11.22,0.45,2.38,-6.61,7.77,12.73,10.76,8.6,,,,2026-06-30,APMI monthly report Jun 2026,,pmsStrategy-kotak-mahindra-asset-management-company-ltd-kotak-india-focus-portfolio-investment-approach-cust
Kotak KKORE NDPMS Investment Approach,Kotak Mahindra Asset Management Company Ltd,,3982.7,50,,3.8,16.53,-0.01,2.65,5.86,15.94,17.3,14.3,14.3,,,,2026-06-30,APMI monthly report Jun 2026,,pmsStrategy-kotak-mahindra-asset-management-company-ltd-kotak-kkore-ndpms-investment-approach
Kotak Liquid Investment Approach,Kotak Mahindra Asset Management Company Ltd,Hybrid,1.62,50,,0.58,1.71,3.08,5.83,6.35,6.54,,,6.57,,,,2026-06-30,APMI monthly report Jun 2026,,pmsStrategy-kotak-mahindra-asset-management-company-ltd-kotak-liquid-investment-approach
Kotak Pioneer Model Strategy Investment Approach Aggressive,Kotak Mahindra Asset Management Company Ltd,Hybrid,64.25,50,,0.62,9.99,0.45,11.31,9.87,15.54,15.35,,15.24,,,,2026-06-30,APMI monthly report Jun 2026,,pmsStrategy-kotak-mahindra-asset-management-company-ltd-kotak-pioneer-model-strategy-investment-approach-agg
Kotak Pioneer Model Strategy Investment Approach Conservative,Kotak Mahindra Asset Management Company Ltd,Hybrid,1.15,50,,-0.29,3.61,5.06,22.15,15.95,14.7,13.11,,13.1,,,,2026-06-30,APMI monthly report Jun 2026,,pmsStrategy-kotak-mahindra-asset-management-company-ltd-kotak-pioneer-model-strategy-investment-approach-con
Kotak Pioneer Model Strategy Investment Approach Moderate,Kotak Mahindra Asset Management Company Ltd,Hybrid,7.37,50,,0.23,7.69,1.56,11,10.14,13.35,12.96,,12.95,,,,2026-06-30,APMI monthly report Jun 2026,,pmsStrategy-kotak-mahindra-asset-management-company-ltd-kotak-pioneer-model-strategy-investment-approach-mod
KSEMA WEALTH ALPHA -INDIA OPPORTUNITIES,Ksema Wealth Pvt Ltd,,15.6,50,,2.88,12.54,-2.19,-1.58,1.23,13.32,17.12,13.63,15.18,,,,2026-06-30,APMI monthly report Jun 2026,,pmsStrategy-ksema-wealth-pvt-ltd-ksema-wealth-alpha-india-opportunities
KSEMA WEALTH MULTICAP - INDIA OPPORTUNITIES FUND,Ksema Wealth Pvt Ltd,,83.87,50,,2.94,13.97,0.82,0.02,1.24,14.2,19.1,15.03,17.59,,,,2026-06-30,APMI monthly report Jun 2026,,pmsStrategy-ksema-wealth-pvt-ltd-ksema-wealth-multicap-india-opportunities-fund
Ksema Wealth Pvt Ltd Future Frontier Portfolio,Ksema Wealth Pvt Ltd,,2.29,50,,5.68,33.96,,,,,,,17.34,,,,2026-06-30,APMI monthly report Jun 2026,,pmsStrategy-ksema-wealth-pvt-ltd-ksema-wealth-pvt-ltd-future-frontier-portfolio
Ksema wealth pvt ltd Multi Asset Portfolio Ctrl Alt Grow,Ksema Wealth Pvt Ltd,Hybrid,0.28,50,,-1.87,5.76,,,,,,,-0.04,,,,2026-06-30,APMI monthly report Jun 2026,,pmsStrategy-ksema-wealth-pvt-ltd-ksema-wealth-pvt-ltd-multi-asset-portfolio-ctrl-alt-grow
KUNVARJI FINSTOCK PRIVATE LIMITED,Kunvarji Finstock Pvt. Ltd.,,1.19,50,,0.77,6.13,-8.24,-9.37,-2.66,3.92,6.75,3.64,8.96,,,,2026-06-30,APMI monthly report Jun 2026,,pmsStrategy-kunvarji-finstock-pvt-ltd-kunvarji-finstock-private-limited
Lighthouse Canton Multi Asset Strategy,LC Capital India Private Limited,Hybrid,122,50,,1.59,,,,,,,,5.13,,,,2026-06-30,APMI monthly report Jun 2026,,pmsStrategy-lc-capital-india-private-limited-lighthouse-canton-multi-asset-strategy
Lighthouse Canton Sectoral Shift Strategy,LC Capital India Private Limited,,22.6,50,,-0.61,12.86,-1.36,,,,,,3,,,,2026-06-30,APMI monthly report Jun 2026,,pmsStrategy-lc-capital-india-private-limited-lighthouse-canton-sectoral-shift-strategy
Active Alpha,LGT Wealth India Private Limited,,,50,,0,0,0,5.11,7.65,21.75,,,25.18,,,,2026-06-30,APMI monthly report Jun 2026,,pmsStrategy-lgt-wealth-india-private-limited-active-alpha
Canvas,LGT Wealth India Private Limited,Hybrid,1886.39,50,,1.25,6.06,1.08,4.82,5.13,12.03,,,12.42,,,,2026-06-30,APMI monthly report Jun 2026,,pmsStrategy-lgt-wealth-india-private-limited-canvas
Curate,LGT Wealth India Private Limited,Hybrid,94.05,50,,1.38,6.43,0.81,,,,,,2.41,,,,2026-06-30,APMI monthly report Jun 2026,,pmsStrategy-lgt-wealth-india-private-limited-curate
EDGE,LGT Wealth India Private Limited,,4.55,50,,-0.13,14.17,-0.47,-3.33,-3.44,,,,-1.98,,,,2026-06-30,APMI monthly report Jun 2026,,pmsStrategy-lgt-wealth-india-private-limited-edge
LINEA,LGT Wealth India Private Limited,Hybrid,,50,,0,0,0,0,-70.53,,,,-59.06,,,,2026-06-30,APMI monthly report Jun 2026,,pmsStrategy-lgt-wealth-india-private-limited-linea
Lighthouse,LGT Wealth India Private Limited,,62.6,50,,1.83,8.66,-7.66,-7.16,-4.48,4.46,,,3,,,,2026-06-30,APMI monthly report Jun 2026,,pmsStrategy-lgt-wealth-india-private-limited-lighthouse
Liquid,LGT Wealth India Private Limited,Hybrid,,50,,0,0,0,0,0.29,0.94,1.25,,1.27,,,,2026-06-30,APMI monthly report Jun 2026,,pmsStrategy-lgt-wealth-india-private-limited-liquid
Maxima,LGT Wealth India Private Limited,,5.24,50,,2.35,14.04,-0.8,-0.35,-2.98,7.19,,,8.47,,,,2026-06-30,APMI monthly report Jun 2026,,pmsStrategy-lgt-wealth-india-private-limited-maxima
Optima,LGT Wealth India Private Limited,,60.75,50,,2.32,14.39,-0.84,-0.82,-4.5,3.26,9.19,,5.56,,,,2026-06-30,APMI monthly report Jun 2026,,pmsStrategy-lgt-wealth-india-private-limited-optima
PRIMA - All Seasons Debt,LGT Wealth India Private Limited,Hybrid,8.24,50,,-1.89,2.42,,,,,,,3.48,,,,2026-06-30,APMI monthly report Jun 2026,,pmsStrategy-lgt-wealth-india-private-limited-prima-all-seasons-debt
PRIMA - Credit Opportunities,LGT Wealth India Private Limited,Hybrid,5.25,50,,1.83,3.47,5.85,,,,,,10.82,,,,2026-06-30,APMI monthly report Jun 2026,,pmsStrategy-lgt-wealth-india-private-limited-prima-credit-opportunities
PRIMA - Flexi Debt,LGT Wealth India Private Limited,Hybrid,147.24,50,,1.3,2.78,4.35,8.9,10.15,,,,9.9,,,,2026-06-30,APMI monthly report Jun 2026,,pmsStrategy-lgt-wealth-india-private-limited-prima-flexi-debt
PRIMA - Short Term Debt,LGT Wealth India Private Limited,Hybrid,159.35,50,,1.12,2.13,3.43,7.27,8.01,,,,7.73,,,,2026-06-30,APMI monthly report Jun 2026,,pmsStrategy-lgt-wealth-india-private-limited-prima-short-term-debt
Platina,LGT Wealth India Private Limited,Hybrid,637.6,50,,1.54,11.1,0.75,3.83,5.23,10.67,,,9.34,,,,2026-06-30,APMI monthly report Jun 2026,,pmsStrategy-lgt-wealth-india-private-limited-platina
Platina Select,LGT Wealth India Private Limited,,2.66,50,,1.72,15.62,0.54,-0.54,,,,,0.97,,,,2026-06-30,APMI monthly report Jun 2026,,pmsStrategy-lgt-wealth-india-private-limited-platina-select
SIGMA - All Seasons Debt,LGT Wealth India Private Limited,Hybrid,,50,,0,0,0,0,0,8.08,,,13.96,,,,2026-06-30,APMI monthly report Jun 2026,,pmsStrategy-lgt-wealth-india-private-limited-sigma-all-seasons-debt
Ultima,LGT Wealth India Private Limited,,58.59,50,,-3.11,5.57,-11.08,-13.88,0.23,7.88,,,11.16,,,,2026-06-30,APMI monthly report Jun 2026,,pmsStrategy-lgt-wealth-india-private-limited-ultima
Ultima Select,LGT Wealth India Private Limited,,9.76,50,,0.8,7.71,-6.79,-3.65,1.46,6.86,,,7.53,,,,2026-06-30,APMI monthly report Jun 2026,,pmsStrategy-lgt-wealth-india-private-limited-ultima-select
1UP MultiManager FOF,Ladderup Asset Managers Private Limited,,59.48,50,,2.43,14.29,0.64,0.49,,,,,9.55,,,,2026-06-30,APMI monthly report Jun 2026,,pmsStrategy-ladderup-asset-managers-private-limited-1up-multimanager-fof
1UP MultiManager FOF ND,Ladderup Asset Managers Private Limited,,12.47,50,,,,,,,,,,-0.46,,,,2026-06-30,APMI monthly report Jun 2026,,pmsStrategy-ladderup-asset-managers-private-limited-1up-multimanager-fof-nd
Credit Opportunities Portfolio,Ladderup Asset Managers Private Limited,Hybrid,51.68,50,,1.35,3.13,5.33,11.12,0,,,,12.66,,,,2026-06-30,APMI monthly report Jun 2026,,pmsStrategy-ladderup-asset-managers-private-limited-credit-opportunities-portfolio
Credit Opportunities Portfolio - PAYOUT,Ladderup Asset Managers Private Limited,Hybrid,9.91,50,,1.35,2.99,5.24,11.82,,,,,12.21,,,,2026-06-30,APMI monthly report Jun 2026,,pmsStrategy-ladderup-asset-managers-private-limited-credit-opportunities-portfolio-payout
Liquid PMS,Ladderup Asset Managers Private Limited,Hybrid,0.35,50,,0,0,0.08,0.56,-21.75,-13.93,,,-13.51,,,,2026-06-30,APMI monthly report Jun 2026,,pmsStrategy-ladderup-asset-managers-private-limited-liquid-pms
Proud Portfolio,Ladderup Asset Managers Private Limited,,100.89,50,,4.36,17.91,-8.08,-5.81,0.6,6.83,,,8.55,,,,2026-06-30,APMI monthly report Jun 2026,,pmsStrategy-ladderup-asset-managers-private-limited-proud-portfolio
India Growth,Lakewater Advisors Private Limited,,32.54,50,,3.39,27.18,7.5,8.97,6.29,8.93,11.45,5.37,10.49,,,,2026-06-30,APMI monthly report Jun 2026,,pmsStrategy-lakewater-advisors-private-limited-india-growth
LATENT ADVISORS LLP WEALTH TREK STRATEGY,Latent Advisors LLP,Hybrid,6.81,50,,1.53,8.61,0,,,,,,0.9,,,,2026-06-30,APMI monthly report Jun 2026,,pmsStrategy-latent-advisors-llp-latent-advisors-llp-wealth-trek-strategy
LATENT CASH MANAGEMENT SCHEME,Latent Advisors LLP,Hybrid,1.68,50,,1.05,1.88,0.31,2.28,3.78,,,,6.27,,,,2026-06-30,APMI monthly report Jun 2026,,pmsStrategy-latent-advisors-llp-latent-cash-management-scheme
LATENT EQUITY GROWTH,Latent Advisors LLP,,116.18,50,,9.05,27.94,7.19,4.81,16.83,,,,22.75,,,,2026-06-30,APMI monthly report Jun 2026,,pmsStrategy-latent-advisors-llp-latent-equity-growth
LATENT MULTI ASSET SCHEME,Latent Advisors LLP,Hybrid,45.1,50,,0.91,5.96,-3.09,2.17,6.09,,,,7.48,,,,2026-06-30,APMI monthly report Jun 2026,,pmsStrategy-latent-advisors-llp-latent-multi-asset-scheme
SAMMAAN INDIA,Laurel Securities Private Limited,,4.75,50,,0.93,27.88,0.55,,,,,,1.75,,,,2026-06-30,APMI monthly report Jun 2026,,pmsStrategy-laurel-securities-private-limited-sammaan-india
ALLWEATHER,MARFATIA STOCK BROKING PRIVATE LIMITED,,86.6,50,,2.94,0,0,11.47,0,0,0,0,0,,,,2026-06-30,APMI monthly report Jun 2026,,pmsStrategy-marfatia-stock-broking-private-limited-allweather
Maxiom PMS - CATALYST - Special Situations,MAXIOM ASSET MANAGEMENT PRIVATE LIMITED,,0.17,50,,5.7,7.12,-9.4,-9.4,-9.4,-9.4,,,-1.78,,,,2026-06-30,APMI monthly report Jun 2026,,pmsStrategy-maxiom-asset-management-private-limited-maxiom-pms-catalyst-special-situations
Maxiom PMS - CORAL Cyclical,MAXIOM ASSET MANAGEMENT PRIVATE LIMITED,,2.22,50,,1.05,11.06,-4.57,-3.93,,,,,-2.64,,,,2026-06-30,APMI monthly report Jun 2026,,pmsStrategy-maxiom-asset-management-private-limited-maxiom-pms-coral-cyclical
Maxiom PMS - DIAMOND Diversified Mutual Funds Retirement Planning,MAXIOM ASSET MANAGEMENT PRIVATE LIMITED,,1.19,50,,1.55,4.68,-0.85,2.17,,,,,6.02,,,,2026-06-30,APMI monthly report Jun 2026,,pmsStrategy-maxiom-asset-management-private-limited-maxiom-pms-diamond-diversified-mutual-funds-retirement-p
Maxiom PMS - EMERALD Diversified Mutual Funds,MAXIOM ASSET MANAGEMENT PRIVATE LIMITED,Hybrid,2.35,50,,-3,5.56,-4.28,-6,0.64,5.24,,,5.2,,,,2026-06-30,APMI monthly report Jun 2026,,pmsStrategy-maxiom-asset-management-private-limited-maxiom-pms-emerald-diversified-mutual-funds
Maxiom PMS - GEM Quality-Momentum,MAXIOM ASSET MANAGEMENT PRIVATE LIMITED,,5.3,50,,5.14,29.9,21.78,1.88,-0.26,5.54,,,5.51,,,,2026-06-30,APMI monthly report Jun 2026,,pmsStrategy-maxiom-asset-management-private-limited-maxiom-pms-gem-quality-momentum
Maxiom PMS - JEWEL Flexi Cap Quality-Growth,MAXIOM ASSET MANAGEMENT PRIVATE LIMITED,,66.32,50,,3.07,17.78,1,0.47,0.27,7.12,,,7.15,,,,2026-06-30,APMI monthly report Jun 2026,,pmsStrategy-maxiom-asset-management-private-limited-maxiom-pms-jewel-flexi-cap-quality-growth
Maxiom PMS - JEWEL Flexi Cap Quality-Growth - NDPMS,MAXIOM ASSET MANAGEMENT PRIVATE LIMITED,,3.34,50,,3.3,19.08,2.1,2.62,1.89,,,,12.47,,,,2026-06-30,APMI monthly report Jun 2026,,pmsStrategy-maxiom-asset-management-private-limited-maxiom-pms-jewel-flexi-cap-quality-growth-ndpms
Maxiom PMS - SAPPHIRE - Factor Based,MAXIOM ASSET MANAGEMENT PRIVATE LIMITED,,0.97,50,,-0.59,0,0,0,,,,,0.72,,,,2026-06-30,APMI monthly report Jun 2026,,pmsStrategy-maxiom-asset-management-private-limited-maxiom-pms-sapphire-factor-based
Maxiom PMS - SPARK Emerging Companies Quality-Growth,MAXIOM ASSET MANAGEMENT PRIVATE LIMITED,,20.51,50,,4.51,26.96,2.53,-5.18,-1.06,10.4,,,10.33,,,,2026-06-30,APMI monthly report Jun 2026,,pmsStrategy-maxiom-asset-management-private-limited-maxiom-pms-spark-emerging-companies-quality-growth
Maxiom PMS - SPARK Emerging Companies Quality-Growth - NDPMS,MAXIOM ASSET MANAGEMENT PRIVATE LIMITED,,1.23,50,,4.6,27.46,3.43,-3.39,2.11,,,,15.81,,,,2026-06-30,APMI monthly report Jun 2026,,pmsStrategy-maxiom-asset-management-private-limited-maxiom-pms-spark-emerging-companies-quality-growth-ndpms
Maxiom PMS - TOPAZ Flexicap Focused Quality-Growth,MAXIOM ASSET MANAGEMENT PRIVATE LIMITED,,0.53,50,,0,0,0,0,0,0,,,0,,,,2026-06-30,APMI monthly report Jun 2026,,pmsStrategy-maxiom-asset-management-private-limited-maxiom-pms-topaz-flexicap-focused-quality-growth
Maxiom PMS EMERALD Diversified Mutual Funds - NDPMS,MAXIOM ASSET MANAGEMENT PRIVATE LIMITED,,1.55,50,,1.33,10.47,-2.31,-0.78,4.02,,,,10.65,,,,2026-06-30,APMI monthly report Jun 2026,,pmsStrategy-maxiom-asset-management-private-limited-maxiom-pms-emerald-diversified-mutual-funds-ndpms
Maxiom PMS-EMERALD-E Diversified Mutual Funds (Equity),MAXIOM ASSET MANAGEMENT PRIVATE LIMITED,,10.09,50,,1.36,8.61,-4.62,-2.91,,,,,2.61,,,,2026-06-30,APMI monthly report Jun 2026,,pmsStrategy-maxiom-asset-management-private-limited-maxiom-pms-emerald-e-diversified-mutual-funds-equity
Maxiom PMS-EMERALD-NE Diversified Mutual Funds (Non-Equity),MAXIOM ASSET MANAGEMENT PRIVATE LIMITED,Hybrid,11.07,50,,-4,1.11,1.92,23.4,,,,,21.75,,,,2026-06-30,APMI monthly report Jun 2026,,pmsStrategy-maxiom-asset-management-private-limited-maxiom-pms-emerald-ne-diversified-mutual-funds-non-equit
Reverse Research,MIV Investment Services Private Limited,,2092.14,50,,8.37,30.91,13.62,20.67,6.52,21.47,24.16,17.65,22.99,,,,2026-06-30,APMI monthly report Jun 2026,,pmsStrategy-miv-investment-services-private-limited-reverse-research
PMS MOPE I,MO Alternate Investment Advisors Private Limited,,220.79,50,,0,0,4.48,11.34,11.16,10.82,7.43,6.79,4.49,,,,2026-06-30,APMI monthly report Jun 2026,,pmsStrategy-mo-alternate-investment-advisors-private-limited-pms-mope-i
Monarch Wealth Creator Fund,MONARCH NETWORTH CAPITAL LIMITED,,260.63,50,,1.15,22.07,11.78,,,,,,12.35,,,,2026-06-30,APMI monthly report Jun 2026,,pmsStrategy-monarch-networth-capital-limited-monarch-wealth-creator-fund
Future Stars,Magadh Capital Advisors Llp,,82.74,50,,0.78,17.69,7.35,9.47,9.43,26.39,29.65,,21.04,,,,2026-06-30,APMI monthly report Jun 2026,,pmsStrategy-magadh-capital-advisors-llp-future-stars
Value for Growth,Magadh Capital Advisors Llp,,27.44,50,,-0.28,9.82,-4.91,-4.13,0.98,15.16,20.52,,12.45,,,,2026-06-30,APMI monthly report Jun 2026,,pmsStrategy-magadh-capital-advisors-llp-value-for-growth
SEVEN ISLANDS MULTICAP FUND,Mansi Share And Stock Advisors Pvt Ltd,,145.22,50,,7.77,39.25,8.73,9.67,5.47,21.5,,,23.57,,,,2026-06-30,APMI monthly report Jun 2026,,pmsStrategy-mansi-share-and-stock-advisors-pvt-ltd-seven-islands-multicap-fund
Mega Trends - Multicap Growth,Marathontrends Advisory Pvt Ltd,,113.75,50,,2.3,12.84,-1.42,-0.43,-5.82,10.77,15.42,9.38,9.43,,,,2026-06-30,APMI monthly report Jun 2026,,pmsStrategy-marathontrends-advisory-pvt-ltd-mega-trends-multicap-growth
Trend Following - Flexicap Growth,Marathontrends Advisory Pvt Ltd,,349.44,50,,2.15,12.16,-2.1,-0.35,-3.08,12.39,,,17.77,,,,2026-06-30,APMI monthly report Jun 2026,,pmsStrategy-marathontrends-advisory-pvt-ltd-trend-following-flexicap-growth
Trend Following -Large Cap,Marathontrends Advisory Pvt Ltd,,,50,,0,0,0,0,,,,,-5.71,,,,2026-06-30,APMI monthly report Jun 2026,,pmsStrategy-marathontrends-advisory-pvt-ltd-trend-following-large-cap
Consistent Compounders,Marcellus Investment Managers Private Limited,Largecap,1666.34,50,,2.42,17.51,-0.78,-6.29,-0.6,4.7,8.23,4.41,11.8,,,,2026-06-30,APMI monthly report Jun 2026,,pmsStrategy-marcellus-investment-managers-private-limited-consistent-compounders
Core Domestic Equity,Marcellus Investment Managers Private Limited,,0.05,50,,0.81,,,,,,,,-0.43,,,,2026-06-30,APMI monthly report Jun 2026,,pmsStrategy-marcellus-investment-managers-private-limited-core-domestic-equity
Kings of Capital,Marcellus Investment Managers Private Limited,,134.61,50,,5.62,17.81,-0.78,-3.28,5.07,8.63,11.66,5.46,9.79,,,,2026-06-30,APMI monthly report Jun 2026,,pmsStrategy-marcellus-investment-managers-private-limited-kings-of-capital
Liquid STP,Marcellus Investment Managers Private Limited,Hybrid,2.35,50,,0.38,0.96,1.94,3.96,4.28,3.61,3.09,2.64,2.42,,,,2026-06-30,APMI monthly report Jun 2026,,pmsStrategy-marcellus-investment-managers-private-limited-liquid-stp
Little Champs,Marcellus Investment Managers Private Limited,Midcap,129.18,50,,4.41,16.1,0.44,-6.34,-1.86,1.06,0.56,-0.22,11.02,,,,2026-06-30,APMI monthly report Jun 2026,,pmsStrategy-marcellus-investment-managers-private-limited-little-champs
Marcellus Curation-I,Marcellus Investment Managers Private Limited,,153.67,50,,3.92,18.68,-1.54,-7.77,-1.08,,,,4.36,,,,2026-06-30,APMI monthly report Jun 2026,,pmsStrategy-marcellus-investment-managers-private-limited-marcellus-curation-i
Marcellus Rising Giants,Marcellus Investment Managers Private Limited,,91.98,50,,4.18,15.91,-0.14,-6.96,1.01,5.59,6.67,,-0.56,,,,2026-06-30,APMI monthly report Jun 2026,,pmsStrategy-marcellus-investment-managers-private-limited-marcellus-rising-giants
Marcellus' Curation,Marcellus Investment Managers Private Limited,,72.33,50,,3.6,15.36,-3.84,-10.04,-3.11,1.56,4.84,1.61,7.76,,,,2026-06-30,APMI monthly report Jun 2026,,pmsStrategy-marcellus-investment-managers-private-limited-marcellus-curation
MeritorQ,Marcellus Investment Managers Private Limited,,41.64,50,,4.56,15.98,-1.64,-3.45,3.32,14.15,,,12.01,,,,2026-06-30,APMI monthly report Jun 2026,,pmsStrategy-marcellus-investment-managers-private-limited-meritorq
MeritorQ Small cap,Marcellus Investment Managers Private Limited,,0.81,50,,5.71,20.55,,,,,,,19.86,,,,2026-06-30,APMI monthly report Jun 2026,,pmsStrategy-marcellus-investment-managers-private-limited-meritorq-small-cap
Multi Asset,Marcellus Investment Managers Private Limited,Hybrid,9.92,50,,-0.67,6.4,0.21,8.22,,,,,7.96,,,,2026-06-30,APMI monthly report Jun 2026,,pmsStrategy-marcellus-investment-managers-private-limited-multi-asset
Multi Asset Aggresive,Marcellus Investment Managers Private Limited,Hybrid,16.95,50,,-0.47,7.99,-0.44,7.49,,,,,8.61,,,,2026-06-30,APMI monthly report Jun 2026,,pmsStrategy-marcellus-investment-managers-private-limited-multi-asset-aggresive
Multi Asset Income,Marcellus Investment Managers Private Limited,Hybrid,1.21,50,,1.13,,,,,,,,1.13,,,,2026-06-30,APMI monthly report Jun 2026,,pmsStrategy-marcellus-investment-managers-private-limited-multi-asset-income
MultiAssetConservative,Marcellus Investment Managers Private Limited,Hybrid,2.04,50,,-0.54,4.93,0.32,8.29,,,,,9.06,,,,2026-06-30,APMI monthly report Jun 2026,,pmsStrategy-marcellus-investment-managers-private-limited-multiassetconservative
Non-Discretionary,Marcellus Investment Managers Private Limited,,47.49,50,,3.87,17.91,-0.92,-5.56,2.29,5.34,8.2,3.91,16.57,,,,2026-06-30,APMI monthly report Jun 2026,,pmsStrategy-marcellus-investment-managers-private-limited-non-discretionary
Mojo Asset Divergence Alpha Fund,Markets MoJo Asset Management Private Limited,Hybrid,24.93,50,,-0.19,,,,,,,,-0.11,,,,2026-06-30,APMI monthly report Jun 2026,,pmsStrategy-markets-mojo-asset-management-private-limited-mojo-asset-divergence-alpha-fund
Mojo Power,Markets MoJo Asset Management Private Limited,,187.33,50,,2.17,14.75,4.48,2.44,-2.88,,,,7.13,,,,2026-06-30,APMI monthly report Jun 2026,,pmsStrategy-markets-mojo-asset-management-private-limited-mojo-power
Mojo Soul,Markets MoJo Asset Management Private Limited,,626.85,50,,3.51,16.91,6.05,1.81,-2.94,6.27,,,6.26,,,,2026-06-30,APMI monthly report Jun 2026,,pmsStrategy-markets-mojo-asset-management-private-limited-mojo-soul
ND - Mojo Soul,Markets MoJo Asset Management Private Limited,,10.29,50,,,,,,,,,,0,,,,2026-06-30,APMI monthly report Jun 2026,,pmsStrategy-markets-mojo-asset-management-private-limited-nd-mojo-soul
Master Trust India Growth Strategy,Master Portfolio Services Limited,,381.88,50,,4.24,22.93,5.64,0.73,4.55,15,19.72,15.18,24.26,,,,2026-06-30,APMI monthly report Jun 2026,,pmsStrategy-master-portfolio-services-limited-master-trust-india-growth-strategy
Master Trust iRage Absolute Return Strategy,Master Portfolio Services Limited,Hybrid,72.3,50,,1.07,2.71,4.4,6.99,10.1,11.45,10.74,10,9.84,,,,2026-06-30,APMI monthly report Jun 2026,,pmsStrategy-master-portfolio-services-limited-master-trust-irage-absolute-return-strategy
Maximal Income Fund,Maximal Capital Private Limited,Hybrid,48.02,50,,2.72,7.3,7.44,21.32,18.64,21.98,19.2,,19.65,,,,2026-06-30,APMI monthly report Jun 2026,,pmsStrategy-maximal-capital-private-limited-maximal-income-fund
Maximal Pathfinder Value Fund,Maximal Capital Private Limited,,194.54,50,,5.78,22.72,6.62,3.97,3.71,21.61,28.2,,25.2,,,,2026-06-30,APMI monthly report Jun 2026,,pmsStrategy-maximal-capital-private-limited-maximal-pathfinder-value-fund
MEHTA MULTI FOCUS STRATEGY (MMFS),Mehta Equities Limited,,203.07,50,,5.62,20.64,3.82,8.48,6.17,14.81,18.89,16.67,15.23,,,,2026-06-30,APMI monthly report Jun 2026,,pmsStrategy-mehta-equities-limited-mehta-multi-focus-strategy-mmfs
Microsec Wealth Management Ltd.,Microsec Wealth Management Limited,,,50,,0,0,0,0,-0.34,11.54,14.84,10.13,12.52,,,,2026-06-30,APMI monthly report Jun 2026,,pmsStrategy-microsec-wealth-management-limited-microsec-wealth-management-ltd
MAPL Value Investing Fund,Mittal Analytics Private Limited,,439.39,50,,1.74,34.03,16.56,19.26,11.8,23.1,27.77,24.36,30.72,,,,2026-06-30,APMI monthly report Jun 2026,,pmsStrategy-mittal-analytics-private-limited-mapl-value-investing-fund
Aggressive Leaders,Moat Financial Services Private Limited,,,50,,0,0,0,0,0,0,0,0,0,,,,2026-06-30,APMI monthly report Jun 2026,,pmsStrategy-moat-financial-services-private-limited-aggressive-leaders
Auxano Alpha Fund,Moat Financial Services Private Limited,,29.7,50,,5.83,26.18,9.31,,,,,,5.24,,,,2026-06-30,APMI monthly report Jun 2026,,pmsStrategy-moat-financial-services-private-limited-auxano-alpha-fund
Auxano Legacy Fund,Moat Financial Services Private Limited,,5.31,50,,1.29,9.43,-1.19,1.26,,,,,1.23,,,,2026-06-30,APMI monthly report Jun 2026,,pmsStrategy-moat-financial-services-private-limited-auxano-legacy-fund
Auxano Opportunities Fund,Moat Financial Services Private Limited,,10.54,50,,5.63,28.98,14.52,20.6,,,,,19.45,,,,2026-06-30,APMI monthly report Jun 2026,,pmsStrategy-moat-financial-services-private-limited-auxano-opportunities-fund
Conservative Growth,Moat Financial Services Private Limited,,,50,,0,0,0,0,0,0,0,,0,,,,2026-06-30,APMI monthly report Jun 2026,,pmsStrategy-moat-financial-services-private-limited-conservative-growth
Emerging Moat,Moat Financial Services Private Limited,,56.69,50,,1.24,15.43,-0.46,-8.26,-4.13,11.29,,,11.96,,,,2026-06-30,APMI monthly report Jun 2026,,pmsStrategy-moat-financial-services-private-limited-emerging-moat
Happiness Portfolio,Moat Financial Services Private Limited,,3.42,50,,2.76,21.95,0.27,,,,,,-2.16,,,,2026-06-30,APMI monthly report Jun 2026,,pmsStrategy-moat-financial-services-private-limited-happiness-portfolio
Moderate Compounders,Moat Financial Services Private Limited,,18.13,50,,3.19,19.01,1.62,-6.91,-3.81,11.68,15.38,13.02,10.88,,,,2026-06-30,APMI monthly report Jun 2026,,pmsStrategy-moat-financial-services-private-limited-moderate-compounders
Special Opportunities,Moat Financial Services Private Limited,,11.55,50,,2.58,18.01,1.27,-6.27,-2.85,9.62,12.36,9.99,14.07,,,,2026-06-30,APMI monthly report Jun 2026,,pmsStrategy-moat-financial-services-private-limited-special-opportunities
UpperCrust Growth Fund,Moat Financial Services Private Limited,Hybrid,71.21,50,,-4.08,8.24,2.26,4.49,3.76,19.89,20.34,,16.43,,,,2026-06-30,APMI monthly report Jun 2026,,pmsStrategy-moat-financial-services-private-limited-uppercrust-growth-fund
UpperCrust ONE,Moat Financial Services Private Limited,,,50,,0,0,0,0,0,0,,,0,,,,2026-06-30,APMI monthly report Jun 2026,,pmsStrategy-moat-financial-services-private-limited-uppercrust-one
UpperCrust Wealth Fund,Moat Financial Services Private Limited,,129.1,50,,-6.57,8.74,6.24,3.28,4.26,23.61,23.47,,15.45,,,,2026-06-30,APMI monthly report Jun 2026,,pmsStrategy-moat-financial-services-private-limited-uppercrust-wealth-fund
Uppercrust Prosperity Fund,Moat Financial Services Private Limited,,18.59,50,,-6.38,6.73,4.55,7.24,,,,,2.62,,,,2026-06-30,APMI monthly report Jun 2026,,pmsStrategy-moat-financial-services-private-limited-uppercrust-prosperity-fund
GROWTH,Molecule Ventures Limited Liability Partnership,,935.97,50,,0.51,28.14,4.6,16.98,8.4,23.35,29.95,,25.83,,,,2026-06-30,APMI monthly report Jun 2026,,pmsStrategy-molecule-ventures-limited-liability-partnership-growth
QUANT,Molecule Ventures Limited Liability Partnership,,2.3,50,,0.44,42.95,12.61,13.65,6.11,,,,8.09,,,,2026-06-30,APMI monthly report Jun 2026,,pmsStrategy-molecule-ventures-limited-liability-partnership-quant
MONEYCOMB,Moneybee Securities Pvt Ltd,,,50,,0,0,0,0,0,0,0,0,0,,,,2026-06-30,APMI monthly report Jun 2026,,pmsStrategy-moneybee-securities-pvt-ltd-moneycomb
QUEENBEE,Moneybee Securities Pvt Ltd,,105.33,50,,6.72,31.38,1.02,-9.05,-4.67,15.79,20.2,22.64,19.4,,,,2026-06-30,APMI monthly report Jun 2026,,pmsStrategy-moneybee-securities-pvt-ltd-queenbee
MONEYGROW BESPOKE,Moneygrow Asset Private Limited,Hybrid,136.18,50,,8.6,43.1,14.62,4.72,8.95,15.96,,,19.84,,,,2026-06-30,APMI monthly report Jun 2026,,pmsStrategy-moneygrow-asset-private-limited-moneygrow-bespoke
MONEYGROW BLEND,Moneygrow Asset Private Limited,,6.28,50,,8.17,41.02,14.57,1.59,,,,,-2.26,,,,2026-06-30,APMI monthly report Jun 2026,,pmsStrategy-moneygrow-asset-private-limited-moneygrow-blend
MONEYGROW DYNAMIC ASSET ALLOCATION,Moneygrow Asset Private Limited,Hybrid,0.5,50,,-0.29,8.28,,,,,,,0.48,,,,2026-06-30,APMI monthly report Jun 2026,,pmsStrategy-moneygrow-asset-private-limited-moneygrow-dynamic-asset-allocation
MONEYGROW LARGE MIDCAP,Moneygrow Asset Private Limited,,109.23,50,,3.73,22.39,0.37,2.25,7.65,15.01,,,17.82,,,,2026-06-30,APMI monthly report Jun 2026,,pmsStrategy-moneygrow-asset-private-limited-moneygrow-large-midcap
MONEYGROW LIQUID,Moneygrow Asset Private Limited,Hybrid,0.45,50,,0.07,0.07,0.07,,,,,,1.67,,,,2026-06-30,APMI monthly report Jun 2026,,pmsStrategy-moneygrow-asset-private-limited-moneygrow-liquid
MONEYGROW NDPMS,Moneygrow Asset Private Limited,,2.61,50,,14.28,74.96,37.56,8.77,12.55,21.53,,,22.85,,,,2026-06-30,APMI monthly report Jun 2026,,pmsStrategy-moneygrow-asset-private-limited-moneygrow-ndpms
MONEYGROW SMALL MIDCAP,Moneygrow Asset Private Limited,,153,50,,14.54,75.25,37.84,4.45,12.68,,,,20.38,,,,2026-06-30,APMI monthly report Jun 2026,,pmsStrategy-moneygrow-asset-private-limited-moneygrow-small-midcap
MAS Growth,Moneylife Advisory Services Pvt Ltd,,146.37,50,,2.78,20.9,6.04,1.33,0.46,17.07,19.19,13.88,21.94,,,,2026-06-30,APMI monthly report Jun 2026,,pmsStrategy-moneylife-advisory-services-pvt-ltd-mas-growth
MAS Prime,Moneylife Advisory Services Pvt Ltd,,124.9,50,,-0.22,29.62,18.26,11.24,9.17,24.1,23.62,16.01,17.29,,,,2026-06-30,APMI monthly report Jun 2026,,pmsStrategy-moneylife-advisory-services-pvt-ltd-mas-prime
Deep Value Strategy,Motilal Oswal Asset Management Company Limited - Portfolio Managers,,,50,,0,0,0,0,0,0,0,0,0,,,,2026-06-30,APMI monthly report Jun 2026,,pmsStrategy-motilal-oswal-asset-management-company-limited-portfolio-managers-deep-value-strategy
Discover Value Strategy,Motilal Oswal Asset Management Company Limited - Portfolio Managers,,,50,,0,0,0,0,0,0,0,0,0,,,,2026-06-30,APMI monthly report Jun 2026,,pmsStrategy-motilal-oswal-asset-management-company-limited-portfolio-managers-discover-value-strategy
Dynamic Allocation Strategy,Motilal Oswal Asset Management Company Limited - Portfolio Managers,Hybrid,,50,,0,0,0,0,0,0,0,0,0,,,,2026-06-30,APMI monthly report Jun 2026,,pmsStrategy-motilal-oswal-asset-management-company-limited-portfolio-managers-dynamic-allocation-strategy
Focused (Series V) A Contra Strategy,Motilal Oswal Asset Management Company Limited - Portfolio Managers,,,50,,0,0,0,0,0,0,0,0,0,,,,2026-06-30,APMI monthly report Jun 2026,,pmsStrategy-motilal-oswal-asset-management-company-limited-portfolio-managers-focused-series-v-a-contra-stra
Focused Opportunities Strategy,Motilal Oswal Asset Management Company Limited - Portfolio Managers,,71.14,50,,1.28,21.88,10.81,9.59,8.63,25.71,30.14,23.76,19.45,,,,2026-06-30,APMI monthly report Jun 2026,,pmsStrategy-motilal-oswal-asset-management-company-limited-portfolio-managers-focused-opportunities-strategy
India Invest Opportunity Portfolio Strategy,Motilal Oswal Asset Management Company Limited - Portfolio Managers,,,50,,0,0,0,0,0,0,0,0,0,,,,2026-06-30,APMI monthly report Jun 2026,,pmsStrategy-motilal-oswal-asset-management-company-l-india-invest-opportunity-portfolio-strategy-10bbeed0
India Invest Opportunity Portfolio Strategy V2,Motilal Oswal Asset Management Company Limited - Portfolio Managers,,,50,,0,0,0,0,0,0,0,0,0,,,,2026-06-30,APMI monthly report Jun 2026,,pmsStrategy-motilal-oswal-asset-management-company-limited-portfolio-managers-india-invest-opportunity-portf
India Opportunity Portfolio Strategy,Motilal Oswal Asset Management Company Limited - Portfolio Managers,,,50,,0,0,0,0,0,0,0,0,0,,,,2026-06-30,APMI monthly report Jun 2026,,pmsStrategy-motilal-oswal-asset-management-company-l-india-opportunity-portfolio-strategy-deb76068
India Opportunity Portfolio Strategy - V2,Motilal Oswal Asset Management Company Limited - Portfolio Managers,,,50,,0,0,0,0,0,0,0,0,0,,,,2026-06-30,APMI monthly report Jun 2026,,pmsStrategy-motilal-oswal-asset-management-company-limited-portfolio-managers-india-opportunity-portfolio-st
Large Cap Growth Strategy,Motilal Oswal Asset Management Company Limited - Portfolio Managers,,,50,,0,0,0,0,0,0,0,0,0,,,,2026-06-30,APMI monthly report Jun 2026,,pmsStrategy-motilal-oswal-asset-management-company-limited-portfolio-managers-large-cap-growth-strategy
Liquid Strategy,Motilal Oswal Asset Management Company Limited - Portfolio Managers,Hybrid,113.46,50,,0.36,1.06,2.15,4.53,4.92,5.38,5.5,5.06,4.95,,,,2026-06-30,APMI monthly report Jun 2026,,pmsStrategy-motilal-oswal-asset-management-company-limited-portfolio-managers-liquid-strategy
Motilal Oswal 25-for-25 Strategy,Motilal Oswal Asset Management Company Limited - Portfolio Managers,,,50,,0,0,0,0,0,0,0,0,0,,,,2026-06-30,APMI monthly report Jun 2026,,pmsStrategy-motilal-oswal-asset-management-company-limited-portfolio-managers-motilal-oswal-25-for-25-strate
Motilal Oswal All cap Growth Strategy,Motilal Oswal Asset Management Company Limited - Portfolio Managers,,,50,,0,0,0,0,0,0,0,0,0,,,,2026-06-30,APMI monthly report Jun 2026,,pmsStrategy-motilal-oswal-asset-management-company-limited-portfolio-managers-motilal-oswal-all-cap-growth-s
Motilal Oswal Business Opportunities Portfolio Strategy,Motilal Oswal Asset Management Company Limited - Portfolio Managers,,,50,,0,0,0,0,0,0,0,0,0,,,,2026-06-30,APMI monthly report Jun 2026,,pmsStrategy-motilal-oswal-asset-management-company-limited-portfolio-managers-motilal-oswal-business-opportu
Motilal Oswal Emerging Business Strategy,Motilal Oswal Asset Management Company Limited - Portfolio Managers,,,50,,0,0,0,0,0,0,0,0,0,,,,2026-06-30,APMI monthly report Jun 2026,,pmsStrategy-motilal-oswal-asset-management-company-limited-portfolio-managers-motilal-oswal-emerging-busines
Motilal Oswal Emerging Stars Portfolio,Motilal Oswal Asset Management Company Limited - Portfolio Managers,,,50,,0,0,0,0,0,,,,0,,,,2026-06-30,APMI monthly report Jun 2026,,pmsStrategy-motilal-oswal-asset-management-company-limited-portfolio-managers-motilal-oswal-emerging-stars-p
Motilal Oswal Ethical Strategy,Motilal Oswal Asset Management Company Limited - Portfolio Managers,,76.66,50,,3.89,23.11,10.46,12.87,-0.54,15.08,17.03,12.38,13.14,,,,2026-06-30,APMI monthly report Jun 2026,,pmsStrategy-motilal-oswal-asset-management-company-limited-portfolio-managers-motilal-oswal-ethical-strategy
Motilal Oswal Founders Portfolio,Motilal Oswal Asset Management Company Limited - Portfolio Managers,Multicap,4097.29,50,,4.65,21.7,7,1.38,5.92,21.99,,,25.71,,,,2026-06-30,APMI monthly report Jun 2026,,pmsStrategy-motilal-oswal-asset-management-company-limited-portfolio-managers-motilal-oswal-founders-portfol
Motilal Oswal Hockey Stick Large Cap Portfolio,Motilal Oswal Asset Management Company Limited - Portfolio Managers,,12.38,50,,-1.91,10.87,-1.67,7.15,7.45,,,,20.56,,,,2026-06-30,APMI monthly report Jun 2026,,pmsStrategy-motilal-oswal-asset-management-company-limited-portfolio-managers-motilal-oswal-hockey-stick-lar
Motilal Oswal Hockey Stick Micro Cap Portfolio,Motilal Oswal Asset Management Company Limited - Portfolio Managers,,,50,,0,0,0,0,,,,,0,,,,2026-06-30,APMI monthly report Jun 2026,,pmsStrategy-motilal-oswal-asset-management-company-limited-portfolio-managers-motilal-oswal-hockey-stick-mic
Motilal Oswal Hockey Stick Mid Cap Portfolio,Motilal Oswal Asset Management Company Limited - Portfolio Managers,,,50,,0,0,0,0,0,,,,0,,,,2026-06-30,APMI monthly report Jun 2026,,pmsStrategy-motilal-oswal-asset-management-company-limited-portfolio-managers-motilal-oswal-hockey-stick-mid
Motilal Oswal Hockey Stick Mini Cap Portfolio,Motilal Oswal Asset Management Company Limited - Portfolio Managers,,,50,,0,0,0,0,,,,,0,,,,2026-06-30,APMI monthly report Jun 2026,,pmsStrategy-motilal-oswal-asset-management-company-limited-portfolio-managers-motilal-oswal-hockey-stick-min
Motilal Oswal Hockey Stick Multi Cap Portfolio,Motilal Oswal Asset Management Company Limited - Portfolio Managers,,20.1,50,,-0.86,13.61,-0.18,5.84,-0.74,,,,3.87,,,,2026-06-30,APMI monthly report Jun 2026,,pmsStrategy-motilal-oswal-asset-management-company-limited-portfolio-managers-motilal-oswal-hockey-stick-mul
Motilal Oswal Hockey Stick Small Cap Portfolio,Motilal Oswal Asset Management Company Limited - Portfolio Managers,,,50,,0,0,0,0,0,,,,0,,,,2026-06-30,APMI monthly report Jun 2026,,pmsStrategy-motilal-oswal-asset-management-company-limited-portfolio-managers-motilal-oswal-hockey-stick-sma
Motilal Oswal India Growth Strategy,Motilal Oswal Asset Management Company Limited - Portfolio Managers,,314.02,50,,4.58,26.27,15.45,14.01,9.99,,,,20.95,,,,2026-06-30,APMI monthly report Jun 2026,,pmsStrategy-motilal-oswal-asset-management-company-limited-portfolio-managers-motilal-oswal-india-growth-str
Motilal Oswal Large Cap Momentum Strategy,Motilal Oswal Asset Management Company Limited - Portfolio Managers,,1.22,50,,-1.61,6.38,-4.56,0.67,-3.28,,,,5.36,,,,2026-06-30,APMI monthly report Jun 2026,,pmsStrategy-motilal-oswal-asset-management-company-limited-portfolio-managers-motilal-oswal-large-cap-moment
Motilal Oswal Microcap Multifactor Strategy,Motilal Oswal Asset Management Company Limited - Portfolio Managers,,3.83,50,,4.68,19.58,2.73,-2.57,,,,,5.1,,,,2026-06-30,APMI monthly report Jun 2026,,pmsStrategy-motilal-oswal-asset-management-company-limited-portfolio-managers-motilal-oswal-microcap-multifa
Motilal Oswal Mid and Smallcap Opportunities Strategy,Motilal Oswal Asset Management Company Limited - Portfolio Managers,,,50,,0,0,0,0,0,0,0,0,0,,,,2026-06-30,APMI monthly report Jun 2026,,pmsStrategy-motilal-oswal-asset-management-company-limited-portfolio-managers-motilal-oswal-mid-and-smallcap
Motilal Oswal Mid to Mega Strategy,Motilal Oswal Asset Management Company Limited - Portfolio Managers,,2286.13,50,,4.17,31.5,15.36,8.64,10.19,24.43,24.29,15.1,23.47,,,,2026-06-30,APMI monthly report Jun 2026,,pmsStrategy-motilal-oswal-asset-management-company-limited-portfolio-managers-motilal-oswal-mid-to-mega-stra
Motilal Oswal Midcap Multifactor Strategy,Motilal Oswal Asset Management Company Limited - Portfolio Managers,,1.98,50,,2.49,18.12,8.93,13.03,4.94,27.18,25.68,,17.68,,,,2026-06-30,APMI monthly report Jun 2026,,pmsStrategy-motilal-oswal-asset-management-company-limited-portfolio-managers-motilal-oswal-midcap-multifact
Motilal Oswal Multi-asset Momentum Strategy,Motilal Oswal Asset Management Company Limited - Portfolio Managers,Hybrid,,50,,0,0,0,0,0,0,0,,0,,,,2026-06-30,APMI monthly report Jun 2026,,pmsStrategy-motilal-oswal-asset-management-company-limited-portfolio-managers-motilal-oswal-multi-asset-mome
Motilal Oswal Multicap Opportunities Strategy,Motilal Oswal Asset Management Company Limited - Portfolio Managers,,,50,,0,0,0,0,0,0,0,0,0,,,,2026-06-30,APMI monthly report Jun 2026,,pmsStrategy-motilal-oswal-asset-management-company-limited-portfolio-managers-motilal-oswal-multicap-opportu
Motilal Oswal Multifactor Equity Strategy,Motilal Oswal Asset Management Company Limited - Portfolio Managers,,59.09,50,,-0.41,7.69,-3.32,-2.42,-3.03,17.32,16.63,12.4,13.19,,,,2026-06-30,APMI monthly report Jun 2026,,pmsStrategy-motilal-oswal-asset-management-company-limited-portfolio-managers-motilal-oswal-multifactor-equi
Motilal Oswal Small cap Multifactor Strategy,Motilal Oswal Asset Management Company Limited - Portfolio Managers,,4.46,50,,5.52,20.91,5,-1.87,0.55,16.97,21.32,,19.85,,,,2026-06-30,APMI monthly report Jun 2026,,pmsStrategy-motilal-oswal-asset-management-company-limited-portfolio-managers-motilal-oswal-small-cap-multif
Next Trillion Dollar Opportunity Strategy,Motilal Oswal Asset Management Company Limited - Portfolio Managers,,4490.15,50,,2.92,17.39,1.79,-1.64,1.36,14.14,13.44,9.04,14.08,,,,2026-06-30,APMI monthly report Jun 2026,,pmsStrategy-motilal-oswal-asset-management-company-limited-portfolio-managers-next-trillion-dollar-opportuni
PLUS strategy,Motilal Oswal Asset Management Company Limited - Portfolio Managers,,,50,,0,0,0,0,0,0,0,0,0,,,,2026-06-30,APMI monthly report Jun 2026,,pmsStrategy-motilal-oswal-asset-management-company-limited-portfolio-managers-plus-strategy
Value Migration Strategy,Motilal Oswal Asset Management Company Limited - Portfolio Managers,Multicap,3236.09,50,,4.18,19.51,5.07,-6,3.24,19.25,19.88,14.76,18.94,,,,2026-06-30,APMI monthly report Jun 2026,,pmsStrategy-motilal-oswal-asset-management-company-limited-portfolio-managers-value-migration-strategy
DELPHI 4C ADVANTAGE PORTFOLIO,Motilal Oswal Wealth Limited,,790.31,50,,2.29,12.52,-1.52,0.7,4.71,14.78,17.57,12.66,14.5,,,,2026-06-30,APMI monthly report Jun 2026,,pmsStrategy-motilal-oswal-wealth-limited-delphi-4c-advantage-portfolio
DELPHI ALL WEATHER STRATEGY,Motilal Oswal Wealth Limited,Hybrid,74.97,50,,-1.1,3.49,1.62,,,,,,10.89,,,,2026-06-30,APMI monthly report Jun 2026,,pmsStrategy-motilal-oswal-wealth-limited-delphi-all-weather-strategy
DELPHI ALPHA EDGE DISCRETIONARY PMS,Motilal Oswal Wealth Limited,,20.44,50,,2.19,,,,,,,,2.18,,,,2026-06-30,APMI monthly report Jun 2026,,pmsStrategy-motilal-oswal-wealth-limited-delphi-alpha-edge-discretionary-pms
DELPHI ALPHA EDGE PMS,Motilal Oswal Wealth Limited,,635.29,50,,2.04,13.93,0.23,-3.47,,,,,9.85,,,,2026-06-30,APMI monthly report Jun 2026,,pmsStrategy-motilal-oswal-wealth-limited-delphi-alpha-edge-pms
DELPHI ALPHA STRATEGIST NDPMS,Motilal Oswal Wealth Limited,Hybrid,4973.67,50,,1.95,7.29,0.4,3.64,6.26,11.15,12.17,10.87,6.73,,,,2026-06-30,APMI monthly report Jun 2026,,pmsStrategy-motilal-oswal-wealth-limited-delphi-alpha-strategist-ndpms
DELPHI CONSERVATIVE PORTFOLIO,Motilal Oswal Wealth Limited,Hybrid,1.64,50,,0.59,1.15,2.19,4.66,5.94,6.26,6.34,5.36,5.2,,,,2026-06-30,APMI monthly report Jun 2026,,pmsStrategy-motilal-oswal-wealth-limited-delphi-conservative-portfolio
DELPHI INCOME SHIELD,Motilal Oswal Wealth Limited,Hybrid,237.93,50,,1.17,2.47,5.26,,,,,,6.29,,,,2026-06-30,APMI monthly report Jun 2026,,pmsStrategy-motilal-oswal-wealth-limited-delphi-income-shield
Delphi Alpha Strategist Advantage Portfolio,Motilal Oswal Wealth Limited,Hybrid,562.22,50,,-2.67,5.66,5.79,20.07,16.66,18.38,17.14,13.76,13.82,,,,2026-06-30,APMI monthly report Jun 2026,,pmsStrategy-motilal-oswal-wealth-limited-delphi-alpha-strategist-advantage-portfolio
All Seasons Portfolio,Multi-Act Equity Consultancy Private Limited,Hybrid,6.52,50,,-1.16,3.35,1.04,7.89,11.2,13.84,14.55,11.63,12.2,,,,2026-06-30,APMI monthly report Jun 2026,,pmsStrategy-multi-act-equity-consultancy-private-limited-all-seasons-portfolio
Emerging Corporates India Portfolio,Multi-Act Equity Consultancy Private Limited,,176.92,50,,2.5,19.67,8.75,9.91,18.66,16.64,17.02,11.35,14.55,,,,2026-06-30,APMI monthly report Jun 2026,,pmsStrategy-multi-act-equity-consultancy-private-limited-emerging-corporates-india-portfolio
MULTI-ACT NDPMS,Multi-Act Equity Consultancy Private Limited,,36.44,50,,0.7,16.32,1.48,2.14,6.35,11.66,12.03,8.5,11.98,,,,2026-06-30,APMI monthly report Jun 2026,,pmsStrategy-multi-act-equity-consultancy-private-limited-multi-act-ndpms
Mid & Small cap & Special Situations Portfolio,Multi-Act Equity Consultancy Private Limited,,295.93,50,,1.88,19.06,4.5,0.25,7.84,14.28,21.91,17.78,16.45,,,,2026-06-30,APMI monthly report Jun 2026,,pmsStrategy-multi-act-equity-consultancy-private-limited-mid-small-cap-special-situations-portfolio
Moats and Special Situations Portfolio,Multi-Act Equity Consultancy Private Limited,,709.11,50,,1.73,12.88,-6.05,-4.74,4.23,11.56,14.73,11.3,13.97,,,,2026-06-30,APMI monthly report Jun 2026,,pmsStrategy-multi-act-equity-consultancy-private-limited-moats-and-special-situations-portfolio
Sankhya India Portfolio,Multi-Act Equity Consultancy Private Limited,,8.62,50,,-2.48,6.23,-3.39,-2.52,-1.05,10.03,11.59,9.49,12.91,,,,2026-06-30,APMI monthly report Jun 2026,,pmsStrategy-multi-act-equity-consultancy-private-limited-sankhya-india-portfolio
BALANCED ADVANTAGE PORTFOLIO,NJ Asset Management Private Limited,Hybrid,200.17,50,,1.64,7.21,-0.65,1.35,3.37,10.14,11.52,,8.65,,,,2026-06-30,APMI monthly report Jun 2026,,pmsStrategy-nj-asset-management-private-limited-balanced-advantage-portfolio
BLUECHIP PORTFOLIO,NJ Asset Management Private Limited,,1584.7,50,,0.23,12.62,-3.35,-8.71,-0.42,8.81,10.43,7.03,11.79,,,,2026-06-30,APMI monthly report Jun 2026,,pmsStrategy-nj-asset-management-private-limited-bluechip-portfolio
DYNAMIC ASSET ALLOCATION PORTFOLIO AGGRESSIVE,NJ Asset Management Private Limited,Hybrid,123.83,50,,2.33,10.23,1.36,2.24,4.62,10.73,11.81,9.32,10.78,,,,2026-06-30,APMI monthly report Jun 2026,,pmsStrategy-nj-asset-management-private-limited-dynamic-asset-allocation-portfolio-aggressive
DYNAMIC ETF ALLOCATION PORTFOLIO AGGRESSIVE,NJ Asset Management Private Limited,Hybrid,184.47,50,,1.08,7.36,-1.68,0.78,3.86,9.7,10.61,8.67,9.09,,,,2026-06-30,APMI monthly report Jun 2026,,pmsStrategy-nj-asset-management-private-limited-dynamic-etf-allocation-portfolio-aggressive
DYNAMIC STOCK ALLOCATION PORTFOLIO AGGRESSIVE,NJ Asset Management Private Limited,Hybrid,262.44,50,,0.49,8.35,-1.15,-3.69,2.23,7.41,8.46,5.77,7.86,,,,2026-06-30,APMI monthly report Jun 2026,,pmsStrategy-nj-asset-management-private-limited-dynamic-stock-allocation-portfolio-aggressive
FREEDOM ETF PORTFOLIO,NJ Asset Management Private Limited,,307.86,50,,1.07,13.08,-2.14,-0.35,1.47,12.18,14.7,10.31,10.69,,,,2026-06-30,APMI monthly report Jun 2026,,pmsStrategy-nj-asset-management-private-limited-freedom-etf-portfolio
FREEDOM PORTFOLIO,NJ Asset Management Private Limited,,143,50,,3.1,15.83,0.93,0.33,3.67,15.26,17.71,13.24,12.84,,,,2026-06-30,APMI monthly report Jun 2026,,pmsStrategy-nj-asset-management-private-limited-freedom-portfolio
LIQUID PORTFOLIO,NJ Asset Management Private Limited,Hybrid,17.52,50,,0.66,1.85,2.84,5.8,6.36,6.61,6.54,5.87,5.49,,,,2026-06-30,APMI monthly report Jun 2026,,pmsStrategy-nj-asset-management-private-limited-liquid-portfolio
MULTICAP PORTFOLIO,NJ Asset Management Private Limited,,716.24,50,,3.74,15.12,-0.72,-1.45,-2.61,18.57,20.98,16.24,14.08,,,,2026-06-30,APMI monthly report Jun 2026,,pmsStrategy-nj-asset-management-private-limited-multicap-portfolio
NON-DISCRETIONARY ARBITRAGE SCHEMES PORTFOLIO,NJ Asset Management Private Limited,,68.97,50,,0.95,1.5,3.08,,,,,,5.01,,,,2026-06-30,APMI monthly report Jun 2026,,pmsStrategy-nj-asset-management-private-limited-non-discretionary-arbitrage-schemes-portfolio
NON-DISCRETIONARY CONSERVATIVE SCHEMES PORTFOLIO,NJ Asset Management Private Limited,Hybrid,3.81,50,,1.3,3.34,2.03,5.53,,,,,6.18,,,,2026-06-30,APMI monthly report Jun 2026,,pmsStrategy-nj-asset-management-private-limited-non-discretionary-conservative-schemes-portfolio
NON-DISCRETIONARY EQUITY SCHEMES PORTFOLIO,NJ Asset Management Private Limited,,534.18,50,,0.42,9.85,-1.15,3.69,0.63,14.12,,,14.97,,,,2026-06-30,APMI monthly report Jun 2026,,pmsStrategy-nj-asset-management-private-limited-non-discretionary-equity-schemes-portfolio
NON-DISCRETIONARY HYBRID SCHEMES PORTFOLIO,NJ Asset Management Private Limited,Hybrid,120.01,50,,1.04,7.5,-1,1.97,3.97,,,,12.19,,,,2026-06-30,APMI monthly report Jun 2026,,pmsStrategy-nj-asset-management-private-limited-non-discretionary-hybrid-schemes-portfolio
NON-DISCRETIONARY LOW RISK SCHEMES PORTFOLIO,NJ Asset Management Private Limited,Hybrid,35.3,50,,0.76,1.58,3.12,6.2,,,,,6.57,,,,2026-06-30,APMI monthly report Jun 2026,,pmsStrategy-nj-asset-management-private-limited-non-discretionary-low-risk-schemes-portfolio
NMR Growth Strategy,NMR CAPITAL ADVISORS LLP,,73.45,50,,7.23,47.58,19.36,7.67,,,,,14.39,,,,2026-06-30,APMI monthly report Jun 2026,,pmsStrategy-nmr-capital-advisors-llp-nmr-growth-strategy
NAFA EMERGING BLUE CHIP PORTFOLIO,Nafa Asset Managers Private Limited,,445.06,50,,3.82,19.22,-0.55,-4.72,-2.18,12.83,17.29,15.75,14.89,,,,2026-06-30,APMI monthly report Jun 2026,,pmsStrategy-nafa-asset-managers-private-limited-nafa-emerging-blue-chip-portfolio
NAFA INDIA ALPHA FUND,Nafa Asset Managers Private Limited,,18.31,50,,4.92,22.17,7.11,,,,,,6.28,,,,2026-06-30,APMI monthly report Jun 2026,,pmsStrategy-nafa-asset-managers-private-limited-nafa-india-alpha-fund
NAFA NEW & CLEAN TECH,Nafa Asset Managers Private Limited,,17.17,50,,1.95,29.68,19.37,10.66,1.65,22.82,25.11,,23.55,,,,2026-06-30,APMI monthly report Jun 2026,,pmsStrategy-nafa-asset-managers-private-limited-nafa-new-clean-tech
NAFA Pharma Portfolio,Nafa Asset Managers Private Limited,,,50,,0,0,0,0,0,0,-2.55,-7.69,-0.95,,,,2026-06-30,APMI monthly report Jun 2026,,pmsStrategy-nafa-asset-managers-private-limited-nafa-pharma-portfolio
NAFA Small Cap Portfolio,Nafa Asset Managers Private Limited,,51.59,50,,7.16,24.16,-1.7,-8.84,-4.84,7.7,12.54,12.63,15.9,,,,2026-06-30,APMI monthly report Jun 2026,,pmsStrategy-nafa-asset-managers-private-limited-nafa-small-cap-portfolio
NAFA WEALTH BUILDER PORTFOLIO,Nafa Asset Managers Private Limited,,13.78,50,,-0.34,9.05,-3.71,-7.53,-5.56,4.83,10.16,9.04,8.92,,,,2026-06-30,APMI monthly report Jun 2026,,pmsStrategy-nafa-asset-managers-private-limited-nafa-wealth-builder-portfolio
NARNOLIA 5TX5T,Narnolia Financial Services Limited,,57.28,50,,2.47,9.83,-1.7,-0.19,-0.05,10.21,14.37,10.51,14.69,,,,2026-06-30,APMI monthly report Jun 2026,,pmsStrategy-narnolia-financial-services-limited-narnolia-5tx5t
NARNOLIA FUSION OPPORTUNITY STRATEGY,Narnolia Financial Services Limited,,36.85,50,,5.07,22.66,7.56,0.17,-0.26,12.99,,,15.4,,,,2026-06-30,APMI monthly report Jun 2026,,pmsStrategy-narnolia-financial-services-limited-narnolia-fusion-opportunity-strategy
NARNOLIA LARGE CAP STRATEGY,Narnolia Financial Services Limited,,116.22,50,,2.64,9.71,-5.46,-2.21,4.46,11.87,14.87,10.67,15.36,,,,2026-06-30,APMI monthly report Jun 2026,,pmsStrategy-narnolia-financial-services-limited-narnolia-large-cap-strategy
NARNOLIA MID AND SMALL CAP STRATEGY,Narnolia Financial Services Limited,,141.31,50,,2.97,12.01,-0.06,-3.34,4.08,14.77,18.16,13.07,17.75,,,,2026-06-30,APMI monthly report Jun 2026,,pmsStrategy-narnolia-financial-services-limited-narnolia-mid-and-small-cap-strategy
NARNOLIA MULTI CAP STRATEGY,Narnolia Financial Services Limited,,332.27,50,,2.71,10.6,-4.62,-1.27,-0.45,7.6,10.51,8.52,14.49,,,,2026-06-30,APMI monthly report Jun 2026,,pmsStrategy-narnolia-financial-services-limited-narnolia-multi-cap-strategy
NARNOLIA MULTI-ASSET STRATEGY,Narnolia Financial Services Limited,,3.36,50,,3.1,8.77,2.15,3.9,5.32,13.06,15.59,12.26,15.5,,,,2026-06-30,APMI monthly report Jun 2026,,pmsStrategy-narnolia-financial-services-limited-narnolia-multi-asset-strategy
Narnolia Ethical S-1,Narnolia Financial Services Limited,,0.46,50,,-1.06,9.44,-7.48,-10.66,,,,,-7.34,,,,2026-06-30,APMI monthly report Jun 2026,,pmsStrategy-narnolia-financial-services-limited-narnolia-ethical-s-1
Negen Special Situations & Dynamic Allocation Strategy,Negen Capital Services Private Lmited,Multicap,1451.43,50,,4.46,25.26,5.19,-0.98,9.96,24.4,23.88,20.61,17.51,,,,2026-06-30,APMI monthly report Jun 2026,,pmsStrategy-negen-capital-services-private-lmited-negen-special-situations-dynamic-allocation-strategy
Neo - Club Multi Asset Structure Investment Strategy - Debt (Moderate),Neo Asset Management Private Limited,Hybrid,1899.57,50,,1.38,8.73,-0.2,3.62,5.9,10.95,,,12.52,,,,2026-06-30,APMI monthly report Jun 2026,,pmsStrategy-neo-asset-management-private-limited-neo-club-multi-asset-structure-investment-strategy-debt-mod
Neo Club - Equity Advantage Product,Neo Asset Management Private Limited,,,50,,0,0,0,0,0,0,,,0,,,,2026-06-30,APMI monthly report Jun 2026,,pmsStrategy-neo-asset-management-private-limited-neo-club-equity-advantage-product
Neo Club - Equity Advantage Products,Neo Asset Management Private Limited,Hybrid,314.61,50,,0.3,2.59,4.26,10.19,9.85,,,,9.83,,,,2026-06-30,APMI monthly report Jun 2026,,pmsStrategy-neo-asset-management-private-limited-neo-club-equity-advantage-products
Neo Club - Equity Dedicated Product,Neo Asset Management Private Limited,,332.71,50,,2.77,16.38,-0.28,-4.1,1.72,13.32,,,17.25,,,,2026-06-30,APMI monthly report Jun 2026,,pmsStrategy-neo-asset-management-private-limited-neo-club-equity-dedicated-product
Neo Club - Multi Asset Investment Product,Neo Asset Management Private Limited,Hybrid,,50,,0,0,0,0,0,0,,,0,,,,2026-06-30,APMI monthly report Jun 2026,,pmsStrategy-neo-asset-management-private-limited-neo-club-multi-asset-investment-product
Neo Club - Multi Asset Investment Strategy - Neo Eka Naya (Active Management) PMS,Neo Asset Management Private Limited,Hybrid,,50,,0,0,0,0,0,0,,,0,,,,2026-06-30,APMI monthly report Jun 2026,,pmsStrategy-neo-asset-management-private-limited-neo-club-multi-asset-investment-strategy-neo-eka-naya-activ
Neo Club - Multi Asset Investment Strategy - Neo Eka Samvid (Moderate) PMS,Neo Asset Management Private Limited,Hybrid,,50,,0,0,0,0,0,0,,,0,,,,2026-06-30,APMI monthly report Jun 2026,,pmsStrategy-neo-asset-management-private-limited-neo-club-multi-asset-investment-strategy-neo-eka-samvid-mod
Neo Club - Multi Asset Structure Investment Product,Neo Asset Management Private Limited,Hybrid,,50,,0,0,0,0,0,0,,,0,,,,2026-06-30,APMI monthly report Jun 2026,,pmsStrategy-neo-asset-management-private-limited-neo-club-multi-asset-structure-investment-product
Neo Club - Multi Asset Structure Investment Strategy,Neo Asset Management Private Limited,Hybrid,,50,,0,0,0,0,0,0,,,0,,,,2026-06-30,APMI monthly report Jun 2026,,pmsStrategy-neo-asset-management-private-limited-neo-club-multi-asset-structure-investment-strategy
Neo Club - Multi Asset Structure Investment Strategy - Aggressive portfolio,Neo Asset Management Private Limited,Hybrid,23.99,50,,1.97,21.71,2.62,-2.69,3.66,,,,9.12,,,,2026-06-30,APMI monthly report Jun 2026,,pmsStrategy-neo-asset-management-private-limited-neo-club-multi-asset-structure-investment-strategy-aggressi
Neo Club - Multi Asset Structure Investment Strategy - Moderate Portfolio,Neo Asset Management Private Limited,Hybrid,2.79,50,,2.26,14.4,-0.12,-5.31,2.35,,,,8.61,,,,2026-06-30,APMI monthly report Jun 2026,,pmsStrategy-neo-club-mas-moderate-portfolio-a1
Neo Club - Multi Asset Structure Investment Strategy - Moderately Aggressive portfolio,Neo Asset Management Private Limited,Hybrid,4.45,50,,-2.11,9.25,-6.18,-9.86,-0.41,,,,6.17,,,,2026-06-30,APMI monthly report Jun 2026,,pmsStrategy-neo-asset-management-private-limited-neo-club-multi-asset-structure-investment-strategy-moderate
Neo Club - Multi Asset Structure Investment Strategy - Moderately Conservative Portfolio,Neo Asset Management Private Limited,Hybrid,,50,,-1.07,8.57,-4.36,-7.33,2.85,,,,4.5,,,,2026-06-30,APMI monthly report Jun 2026,,pmsStrategy-neo-club-mas-moderately-conservative-a1
Neo Club - Multi Asset Structure Investment Strategy - Neo Eka Arista (Conservative) PMS,Neo Asset Management Private Limited,Hybrid,,50,,0,0,0,0,0,0,,,0,,,,2026-06-30,APMI monthly report Jun 2026,,pmsStrategy-neo-asset-management-private-limited-neo-club-multi-asset-structure-investment-strategy-neo-eka-
Neo Club - Multi Asset Structure Investment Strategy - Neo Eka Lakshya (Moderately Aggressive) PMS,Neo Asset Management Private Limited,Hybrid,,50,,0,0,0,0,0,0,,,0,,,,2026-06-30,APMI monthly report Jun 2026,,pmsStrategy-neo-asset-management-private-limited-neo-club-multi-asset-structure-investment-strategy-b08bedf2
Neo Core Hybrid Balanced Strategy,Neo Asset Management Private Limited,Hybrid,,50,,0,0,-3.14,,,,,,-2.16,,,,2026-06-30,APMI monthly report Jun 2026,,pmsStrategy-neo-asset-management-private-limited-neo-core-hybrid-balanced-strategy
Neo Core Income Accrual Strategy,Neo Asset Management Private Limited,Hybrid,23.64,50,,-0.58,1.87,,,,,,,8.27,,,,2026-06-30,APMI monthly report Jun 2026,,pmsStrategy-neo-asset-management-private-limited-neo-core-income-accrual-strategy
Neo Core Multi Asset Capital Compounder Strategy,Neo Asset Management Private Limited,Hybrid,500.49,50,,1.06,8.99,-0.65,,,,,,7.73,,,,2026-06-30,APMI monthly report Jun 2026,,pmsStrategy-neo-asset-management-private-limited-neo-core-multi-asset-capital-compounder-strategy
Neo Core Multi Asset Conservative Strategy,Neo Asset Management Private Limited,Hybrid,39.82,50,,0.88,4.4,3.54,,,,,,3.94,,,,2026-06-30,APMI monthly report Jun 2026,,pmsStrategy-neo-asset-management-private-limited-neo-core-multi-asset-conservative-strategy
Neo Core Multicap Equity Strategy,Neo Asset Management Private Limited,,56.21,50,,1.86,12.55,2.71,,,,,,-4.62,,,,2026-06-30,APMI monthly report Jun 2026,,pmsStrategy-neo-asset-management-private-limited-neo-core-multicap-equity-strategy
Neo Multi Asset Aggressive Strategy,Neo Asset Management Private Limited,Hybrid,48.12,50,,1.25,11.55,-0.19,,,,,,9.85,,,,2026-06-30,APMI monthly report Jun 2026,,pmsStrategy-neo-asset-management-private-limited-neo-multi-asset-aggressive-strategy
Neo Multi Asset Moderate Strategy,Neo Asset Management Private Limited,Hybrid,343.26,50,,0.13,8.87,0.88,,,,,,11.73,,,,2026-06-30,APMI monthly report Jun 2026,,pmsStrategy-neo-asset-management-private-limited-neo-multi-asset-moderate-strategy
Neo Yield Enhancer,Neo Asset Management Private Limited,Hybrid,1571.65,50,,0.9,2.44,5.09,10.95,11.37,,,,11.36,,,,2026-06-30,APMI monthly report Jun 2026,,pmsStrategy-neo-asset-management-private-limited-neo-yield-enhancer
New Berry Capitals Private Limites Seeking ALpha Strategy,New Berry Capitals Private Limited,,8.92,50,,2.89,20.08,5.5,8.24,9.18,20.25,29.61,27.34,6.94,,,,2026-06-30,APMI monthly report Jun 2026,,pmsStrategy-new-berry-capitals-private-limited-new-berry-capitals-private-limites-seeking-alpha-strategy
Aurum Growth Opportunities,Nine Rivers Capital Holdings Private Limited,,4.21,50,,8.42,33.94,11.42,5.01,8.03,12.3,18.3,10.52,19.32,,,,2026-06-30,APMI monthly report Jun 2026,,pmsStrategy-nine-rivers-capital-holdings-private-limited-aurum-growth-opportunities
Aurum Micro Cap Opportunities,Nine Rivers Capital Holdings Private Limited,,1.43,50,,5.2,31.94,2.53,-15.44,-11.5,-1.13,,,-1.11,,,,2026-06-30,APMI monthly report Jun 2026,,pmsStrategy-nine-rivers-capital-holdings-private-limited-aurum-micro-cap-opportunities
Aurum Multiplier Portfolio,Nine Rivers Capital Holdings Private Limited,,39.19,50,,8.69,32.16,9.56,4.18,11.94,19.03,20.92,16.08,17.19,,,,2026-06-30,APMI monthly report Jun 2026,,pmsStrategy-nine-rivers-capital-holdings-private-limited-aurum-multiplier-portfolio
Aurum Small Cap Opportunities,Nine Rivers Capital Holdings Private Limited,Smallcap,705.61,50,,8.82,32.21,6.14,-2.9,-1.57,12.5,18.99,12.69,24.65,,,,2026-06-30,APMI monthly report Jun 2026,,pmsStrategy-nine-rivers-capital-holdings-private-limited-aurum-small-cap-opportunities
Aurum Small Cap Plus,Nine Rivers Capital Holdings Private Limited,,9.93,50,,12.38,41.2,10.21,-1.09,0.9,8.93,16.93,10.44,12.93,,,,2026-06-30,APMI monthly report Jun 2026,,pmsStrategy-nine-rivers-capital-holdings-private-limited-aurum-small-cap-plus
Absolute Freedom Portfolio,Nippon Life India Asset Management Ltd,,8.32,50,,2.37,13.31,-2.45,2.42,2.26,14.2,16.93,13.59,14.2,,,,2026-06-30,APMI monthly report Jun 2026,,pmsStrategy-nippon-life-india-asset-management-ltd-absolute-freedom-portfolio
Absolute Freedom Portfolio 1,Nippon Life India Asset Management Ltd,,21.63,50,,2.26,12.93,-2.95,1.6,1.5,13.09,16.11,12.83,9.75,,,,2026-06-30,APMI monthly report Jun 2026,,pmsStrategy-nippon-life-india-asset-management-ltd-absolute-freedom-portfolio-1
Absolute Freedom Portfolio Systematic Rebalancing Option,Nippon Life India Asset Management Ltd,,2.16,50,,2.34,13.21,-1.82,3.27,2.5,14.29,16.56,12.83,12.67,,,,2026-06-30,APMI monthly report Jun 2026,,pmsStrategy-nippon-life-india-asset-management-ltd-absolute-freedom-portfolio-systematic-rebalancing-option
Blended Debt Plus Hybrid Option,Nippon Life India Asset Management Ltd,Hybrid,,50,,0,0,0,0,55.37,33.36,24.04,18.77,-7.82,,,,2026-06-30,APMI monthly report Jun 2026,,pmsStrategy-nippon-life-india-asset-management-ltd-blended-debt-plus-hybrid-option
Concentrated Portfolio,Nippon Life India Asset Management Ltd,,14.24,50,,0.96,6.83,-8.43,-7.47,-3.25,9.04,13.35,9.52,8.51,,,,2026-06-30,APMI monthly report Jun 2026,,pmsStrategy-nippon-life-india-asset-management-ltd-concentrated-portfolio
Deep Value Portfolio,Nippon Life India Asset Management Ltd,,,50,,0,0,0,0,0,0,0,0.57,3.22,,,,2026-06-30,APMI monthly report Jun 2026,,pmsStrategy-nippon-life-india-asset-management-ltd-deep-value-portfolio
Emerging India Portfolio,Nippon Life India Asset Management Ltd,,32.07,50,,3.28,19.7,5.87,4.92,4.91,17.27,20.41,16.05,15.2,,,,2026-06-30,APMI monthly report Jun 2026,,pmsStrategy-nippon-life-india-asset-management-ltd-emerging-india-portfolio
Emerging India Portfolio 1,Nippon Life India Asset Management Ltd,,29.31,50,,3.66,20.13,6.46,4.94,5.82,17.68,20.62,15.77,13.97,,,,2026-06-30,APMI monthly report Jun 2026,,pmsStrategy-nippon-life-india-asset-management-ltd-emerging-india-portfolio-1
Emerging India Portfolio Systematic Rebalancing Option,Nippon Life India Asset Management Ltd,,4.29,50,,3.52,20.02,6.22,5.03,5.8,17.73,20.39,15.31,16.93,,,,2026-06-30,APMI monthly report Jun 2026,,pmsStrategy-nippon-life-india-asset-management-ltd-emerging-india-portfolio-systematic-rebalancing-option
Emerging Sector Opportunity Portfolio,Nippon Life India Asset Management Ltd,,,50,,0,0,4.19,4.19,2.07,1.38,39.54,29.92,10.99,,,,2026-06-30,APMI monthly report Jun 2026,,pmsStrategy-nippon-life-india-asset-management-ltd-emerging-sector-opportunity-portfolio
Enhanced Equity Portfolio,Nippon Life India Asset Management Ltd,Hybrid,,50,,0,0,0,0,61.7,40.61,29.41,42.15,14.16,,,,2026-06-30,APMI monthly report Jun 2026,,pmsStrategy-nippon-life-india-asset-management-ltd-enhanced-equity-portfolio
High Conviction Equity Portfolio,Nippon Life India Asset Management Ltd,,27.33,50,,2.26,12.34,-2.81,-0.48,0.2,13.25,16.41,12.27,15.79,,,,2026-06-30,APMI monthly report Jun 2026,,pmsStrategy-nippon-life-india-asset-management-ltd-high-conviction-equity-portfolio
High Conviction Equity Portfolio 1,Nippon Life India Asset Management Ltd,,7.04,50,,2.56,13.34,-1.44,1.63,0.91,13.77,16.66,12.72,11.14,,,,2026-06-30,APMI monthly report Jun 2026,,pmsStrategy-nippon-life-india-asset-management-ltd-high-conviction-equity-portfolio-1
High Conviction Equity Portfolio Systematic Rebalancing Option,Nippon Life India Asset Management Ltd,,73.51,50,,2.49,13.11,-1.57,1.42,0.91,13.76,16.79,12.7,14.37,,,,2026-06-30,APMI monthly report Jun 2026,,pmsStrategy-nippon-life-india-asset-management-ltd-high-conviction-equity-portfolio-systematic-rebalancing-o
High Grade Portfolio - Part ll,Nippon Life India Asset Management Ltd,Hybrid,10,50,,,,,,,,,,0,,,,2026-06-30,APMI monthly report Jun 2026,,pmsStrategy-nippon-life-india-asset-management-ltd-high-grade-portfolio-part-ll
High Yield Portfolio,Nippon Life India Asset Management Ltd,Hybrid,458.9,50,,1.41,3,5.51,11.63,,,,,11.31,,,,2026-06-30,APMI monthly report Jun 2026,,pmsStrategy-nippon-life-india-asset-management-ltd-high-yield-portfolio
Large Cap Portfolio,Nippon Life India Asset Management Ltd,Hybrid,,50,,0,0,0,0,0,0,0,0,1.02,,,,2026-06-30,APMI monthly report Jun 2026,,pmsStrategy-nippon-life-india-asset-management-ltd-large-cap-portfolio
MAAP,Nippon Life India Asset Management Ltd,,0.85,50,,2.37,13.26,-2.6,1.99,1.06,13.22,16.34,12.98,10.39,,,,2026-06-30,APMI monthly report Jun 2026,,pmsStrategy-nippon-life-india-asset-management-ltd-maap
Nippon India Royal Portfolio,Nippon Life India Asset Management Ltd,,3.31,50,,1.88,12.23,-2.16,-0.87,0.21,12.34,16.67,11.68,12.43,,,,2026-06-30,APMI monthly report Jun 2026,,pmsStrategy-nippon-life-india-asset-management-ltd-nippon-india-royal-portfolio
Pearl Portfolio,Nippon Life India Asset Management Ltd,,6.22,50,,-0.89,9.67,-3.07,-3.1,-4.28,8.96,12.71,9.72,12.24,,,,2026-06-30,APMI monthly report Jun 2026,,pmsStrategy-nippon-life-india-asset-management-ltd-pearl-portfolio
REITs and InvITs Income Portfolio,Nippon Life India Asset Management Ltd,Hybrid,142.83,50,,1.88,5.37,1.77,,,,,,1.77,,,,2026-06-30,APMI monthly report Jun 2026,,pmsStrategy-nippon-life-india-asset-management-ltd-reits-and-invits-income-portfolio
Signature Option,Nippon Life India Asset Management Ltd,Hybrid,36.63,50,,1.89,2.45,2.58,3.56,7.09,5.98,5.52,3.19,4.15,,,,2026-06-30,APMI monthly report Jun 2026,,pmsStrategy-nippon-life-india-asset-management-ltd-signature-option
Tactical Asset Allocation Plan TAAP,Nippon Life India Asset Management Ltd,,9.05,50,,2.35,13.25,-2.51,2.26,0.88,13.16,16.34,13.16,10.97,,,,2026-06-30,APMI monthly report Jun 2026,,pmsStrategy-nippon-life-india-asset-management-ltd-tactical-asset-allocation-plan-taap
The Indian Economic Transformation Portfolio,Nippon Life India Asset Management Ltd,,44.85,50,,2.41,15.44,0.56,2.81,2.84,14.01,16.01,11.46,14.73,,,,2026-06-30,APMI monthly report Jun 2026,,pmsStrategy-nippon-life-india-asset-management-ltd-the-indian-economic-transformation-portfolio
The Indian Economic Transformation Portfolio Systematic Rebalancing Option,Nippon Life India Asset Management Ltd,,178.62,50,,2.48,15.63,0.86,3.03,3.21,14.15,15.99,11.45,12.78,,,,2026-06-30,APMI monthly report Jun 2026,,pmsStrategy-nippon-life-india-asset-management-ltd-the-indian-economic-transformation-portfolio-systematic-r
Yield Maximiser Option,Nippon Life India Asset Management Ltd,Hybrid,1.18,50,,-15.79,-15.88,6.49,24.32,72.19,33.72,15.91,6.28,6.4,,,,2026-06-30,APMI monthly report Jun 2026,,pmsStrategy-nippon-life-india-asset-management-ltd-yield-maximiser-option
Nirmal Bang Equity Multi Cap,Nirmal Bang Securities Private Limited,,205.57,50,,6.65,24.94,18.86,15.5,4.94,,,,20.43,,,,2026-06-30,APMI monthly report Jun 2026,,pmsStrategy-nirmal-bang-securities-private-limited-nirmal-bang-equity-multi-cap
Northern Arc Credit Opportunities Fund,Northern Arc Investment Managers Pvt. Ltd.,Hybrid,,50,,1.23,2.75,5.08,12.24,12.55,,,,11.71,,,,2026-06-30,APMI monthly report Jun 2026,,pmsStrategy-northern-arc-investment-managers-pvt-ltd-northern-arc-credit-opportunities-fund
Northern Arc Income Builder Series C,Northern Arc Investment Managers Pvt. Ltd.,Hybrid,47.46,50,,3.78,7.01,,,,,,,8.3,,,,2026-06-30,APMI monthly report Jun 2026,,pmsStrategy-northern-arc-investment-managers-pvt-ltd-northern-arc-income-builder-series-c
Northern Arc Non-Descretionary PMS,Northern Arc Investment Managers Pvt. Ltd.,Hybrid,374.53,50,,-3,-1.71,0.78,5.83,8.16,10.97,7.85,,7.84,,,,2026-06-30,APMI monthly report Jun 2026,,pmsStrategy-northern-arc-investment-managers-pvt-ltd-northern-arc-non-descretionary-pms
Accumulator,Nuvama Asset Management Limited,Hybrid,33.25,50,,0.78,8.22,-0.11,5.09,4.34,11.01,,,10.76,,,,2026-06-30,APMI monthly report Jun 2026,,pmsStrategy-nuvama-asset-management-limited-accumulator
Accumulator-Yield,Nuvama Asset Management Limited,Hybrid,,50,,0,0.28,1.27,3.89,5.5,5.87,,,5.74,,,,2026-06-30,APMI monthly report Jun 2026,,pmsStrategy-nuvama-asset-management-limited-accumulator-yield
Infinity Core Approach,Nuvama Asset Management Limited,Hybrid,1071.31,50,,0.86,6.64,1.34,8.8,8.69,12.54,11.75,10.12,11.08,,,,2026-06-30,APMI monthly report Jun 2026,,pmsStrategy-nuvama-asset-management-limited-infinity-core-approach
Infinity Core Equity Approach,Nuvama Asset Management Limited,,148.92,50,,3.21,18.32,0.41,3.74,2.67,12.81,15.74,11.95,16.97,,,,2026-06-30,APMI monthly report Jun 2026,,pmsStrategy-nuvama-asset-management-limited-infinity-core-equity-approach
Infinity Core Plus - Equity,Nuvama Asset Management Limited,,14.1,50,,5.54,,,,,,,,3.66,,,,2026-06-30,APMI monthly report Jun 2026,,pmsStrategy-nuvama-asset-management-limited-infinity-core-plus-equity
Infinity Core Plus Approach,Nuvama Asset Management Limited,Hybrid,2830.23,50,,0.15,5.1,1.45,7.28,7.53,9.73,9.47,8.24,7.86,,,,2026-06-30,APMI monthly report Jun 2026,,pmsStrategy-nuvama-asset-management-limited-infinity-core-plus-approach
Infinity NDPMS - MidCap Strategy - Magnum,Nuvama Asset Management Limited,,50.4,50,,4.63,29.52,8.37,9.09,,,,,4.6,,,,2026-06-30,APMI monthly report Jun 2026,,pmsStrategy-nuvama-asset-management-limited-infinity-ndpms-midcap-strategy-magnum
Infinity NDPMS Quant Alpha Strategy,Nuvama Asset Management Limited,,1.02,50,,0.74,10.85,-1.7,0.95,,,,,-0.43,,,,2026-06-30,APMI monthly report Jun 2026,,pmsStrategy-nuvama-asset-management-limited-infinity-ndpms-quant-alpha-strategy
Nuvama Absolute Return Strategy,Nuvama Asset Management Limited,Hybrid,355.67,50,,2.19,6.18,-3.08,0.09,5.35,8.79,,,8.7,,,,2026-06-30,APMI monthly report Jun 2026,,pmsStrategy-nuvama-asset-management-limited-nuvama-absolute-return-strategy
Nuvama Equities eXpansion Target (NEXT) strategy,Nuvama Asset Management Limited,,227.41,50,,5.45,32.57,14.02,5.84,6.1,15.93,,,15.58,,,,2026-06-30,APMI monthly report Jun 2026,,pmsStrategy-nuvama-asset-management-limited-nuvama-equities-expansion-target-next-strategy
Nuvama Protection Plus Strategy,Nuvama Asset Management Limited,Hybrid,,50,,0,0,0,1.15,6.12,7.71,7.89,,7.87,,,,2026-06-30,APMI monthly report Jun 2026,,pmsStrategy-nuvama-asset-management-limited-nuvama-protection-plus-strategy
OAKS ASSET ALLOCATOR,Oaks Asset Management Private Limited,Hybrid,131.33,50,,2.1,9.94,-0.3,2.38,-1.86,7.41,9.72,,7.11,,,,2026-06-30,APMI monthly report Jun 2026,,pmsStrategy-oaks-asset-management-private-limited-oaks-asset-allocator
OAKS Co-investment Portfolio,Oaks Asset Management Private Limited,,76.82,50,,0,-0.5,-0.92,-1.86,1.92,0.76,0.33,,0.33,,,,2026-06-30,APMI monthly report Jun 2026,,pmsStrategy-oaks-asset-management-private-limited-oaks-co-investment-portfolio
OAKS Tenet Portfolio (Formerly Known as ABC Equity Portfolio),Oaks Asset Management Private Limited,,136.1,50,,-1.27,8.06,-0.82,1.08,-1.78,12.97,16.13,13.91,15.35,,,,2026-06-30,APMI monthly report Jun 2026,,pmsStrategy-oaks-asset-management-private-limited-oaks-tenet-portfolio-formerly-known-as-abc-equity-portfoli
Structure Product Series 3 (Hero Electric),Oaks Asset Management Private Limited,,,50,,0,0,0,0,0,0,0,0,0,,,,2026-06-30,APMI monthly report Jun 2026,,pmsStrategy-oaks-asset-management-private-limited-structure-product-series-3-hero-electric
Structure Product Series 5 (InCred-2),Oaks Asset Management Private Limited,,19.39,50,,-0.48,-0.48,-0.95,-1.9,-1.9,-1.89,-2.03,-2,-1.92,,,,2026-06-30,APMI monthly report Jun 2026,,pmsStrategy-oaks-asset-management-private-limited-structure-product-series-5-incred-2
Structured Product Series 2 (Incred),Oaks Asset Management Private Limited,,47.33,50,,-0.51,-0.51,-1.01,16.78,6.98,3.9,2.36,1.46,0.06,,,,2026-06-30,APMI monthly report Jun 2026,,pmsStrategy-oaks-asset-management-private-limited-structured-product-series-2-incred
Structured Product Series 4 (Foodlink),Oaks Asset Management Private Limited,,25.53,50,,-0.51,-0.49,-0.96,-1.92,-1.89,-1.86,-1.83,-5.46,-3.63,,,,2026-06-30,APMI monthly report Jun 2026,,pmsStrategy-oaks-asset-management-private-limited-structured-product-series-4-foodlink
Structured Product Series 6(SHR Lifestyle),Oaks Asset Management Private Limited,,16.37,50,,-0.5,-0.5,-0.98,-1.96,18.4,11.62,-1.01,-1.2,-1.19,,,,2026-06-30,APMI monthly report Jun 2026,,pmsStrategy-oaks-asset-management-private-limited-structured-product-series-6-shr-lifestyle
The Alpha Capital Pledge (TAP),Oaks Asset Management Private Limited,,84.96,50,,-0.51,-0.5,-0.93,0.06,-9.44,-6.94,-7.62,-7.2,-4.19,,,,2026-06-30,APMI monthly report Jun 2026,,pmsStrategy-oaks-asset-management-private-limited-the-alpha-capital-pledge-tap
Ohm Absolute,Ohm Portfolio Equi Research Private Limited,,47.19,50,,4.08,16.8,3.59,2.77,9.64,11.11,19.44,16.18,17.25,,,,2026-06-30,APMI monthly report Jun 2026,,pmsStrategy-ohm-portfolio-equi-research-private-limited-ohm-absolute
Ohm Growth,Ohm Portfolio Equi Research Private Limited,,715.99,50,,4.23,33.08,18.41,16.85,16.49,27.75,0,,25.22,,,,2026-06-30,APMI monthly report Jun 2026,,pmsStrategy-ohm-portfolio-equi-research-private-limited-ohm-growth
Omni Amrit Kaal,Omniscience Capital Advisors Private Limited,,0.05,50,,4.08,21.08,0.32,,,,,,-3.45,,,,2026-06-30,APMI monthly report Jun 2026,,pmsStrategy-omniscience-capital-advisors-private-limited-omni-amrit-kaal
Omni Barons,Omniscience Capital Advisors Private Limited,,0.07,50,,1.93,19.46,9.85,,,,,,7.78,,,,2026-06-30,APMI monthly report Jun 2026,,pmsStrategy-omniscience-capital-advisors-private-limited-omni-barons
Omni Capital Creators,Omniscience Capital Advisors Private Limited,,1.8,50,,3.51,15.82,0.8,,,,,,-0.42,,,,2026-06-30,APMI monthly report Jun 2026,,pmsStrategy-omniscience-capital-advisors-private-limited-omni-capital-creators
Omni Captains,Omniscience Capital Advisors Private Limited,,0.03,50,,2.91,17.75,4.85,,,,,,4.34,,,,2026-06-30,APMI monthly report Jun 2026,,pmsStrategy-omniscience-capital-advisors-private-limited-omni-captains
Omni Centurions,Omniscience Capital Advisors Private Limited,,4.51,50,,5.82,27.92,-0.18,,,,,,-7.64,,,,2026-06-30,APMI monthly report Jun 2026,,pmsStrategy-omniscience-capital-advisors-private-limited-omni-centurions
Omni Dynamic Allocator,Omniscience Capital Advisors Private Limited,Hybrid,0.05,50,,3.15,14.41,2.12,,,,,,0.26,,,,2026-06-30,APMI monthly report Jun 2026,,pmsStrategy-omniscience-capital-advisors-private-limited-omni-dynamic-allocator
Omni Emperors,Omniscience Capital Advisors Private Limited,,0.53,50,,2.16,15.78,1.64,,,,,,1.61,,,,2026-06-30,APMI monthly report Jun 2026,,pmsStrategy-omniscience-capital-advisors-private-limited-omni-emperors
Omni Energy Transition,Omniscience Capital Advisors Private Limited,,0.03,50,,2.28,25.8,12.09,,,,,,4.07,,,,2026-06-30,APMI monthly report Jun 2026,,pmsStrategy-omniscience-capital-advisors-private-limited-omni-energy-transition
Omni India Inc,Omniscience Capital Advisors Private Limited,,0.03,50,,3.01,13.78,4.25,,,,,,2.61,,,,2026-06-30,APMI monthly report Jun 2026,,pmsStrategy-omniscience-capital-advisors-private-limited-omni-india-inc
Omni Industry Inc,Omniscience Capital Advisors Private Limited,,0.57,50,,2.76,25,-2.08,,,,,,-7.26,,,,2026-06-30,APMI monthly report Jun 2026,,pmsStrategy-omniscience-capital-advisors-private-limited-omni-industry-inc
Omni Navigator,Omniscience Capital Advisors Private Limited,Hybrid,0.05,50,,-0.16,10.71,3.92,,,,,,5.55,,,,2026-06-30,APMI monthly report Jun 2026,,pmsStrategy-omniscience-capital-advisors-private-limited-omni-navigator
Omni Rail & Mobility,Omniscience Capital Advisors Private Limited,,0.02,50,,2.29,20,-3,,,,,,-6.97,,,,2026-06-30,APMI monthly report Jun 2026,,pmsStrategy-omniscience-capital-advisors-private-limited-omni-rail-mobility
Omni Services Corp,Omniscience Capital Advisors Private Limited,,1.24,50,,4.35,20.88,-0.53,,,,,,-6.35,,,,2026-06-30,APMI monthly report Jun 2026,,pmsStrategy-omniscience-capital-advisors-private-limited-omni-services-corp
Omni Strategic Defence,Omniscience Capital Advisors Private Limited,,0.02,50,,1.36,22.93,3.8,,,,,,-0.08,,,,2026-06-30,APMI monthly report Jun 2026,,pmsStrategy-omniscience-capital-advisors-private-limited-omni-strategic-defence
Omni Super Cash,Omniscience Capital Advisors Private Limited,Hybrid,0.27,50,,0.32,1.66,2.07,,,,,,2.71,,,,2026-06-30,APMI monthly report Jun 2026,,pmsStrategy-omniscience-capital-advisors-private-limited-omni-super-cash
Omni Super Debt,Omniscience Capital Advisors Private Limited,Hybrid,0.03,50,,2.15,4.32,4.61,,,,,,2.01,,,,2026-06-30,APMI monthly report Jun 2026,,pmsStrategy-omniscience-capital-advisors-private-limited-omni-super-debt
Omni Super Invest,Omniscience Capital Advisors Private Limited,Hybrid,5.08,50,,1.58,11.23,3.97,,,,,,3.12,,,,2026-06-30,APMI monthly report Jun 2026,,pmsStrategy-omniscience-capital-advisors-private-limited-omni-super-invest
Omni Super Pay,Omniscience Capital Advisors Private Limited,Hybrid,7.6,50,,2.17,12.5,0.84,,,,,,-1.97,,,,2026-06-30,APMI monthly report Jun 2026,,pmsStrategy-omniscience-capital-advisors-private-limited-omni-super-pay
Omni SuperNormal India,Omniscience Capital Advisors Private Limited,,33.8,50,,2.45,18.11,0.14,,,,,,-2.81,,,,2026-06-30,APMI monthly report Jun 2026,,pmsStrategy-omniscience-capital-advisors-private-limited-omni-supernormal-india
Omni Victors,Omniscience Capital Advisors Private Limited,,1.41,50,,4.54,25.67,2.12,,,,,,-3.04,,,,2026-06-30,APMI monthly report Jun 2026,,pmsStrategy-omniscience-capital-advisors-private-limited-omni-victors
ACTIVELY MANAGED TOTAL RETURN PORTFOLIO,PATERSON SECURITIES PRIVATE LIMITED,Hybrid,63.44,50,,1.04,4.02,6.14,10.33,10.21,,,,5.96,,,,2026-06-30,APMI monthly report Jun 2026,,pmsStrategy-paterson-securities-private-limited-actively-managed-total-return-portfolio
DELTA FUND,PATERSON SECURITIES PRIVATE LIMITED,,21.11,50,,1.64,7.74,-5.19,-2.77,-1.79,,,,0.45,,,,2026-06-30,APMI monthly report Jun 2026,,pmsStrategy-paterson-securities-private-limited-delta-fund
PATERSON ADVANTAGE,PATERSON SECURITIES PRIVATE LIMITED,,,50,,0,-33.82,-44.55,-44.99,0,,,,0.49,,,,2026-06-30,APMI monthly report Jun 2026,,pmsStrategy-paterson-securities-private-limited-paterson-advantage
PATERSON CUSTOMISED,PATERSON SECURITIES PRIVATE LIMITED,,82.98,50,,2.82,12.46,-0.06,2.45,0,,,,0.19,,,,2026-06-30,APMI monthly report Jun 2026,,pmsStrategy-paterson-securities-private-limited-paterson-customised
PATERSON LEADERSHIP,PATERSON SECURITIES PRIVATE LIMITED,,6.52,50,,6.71,25.8,9.67,2.61,0,,,,0.32,,,,2026-06-30,APMI monthly report Jun 2026,,pmsStrategy-paterson-securities-private-limited-paterson-leadership
PATERSON SOUTHERN SPICE,PATERSON SECURITIES PRIVATE LIMITED,,8.55,50,,1.51,18.04,3.41,,,,,,1.24,,,,2026-06-30,APMI monthly report Jun 2026,,pmsStrategy-paterson-securities-private-limited-paterson-southern-spice
PCS SECURITIES LTD ALYATTES 00017643-001,PCS SECURITIES LTD,,35.4,50,,7.39,19.83,-2.13,14.57,11.08,,,,18.99,,,,2026-06-30,APMI monthly report Jun 2026,,pmsStrategy-pcs-securities-ltd-pcs-securities-ltd-alyattes-00017643-001
PGIM INDIA CORE EQUITY PORTFOLIO,PGIM India Asset Management Private Limited,,104,50,,-0.56,10.39,0.81,-2.7,0.16,6.85,12.45,11.48,13.85,,,,2026-06-30,APMI monthly report Jun 2026,,pmsStrategy-pgim-india-asset-management-private-limited-pgim-india-core-equity-portfolio
PGIM INDIA DEBT NDPMS PORTFOLIO,PGIM India Asset Management Private Limited,Hybrid,,50,,0,0,0,0,0,,,,0,,,,2026-06-30,APMI monthly report Jun 2026,,pmsStrategy-pgim-india-asset-management-private-limited-pgim-india-debt-ndpms-portfolio
PGIM INDIA EQUITY NDPMS PORTFOLIO,PGIM India Asset Management Private Limited,,,50,,0,0,0,0,0,,,,0,,,,2026-06-30,APMI monthly report Jun 2026,,pmsStrategy-pgim-india-asset-management-private-limited-pgim-india-equity-ndpms-portfolio
PGIM INDIA EQUITY PORTFOLIO,PGIM India Asset Management Private Limited,,88.69,50,,2.81,22.78,-4.06,-10.53,-4.03,6.97,,,10.79,,,,2026-06-30,APMI monthly report Jun 2026,,pmsStrategy-pgim-india-asset-management-private-limited-pgim-india-equity-portfolio
PGIM INDIA EQUITY PORTFOLIO SERIES I High Conviction Themes,PGIM India Asset Management Private Limited,,6.5,50,,7.29,37.91,10.11,0,0,0,,,8.96,,,,2026-06-30,APMI monthly report Jun 2026,,pmsStrategy-pgim-india-asset-management-private-limited-pgim-india-equity-portfolio-series-i-high-conviction
PGIM INDIA EQUITY PORTFOLIO SERIES II,PGIM India Asset Management Private Limited,,51.04,50,,6.18,36.89,10.48,3.38,2.52,9.3,,,9.31,,,,2026-06-30,APMI monthly report Jun 2026,,pmsStrategy-pgim-india-asset-management-private-limited-pgim-india-equity-portfolio-series-ii
PGIM INDIA PHOENIX PORTFOLIO,PGIM India Asset Management Private Limited,,61.48,50,,6.75,31.5,8.95,-4.63,1,10.83,15.37,13.19,12.38,,,,2026-06-30,APMI monthly report Jun 2026,,pmsStrategy-pgim-india-asset-management-private-limited-pgim-india-phoenix-portfolio
ATOM,PL Asset Management Private Ltd,,5.6,50,,3.27,19.26,,,,,,,19.21,,,,2026-06-30,APMI monthly report Jun 2026,,pmsStrategy-pl-asset-management-private-ltd-atom
Aqua Strategy,PL Asset Management Private Ltd,,374.32,50,,-0.98,12.75,2,6.33,-0.41,20.4,,,19.84,,,,2026-06-30,APMI monthly report Jun 2026,,pmsStrategy-pl-asset-management-private-ltd-aqua-strategy
ELEVATE,PL Asset Management Private Ltd,,31.77,50,,2.38,26.69,28.95,31.77,22.71,,,,21.54,,,,2026-06-30,APMI monthly report Jun 2026,,pmsStrategy-pl-asset-management-private-ltd-elevate
LEAP,PL Asset Management Private Ltd,,2.11,50,,-1.63,6.96,,,,,,,6.92,,,,2026-06-30,APMI monthly report Jun 2026,,pmsStrategy-pl-asset-management-private-ltd-leap
Multi Asset Dynamic Portfolio,PL Asset Management Private Ltd,Hybrid,21.51,50,,-2.47,8.29,1.43,9,7.5,13.11,13.54,10.04,10.33,,,,2026-06-30,APMI monthly report Jun 2026,,pmsStrategy-pl-asset-management-private-ltd-multi-asset-dynamic-portfolio
ORBIT Elite Non- Discretionary Approach,PL Asset Management Private Ltd,Hybrid,3.21,50,,1.15,,,,,,,,2.48,,,,2026-06-30,APMI monthly report Jun 2026,,pmsStrategy-pl-asset-management-private-ltd-orbit-elite-non-discretionary-approach
TRINITY,PL Asset Management Private Ltd,,2.56,50,,1.8,10.46,,,,,,,10.42,,,,2026-06-30,APMI monthly report Jun 2026,,pmsStrategy-pl-asset-management-private-ltd-trinity
PLUSWEALTH CAPITAL MANAGEMENT LLP - PLUSWEALTH CATALYST,PLUSWEALTH CAPITAL MANAGEMENT LLP,Hybrid,2.76,50,,5.67,49.3,52.53,,,,,,48.75,,,,2026-06-30,APMI monthly report Jun 2026,,pmsStrategy-pluswealth-capital-management-llp-pluswealth-capital-management-llp-pluswealth-catalyst
PlusWealth Fusion,PLUSWEALTH CAPITAL MANAGEMENT LLP,Hybrid,29.35,50,,-2.29,3.97,1.27,,,,,,6.89,,,,2026-06-30,APMI monthly report Jun 2026,,pmsStrategy-pluswealth-capital-management-llp-pluswealth-fusion
ProfitGate Classic Compounders Equity Strategy,PROFITGATE CAPITAL SERVICES LLP,,684.31,50,,0.51,17.42,2.89,2.37,2.57,,,,13.7,,,,2026-06-30,APMI monthly report Jun 2026,,pmsStrategy-profitgate-capital-services-llp-profitgate-classic-compounders-equity-strategy
ProfitGate Debt Portfolio Management Services,PROFITGATE CAPITAL SERVICES LLP,Hybrid,,50,,0,0,0,0,0,,,,0,,,,2026-06-30,APMI monthly report Jun 2026,,pmsStrategy-profitgate-capital-services-llp-profitgate-debt-portfolio-management-services
ProfitGate Focused Equity Strategy,PROFITGATE CAPITAL SERVICES LLP,,17.69,50,,0.44,10.44,6.13,,,,,,5.2,,,,2026-06-30,APMI monthly report Jun 2026,,pmsStrategy-profitgate-capital-services-llp-profitgate-focused-equity-strategy
ProfitGate Fund of Funds Strategy,PROFITGATE CAPITAL SERVICES LLP,,2.67,50,,1.3,11.58,,,,,,,-0.45,,,,2026-06-30,APMI monthly report Jun 2026,,pmsStrategy-profitgate-capital-services-llp-profitgate-fund-of-funds-strategy
ProfitGate Treasury Direct MultiAsset Strategy,PROFITGATE CAPITAL SERVICES LLP,Hybrid,176.34,50,,-0.38,6.28,3.48,11.14,11.16,,,,10.65,,,,2026-06-30,APMI monthly report Jun 2026,,pmsStrategy-profitgate-capital-services-llp-profitgate-treasury-direct-multiasset-strategy
Cognito,Parag Parikh Financial Advisory Services Limited,,44.12,50,,0.79,6.67,-8.68,-10.93,1.84,13.87,15.79,14.33,17.87,,,,2026-06-30,APMI monthly report Jun 2026,,pmsStrategy-parag-parikh-financial-advisory-services-limited-cognito
Multi Asset Non-Discretionary Strategy,Parag Parikh Financial Advisory Services Limited,Hybrid,190.27,50,,0.66,5.01,-1.41,1.15,6.54,12.87,14.12,11.76,16.2,,,,2026-06-30,APMI monthly report Jun 2026,,pmsStrategy-parag-parikh-financial-advisory-services-limited-multi-asset-non-discretionary-strategy
Pelican PE Fund,Pelican Holdings Private Limited,,51.57,50,,1.8,10.79,-6.61,0.59,1.67,9.01,12.08,9.15,10.2,,,,2026-06-30,APMI monthly report Jun 2026,,pmsStrategy-pelican-holdings-private-limited-pelican-pe-fund
Pelican Top100 Fund,Pelican Holdings Private Limited,,1.6,50,,0.52,6.89,-9.22,-8.19,-4.13,6.56,,,7.34,,,,2026-06-30,APMI monthly report Jun 2026,,pmsStrategy-pelican-holdings-private-limited-pelican-top100-fund
Pelican Your Call,Pelican Holdings Private Limited,,2.92,50,,-0.53,6.1,-7.03,1.75,0.45,,,,9.87,,,,2026-06-30,APMI monthly report Jun 2026,,pmsStrategy-pelican-holdings-private-limited-pelican-your-call
AG PRIVE PHILLIP DYNAMIC ALLOCATOR,Phillipcapital (India) Pvt Ltd,,1.96,50,,9.26,10.25,,,,,,,7.82,,,,2026-06-30,APMI monthly report Jun 2026,,pmsStrategy-phillipcapital-india-pvt-ltd-ag-prive-phillip-dynamic-allocator
PHILLIP CONSERVATIVE CREDIT PORTFOLIO GROWTH,Phillipcapital (India) Pvt Ltd,Hybrid,65.66,50,,1.35,3.38,5.04,,,,,,8.14,,,,2026-06-30,APMI monthly report Jun 2026,,pmsStrategy-phillipcapital-india-pvt-ltd-phillip-conservative-credit-portfolio-growth
PHILLIP CONSERVATIVE CREDIT PORTFOLIO REGULAR INCOME,Phillipcapital (India) Pvt Ltd,Hybrid,80.03,50,,1.39,3.38,5.04,,,,,,10.24,,,,2026-06-30,APMI monthly report Jun 2026,,pmsStrategy-phillipcapital-india-pvt-ltd-phillip-conservative-credit-portfolio-regular-income
Phillip Alpha Creation Equity Strategy,Phillipcapital (India) Pvt Ltd,,202.56,50,,2.89,12.06,3.58,4.73,3.6,9.98,13.07,9.48,13.05,,,,2026-06-30,APMI monthly report Jun 2026,,pmsStrategy-phillipcapital-india-pvt-ltd-phillip-alpha-creation-equity-strategy
Phillip Emerging India Portfolio,Phillipcapital (India) Pvt Ltd,,29.15,50,,5.52,26.44,7.43,4.4,4.1,11.15,15.43,11.27,12.78,,,,2026-06-30,APMI monthly report Jun 2026,,pmsStrategy-phillipcapital-india-pvt-ltd-phillip-emerging-india-portfolio
Phillip Ethical India Portfolio,Phillipcapital (India) Pvt Ltd,,10.56,50,,4.88,23.89,5.95,-0.35,-0.95,7.39,10.24,7.98,10.54,,,,2026-06-30,APMI monthly report Jun 2026,,pmsStrategy-phillipcapital-india-pvt-ltd-phillip-ethical-india-portfolio
Phillip Income Builder Portfolio Growth,Phillipcapital (India) Pvt Ltd,Hybrid,262.92,50,,1.58,3.42,5.53,11.1,11.85,,,,14.08,,,,2026-06-30,APMI monthly report Jun 2026,,pmsStrategy-phillipcapital-india-pvt-ltd-phillip-income-builder-portfolio-growth
Phillip Income Builder Portfolio Premier,Phillipcapital (India) Pvt Ltd,Hybrid,15.37,50,,1.65,2.52,4.99,10.42,,,,,13.25,,,,2026-06-30,APMI monthly report Jun 2026,,pmsStrategy-phillipcapital-india-pvt-ltd-phillip-income-builder-portfolio-premier
Phillip Income Builder Portfolio Regular Income,Phillipcapital (India) Pvt Ltd,Hybrid,189.8,50,,1.48,3.18,5.29,10.99,12.41,,,,14.26,,,,2026-06-30,APMI monthly report Jun 2026,,pmsStrategy-phillipcapital-india-pvt-ltd-phillip-income-builder-portfolio-regular-income
Phillip Multi Asset Portfolio,Phillipcapital (India) Pvt Ltd,Hybrid,,50,,0,0,0,0,0,0,,,0,,,,2026-06-30,APMI monthly report Jun 2026,,pmsStrategy-phillipcapital-india-pvt-ltd-phillip-multi-asset-portfolio
Phillip Signature India Portfolio,Phillipcapital (India) Pvt Ltd,,246.73,50,,4.92,22.58,4.19,2.03,2.78,8.77,12.03,8.68,11.54,,,,2026-06-30,APMI monthly report Jun 2026,,pmsStrategy-phillipcapital-india-pvt-ltd-phillip-signature-india-portfolio
Phillip Star Portfolio,Phillipcapital (India) Pvt Ltd,,8.9,50,,2.58,13.11,-0.72,0.71,4.57,14.59,16.72,13.23,13.9,,,,2026-06-30,APMI monthly report Jun 2026,,pmsStrategy-phillipcapital-india-pvt-ltd-phillip-star-portfolio
CA Diversified Debt,Pioneer Client Associates Pvt Ltd,Hybrid,124.57,50,,2.16,3.39,2.85,5.7,8.49,,,,8.2,,,,2026-06-30,APMI monthly report Jun 2026,,pmsStrategy-pioneer-client-associates-pvt-ltd-ca-diversified-debt
CA Diversified Equity,Pioneer Client Associates Pvt Ltd,,798.34,50,,0.55,18.95,8.71,15.86,10.59,,,,20.92,,,,2026-06-30,APMI monthly report Jun 2026,,pmsStrategy-pioneer-client-associates-pvt-ltd-ca-diversified-equity
CA Diversified Hybrid,Pioneer Client Associates Pvt Ltd,Hybrid,611.36,50,,0.83,7.01,-1.11,3.79,6.49,,,,10.56,,,,2026-06-30,APMI monthly report Jun 2026,,pmsStrategy-pioneer-client-associates-pvt-ltd-ca-diversified-hybrid
CA Equity Multi-Manager Portfolio,Pioneer Client Associates Pvt Ltd,,1.11,50,,2.48,11.54,-2.8,-2,2.27,,,,5.5,,,,2026-06-30,APMI monthly report Jun 2026,,pmsStrategy-pioneer-client-associates-pvt-ltd-ca-equity-multi-manager-portfolio
CA MFM LIQUID,Pioneer Client Associates Pvt Ltd,Hybrid,,50,,0,0,0,0,0,-6.08,-4.72,,-4.61,,,,2026-06-30,APMI monthly report Jun 2026,,pmsStrategy-pioneer-client-associates-pvt-ltd-ca-mfm-liquid
CA MFM Large cap,Pioneer Client Associates Pvt Ltd,,,50,,0,0,0,-22.75,-10.13,-4.08,1.76,,-0.91,,,,2026-06-30,APMI monthly report Jun 2026,,pmsStrategy-pioneer-client-associates-pvt-ltd-ca-mfm-large-cap
CA MFM MID CAP,Pioneer Client Associates Pvt Ltd,,,50,,0,0,0,-53.48,-30.92,-16.78,-7.54,,-10.17,,,,2026-06-30,APMI monthly report Jun 2026,,pmsStrategy-pioneer-client-associates-pvt-ltd-ca-mfm-mid-cap
CA MFM Multi Cap,Pioneer Client Associates Pvt Ltd,,1.9,50,,2.51,10.64,-4.21,-4.77,1.23,4.07,7.96,,2.67,,,,2026-06-30,APMI monthly report Jun 2026,,pmsStrategy-pioneer-client-associates-pvt-ltd-ca-mfm-multi-cap
PINC Aggressive Fund,Pioneer Wealth Management Services Limited,,18.55,50,,-1.69,18.97,-0.06,-6.76,,,,,-9.15,,,,2026-06-30,APMI monthly report Jun 2026,,pmsStrategy-pioneer-wealth-management-services-limited-pinc-aggressive-fund
PINC Future Fund,Pioneer Wealth Management Services Limited,,6.81,50,,-1.49,13.76,-2.48,-6.28,-0.94,9.22,13.86,,9.87,,,,2026-06-30,APMI monthly report Jun 2026,,pmsStrategy-pioneer-wealth-management-services-limited-pinc-future-fund
Emerging Dominators Plus,Piper Serica Advisors Private Limited,,3.75,50,,11.51,33.08,21.19,11.99,7.95,,,,13.55,,,,2026-06-30,APMI monthly report Jun 2026,,pmsStrategy-piper-serica-advisors-private-limited-emerging-dominators-plus
Piper Serica Leader Portfolio Strategy,Piper Serica Advisors Private Limited,,1002.98,50,,10.33,31.32,18.25,11.16,7.16,18.16,20.32,13.49,16.67,,,,2026-06-30,APMI monthly report Jun 2026,,pmsStrategy-piper-serica-advisors-private-limited-piper-serica-leader-portfolio-strategy
PRAJANA ANCHOR,Prajana Advisors Private Limited,Hybrid,162.88,50,,1.68,12.11,,,,,,,8.54,,,,2026-06-30,APMI monthly report Jun 2026,,pmsStrategy-prajana-advisors-private-limited-prajana-anchor
PRAJANA CONSULT,Prajana Advisors Private Limited,Hybrid,2267.48,50,,1.69,8.97,,,,,,,4.31,,,,2026-06-30,APMI monthly report Jun 2026,,pmsStrategy-prajana-advisors-private-limited-prajana-consult
PRAJANA EDGE,Prajana Advisors Private Limited,,0.74,50,,0,0,0,,,,,,6.05,,,,2026-06-30,APMI monthly report Jun 2026,,pmsStrategy-prajana-advisors-private-limited-prajana-edge
PRAJANA HIGH CONVICTION,Prajana Advisors Private Limited,,11.76,50,,0,0,0,,,,,,6.37,,,,2026-06-30,APMI monthly report Jun 2026,,pmsStrategy-prajana-advisors-private-limited-prajana-high-conviction
PRAJANA TRUVANTAGE,Prajana Advisors Private Limited,,,50,,0,0,0,,,,,,0,,,,2026-06-30,APMI monthly report Jun 2026,,pmsStrategy-prajana-advisors-private-limited-prajana-truvantage
High Quality Consistent Compounders,Prescientcap Investment Advisors Llp,,405.42,50,,5.32,21.88,8.84,13.29,9.11,20.87,25.78,,19.94,,,,2026-06-30,APMI monthly report Jun 2026,,pmsStrategy-prescientcap-investment-advisors-llp-high-quality-consistent-compounders
Prime Liquid,PrimeInvestor Financial Research Private Limited,Hybrid,0.61,50,,0.63,1.8,3.23,,,,,,3.4,,,,2026-06-30,APMI monthly report Jun 2026,,pmsStrategy-primeinvestor-financial-research-private-limited-prime-liquid
Prime Synergy,PrimeInvestor Financial Research Private Limited,Hybrid,26.51,50,,0.86,7.61,,,,,,,1.8,,,,2026-06-30,APMI monthly report Jun 2026,,pmsStrategy-primeinvestor-financial-research-private-limited-prime-synergy
Prime Velocity,PrimeInvestor Financial Research Private Limited,,43.35,50,,2.72,13.67,1.01,,,,,,1.01,,,,2026-06-30,APMI monthly report Jun 2026,,pmsStrategy-primeinvestor-financial-research-private-limited-prime-velocity
Prime Vision Balanced,PrimeInvestor Financial Research Private Limited,Hybrid,1.81,50,,1.58,5.86,,,,,,,0.15,,,,2026-06-30,APMI monthly report Jun 2026,,pmsStrategy-primeinvestor-financial-research-private-limited-prime-vision-balanced
Prime Vision Growth,PrimeInvestor Financial Research Private Limited,Hybrid,21.05,50,,0.45,5.36,0.94,,,,,,0.75,,,,2026-06-30,APMI monthly report Jun 2026,,pmsStrategy-primeinvestor-financial-research-private-limited-prime-vision-growth
Prime Vision Ultra,PrimeInvestor Financial Research Private Limited,Hybrid,13.27,50,,0.79,5.77,2.46,,,,,,2.23,,,,2026-06-30,APMI monthly report Jun 2026,,pmsStrategy-primeinvestor-financial-research-private-limited-prime-vision-ultra
Prithvi Balance portfolio,Prithvi Finmart Pvt.Ltd.,,186.55,50,,3.22,33.51,22.23,13.52,7.41,,,,22.77,,,,2026-06-30,APMI monthly report Jun 2026,,pmsStrategy-prithvi-finmart-pvt-ltd-prithvi-balance-portfolio
Equity Flexi Cap,Progressive Share Brokers Private Limited,,3.85,50,,2.77,28.55,-0.2,-7.37,,,,,-7.86,,,,2026-06-30,APMI monthly report Jun 2026,,pmsStrategy-progressive-share-brokers-private-limited-equity-flexi-cap
Alt REIT InvIT Portfolio Strategy (ARIPS),Propshare Capital Advisors Private Limited,Hybrid,44.58,50,,2.18,5.03,3.88,,,,,,4.68,,,,2026-06-30,APMI monthly report Jun 2026,,pmsStrategy-propshare-capital-advisors-private-limited-alt-reit-invit-portfolio-strategy-arips
Prosperity Discovery Fund,Prosperity Wealth Management Private Limited,,112.05,50,,5.32,30.81,6.38,-2.35,-2.43,13.29,15.31,11.35,17.28,,,,2026-06-30,APMI monthly report Jun 2026,,pmsStrategy-prosperity-wealth-management-private-limited-prosperity-discovery-fund
Prosperity Fund of Funds,Prosperity Wealth Management Private Limited,,12.3,50,,1.19,6.1,0.97,2.32,5.04,,,,10.91,,,,2026-06-30,APMI monthly report Jun 2026,,pmsStrategy-prosperity-wealth-management-private-limited-prosperity-fund-of-funds
PROSPERO TREE INDIA EQUITY FUND,Prospero Tree Asset Management LLP,,484.94,50,,4.82,30.02,10.8,7.54,,,,,30.13,,,,2026-06-30,APMI monthly report Jun 2026,,pmsStrategy-prospero-tree-asset-management-llp-prospero-tree-india-equity-fund
Prudent Equity Growth Strategy,Prudent Equity Private Limited,,30.12,50,,1.9,19.87,5.29,2.6,,,,,0.67,,,,2026-06-30,APMI monthly report Jun 2026,,pmsStrategy-prudent-equity-private-limited-prudent-equity-growth-strategy
Prudent Financial Resurgence Portfolio FRP,Prudent Investment Managers LLP,,8.31,50,,3.44,24.32,-1.59,-4.11,,,,,11.94,,,,2026-06-30,APMI monthly report Jun 2026,,pmsStrategy-prudent-investment-managers-llp-prudent-financial-resurgence-portfolio-frp
Prudent Focused PMS,Prudent Investment Managers LLP,,49.42,50,,2.85,21.21,2.56,1.07,7.15,15.49,18.28,,15.54,,,,2026-06-30,APMI monthly report Jun 2026,,pmsStrategy-prudent-investment-managers-llp-prudent-focused-pms
Prudent Multi Asset PMS,Prudent Investment Managers LLP,Hybrid,21.56,50,,2.18,19.51,6.95,9.75,15.08,20.11,18.87,,18.79,,,,2026-06-30,APMI monthly report Jun 2026,,pmsStrategy-prudent-investment-managers-llp-prudent-multi-asset-pms
Prudent Multi Strategy PMS,Prudent Investment Managers LLP,,303.58,50,,2.79,20.36,0.06,-1.1,7.77,17.16,20.45,,17.72,,,,2026-06-30,APMI monthly report Jun 2026,,pmsStrategy-prudent-investment-managers-llp-prudent-multi-strategy-pms
Prudent Multicap PMS,Prudent Investment Managers LLP,,383.11,50,,2.69,20.92,1.51,-0.68,7.45,15.63,19.7,,15.31,,,,2026-06-30,APMI monthly report Jun 2026,,pmsStrategy-prudent-investment-managers-llp-prudent-multicap-pms
Purnartha Dynamic Midcap,Purnartha Investment Advisers Private Limited,,398.02,50,,4.23,24.43,7.81,6.75,8.38,15.2,,,15.94,,,,2026-06-30,APMI monthly report Jun 2026,,pmsStrategy-purnartha-investment-advisers-private-limited-purnartha-dynamic-midcap
Purnartha One Strategy,Purnartha Investment Advisers Private Limited,Hybrid,9.47,50,,2.54,14.62,4.41,4.67,6.67,,,,8.73,,,,2026-06-30,APMI monthly report Jun 2026,,pmsStrategy-purnartha-investment-advisers-private-limited-purnartha-one-strategy
Purnartha Pratham,Purnartha Investment Advisers Private Limited,,1690.25,50,,1.59,15.57,9.68,4.94,3.03,14.94,16.62,10.37,12.1,,,,2026-06-30,APMI monthly report Jun 2026,,pmsStrategy-purnartha-investment-advisers-private-limited-purnartha-pratham
Purnartha Vision,Purnartha Investment Advisers Private Limited,,203.56,50,,2.25,16.99,9.02,3.78,3.85,14.86,15.07,10.08,11.01,,,,2026-06-30,APMI monthly report Jun 2026,,pmsStrategy-purnartha-investment-advisers-private-limited-purnartha-vision
ALPHABETS,QED Capital Advisors LLP,,21.34,50,,5.78,11.96,0.93,3.17,-4.01,15.37,17.12,12.41,11.67,,,,2026-06-30,APMI monthly report Jun 2026,,pmsStrategy-qed-capital-advisors-llp-alphabets
CORE EQUITY,QED Capital Advisors LLP,,10.74,50,,-1.87,0.17,-10.23,-4.21,-7.7,8.94,,,7.73,,,,2026-06-30,APMI monthly report Jun 2026,,pmsStrategy-qed-capital-advisors-llp-core-equity
INDEXALPHA,QED Capital Advisors LLP,,12.48,50,,-1.32,1.73,-2.76,4.42,4.04,10.29,9.14,7.7,5.85,,,,2026-06-30,APMI monthly report Jun 2026,,pmsStrategy-qed-capital-advisors-llp-indexalpha
QRC - Long Term Opportunities Portfolio,QRC Investment Advisors LLP,,87.4,50,,2.55,17.57,7.16,4.46,3.66,12.58,14.72,12.67,12.61,,,,2026-06-30,APMI monthly report Jun 2026,,pmsStrategy-qrc-investment-advisors-llp-qrc-long-term-opportunities-portfolio
QODE ALL WEATHER,Qode Advisors LLP,,194.68,50,,-2.3,4.64,15.43,27.86,,,,,26.47,,,,2026-06-30,APMI monthly report Jun 2026,,pmsStrategy-qode-advisors-llp-qode-all-weather
QODE FUTURE HORIZONS,Qode Advisors LLP,,,50,,0,17.15,12.1,0.55,,,,,-6.42,,,,2026-06-30,APMI monthly report Jun 2026,,pmsStrategy-qode-advisors-llp-qode-future-horizons
QODE GROWTH FUND,Qode Advisors LLP,,76.67,50,,6.69,33.4,33.12,23.67,,,,,34.89,,,,2026-06-30,APMI monthly report Jun 2026,,pmsStrategy-qode-advisors-llp-qode-growth-fund
QODE TACTICAL FUND,Qode Advisors LLP,,37.55,50,,-0.27,8.22,15.32,12.76,,,,,16.73,,,,2026-06-30,APMI monthly report Jun 2026,,pmsStrategy-qode-advisors-llp-qode-tactical-fund
Q India Ethical Returns Strategy,Quantum Advisors Private Limited,,0.97,50,,-0.09,12.26,-2.28,-5.14,,,,,-2.88,,,,2026-06-30,APMI monthly report Jun 2026,,pmsStrategy-quantum-advisors-private-limited-q-india-ethical-returns-strategy
Q India Responsible Returns Strategy,Quantum Advisors Private Limited,,1.26,50,,1.03,10.95,-5.9,-6.54,0.11,8.67,11.84,8.3,9.81,,,,2026-06-30,APMI monthly report Jun 2026,,pmsStrategy-quantum-advisors-private-limited-q-india-responsible-returns-strategy
Q India Small Cap Strategy,Quantum Advisors Private Limited,,1.33,50,,3.72,23.74,4.21,2.85,6,,,,10.56,,,,2026-06-30,APMI monthly report Jun 2026,,pmsStrategy-quantum-advisors-private-limited-q-india-small-cap-strategy
Q India Sovereign Focus Bond Strategy,Quantum Advisors Private Limited,Hybrid,13.42,50,,2,3.42,2.3,3.48,5.85,6.66,6.69,5.55,6.33,,,,2026-06-30,APMI monthly report Jun 2026,,pmsStrategy-quantum-advisors-private-limited-q-india-sovereign-focus-bond-strategy
Q India Value Equity Strategy,Quantum Advisors Private Limited,,212.9,50,,-0.08,7.99,-7.59,-7.08,-1.18,11.21,13.81,10.4,14.94,,,,2026-06-30,APMI monthly report Jun 2026,,pmsStrategy-quantum-advisors-private-limited-q-india-value-equity-strategy
Q India Value Equity Strategy - Constrained V,Quantum Advisors Private Limited,,15673.55,50,,0.41,8.37,-6.9,-4.67,0.56,12.98,15.68,11.62,16.19,,,,2026-06-30,APMI monthly report Jun 2026,,pmsStrategy-quantum-advisors-private-limited-q-india-value-equity-strategy-constrained-v
Q India Value Equity Strategy - Constrained XIX,Quantum Advisors Private Limited,,654.71,50,,-0.37,8.67,-6.78,-5.72,,,,,-0.13,,,,2026-06-30,APMI monthly report Jun 2026,,pmsStrategy-quantum-advisors-private-limited-q-india-value-equity-strategy-constrained-xix
Q India Value Equity Strategy - Constrained XVII,Quantum Advisors Private Limited,,8.81,50,,-0.24,6.51,-6.49,-6.07,,,,,-0.42,,,,2026-06-30,APMI monthly report Jun 2026,,pmsStrategy-quantum-advisors-private-limited-q-india-value-equity-strategy-constrained-xvii
Q India Value Equity Strategy - Constrained XVIII,Quantum Advisors Private Limited,,100.77,50,,-0.38,8.59,-6.44,-4.97,,,,,-2.75,,,,2026-06-30,APMI monthly report Jun 2026,,pmsStrategy-quantum-advisors-private-limited-q-india-value-equity-strategy-constrained-xviii
Quantum OCIO Strategy,Quantum Advisors Private Limited,Hybrid,37.91,50,,3.16,16.35,1.5,5.43,,,,,6.61,,,,2026-06-30,APMI monthly report Jun 2026,,pmsStrategy-quantum-advisors-private-limited-quantum-ocio-strategy
QUEST ALPHA OPPORTUNITIES,Quest Investment Managers Pvt Ltd,,4.62,50,,4.93,25.37,5.69,3.57,6.53,,,,19.65,,,,2026-06-30,APMI monthly report Jun 2026,,pmsStrategy-quest-investment-managers-pvt-ltd-quest-alpha-opportunities
QUEST LONG ODYSSEY,Quest Investment Managers Pvt Ltd,,4.14,50,,4.68,18.53,-4.49,-6.83,-1.5,,,,3.38,,,,2026-06-30,APMI monthly report Jun 2026,,pmsStrategy-quest-investment-managers-pvt-ltd-quest-long-odyssey
QUEST PMS LIQUID FUND STRATEGY,Quest Investment Managers Pvt Ltd,Hybrid,0.36,50,,0.33,1.17,2.44,5.02,5.62,5.99,6.03,,5.8,,,,2026-06-30,APMI monthly report Jun 2026,,pmsStrategy-quest-investment-managers-pvt-ltd-quest-pms-liquid-fund-strategy
QUEST PMS TIMES,Quest Investment Managers Pvt Ltd,,0.46,50,,2.97,23.26,3.63,-1.36,,,,,-3.46,,,,2026-06-30,APMI monthly report Jun 2026,,pmsStrategy-quest-investment-managers-pvt-ltd-quest-pms-times
QUESTPMS FLAGSHIP PORTFOLIO,Quest Investment Managers Pvt Ltd,,413.92,50,,3.7,22.68,-1.66,-9.66,-1.6,11.2,13.49,8.58,15.15,,,,2026-06-30,APMI monthly report Jun 2026,,pmsStrategy-quest-investment-managers-pvt-ltd-questpms-flagship-portfolio
QUESTPMS FOCUS PORTFOLIO,Quest Investment Managers Pvt Ltd,,25.58,50,,1.74,22,5.87,1.01,3.58,15.89,16.07,9.7,12.82,,,,2026-06-30,APMI monthly report Jun 2026,,pmsStrategy-quest-investment-managers-pvt-ltd-questpms-focus-portfolio
QUESTPMS MULTI PORTFOLIO,Quest Investment Managers Pvt Ltd,,744.91,50,,3.78,22.94,4.6,0.99,4.11,17.79,19.76,13.85,15.56,,,,2026-06-30,APMI monthly report Jun 2026,,pmsStrategy-quest-investment-managers-pvt-ltd-questpms-multi-portfolio
NS Multicap Advised Model Portfolio - PMS-Shreyas PMS,R. Wadiwala Securities Private Limited,,47.82,50,,2.71,10.42,-4.18,-2.02,-0.47,8.57,11.37,9.03,11.37,,,,2026-06-30,APMI monthly report Jun 2026,,pmsStrategy-r-wadiwala-securities-private-limited-ns-multicap-advised-model-portfolio-pms-shreyas-pms
R Wadiwala Agile PE Ratio Portfolio - Master,R. Wadiwala Securities Private Limited,,3.7,50,,0.87,4.88,-11.05,-13.35,-6.12,9.26,13.62,11.36,9.64,,,,2026-06-30,APMI monthly report Jun 2026,,pmsStrategy-r-wadiwala-securities-private-limited-r-wadiwala-agile-pe-ratio-portfolio-master
R Wadiwala Ethical Portfolio - PMS,R. Wadiwala Securities Private Limited,,13.28,50,,-0.63,9.73,-6.25,-9.86,-6.2,7.51,12.84,10.81,13.45,,,,2026-06-30,APMI monthly report Jun 2026,,pmsStrategy-r-wadiwala-securities-private-limited-r-wadiwala-ethical-portfolio-pms
R. Wadiwala Ingenious Equity Portfolio-Ingenious,R. Wadiwala Securities Private Limited,,10.16,50,,1.12,9.98,-6.65,-7.66,0,0,0,0,0.17,,,,2026-06-30,APMI monthly report Jun 2026,,pmsStrategy-r-wadiwala-securities-private-limited-r-wadiwala-ingenious-equity-portfolio-ingenious
SERENITY WEALTH,RBSA Investment Manager LLP,,10.51,50,,2.65,27.52,3.96,-7.74,-2.24,,,,1.89,,,,2026-06-30,APMI monthly report Jun 2026,,pmsStrategy-rbsa-investment-manager-llp-serenity-wealth
Roha Emerging Champions Portfolio,ROHA ASSET MANAGERS LLP,,340.88,50,,4.83,24.75,5.63,-4.65,0.6,15.25,20.94,16.32,27.48,,,,2026-06-30,APMI monthly report Jun 2026,,pmsStrategy-roha-asset-managers-llp-roha-emerging-champions-portfolio
Roha Titans Equity Portfolio,ROHA ASSET MANAGERS LLP,,0.48,50,,3.04,16.18,-2.11,,,,,,-3.51,,,,2026-06-30,APMI monthly report Jun 2026,,pmsStrategy-roha-asset-managers-llp-roha-titans-equity-portfolio
ALPHA GROWTH,Reliance Wealth Management Limited,,16.95,50,,3.76,20.97,5.51,2.17,6.13,18.74,18.72,15.45,16.67,,,,2026-06-30,APMI monthly report Jun 2026,,pmsStrategy-reliance-wealth-management-limited-alpha-growth
ALPHA LARGE CAP,Reliance Wealth Management Limited,,0.67,50,,1.99,13.66,1.22,-2.02,7.86,20.95,20.89,16.77,14.68,,,,2026-06-30,APMI monthly report Jun 2026,,pmsStrategy-reliance-wealth-management-limited-alpha-large-cap
ALPHA LIQUID,Reliance Wealth Management Limited,Hybrid,0.73,50,,-29.11,-28.3,-27.27,-25.18,-10.51,-4.95,-2.16,-1.09,0.26,,,,2026-06-30,APMI monthly report Jun 2026,,pmsStrategy-reliance-wealth-management-limited-alpha-liquid
ALPHA MULTIPLIER,Reliance Wealth Management Limited,Hybrid,0.12,50,,0,0,0,0,-23.59,-13.52,-11.33,-10.5,-19.92,,,,2026-06-30,APMI monthly report Jun 2026,,pmsStrategy-reliance-wealth-management-limited-alpha-multiplier
ALPHA MUTUAL F-of-F,Reliance Wealth Management Limited,,,50,,0,0,0,0,0,4.3,7.73,5.87,12.34,,,,2026-06-30,APMI monthly report Jun 2026,,pmsStrategy-reliance-wealth-management-limited-alpha-mutual-f-of-f
ALPHA YIELD MULTIPLIER,Reliance Wealth Management Limited,Hybrid,,50,,0,0,0,0,0,0,1.79,1.71,5.9,,,,2026-06-30,APMI monthly report Jun 2026,,pmsStrategy-reliance-wealth-management-limited-alpha-yield-multiplier
EMERGING BUSINESS OPPORTUNITY PORTFOLIO - 1,Reliance Wealth Management Limited,,,50,,0,0,0,0,0,0,6.74,5.32,5.33,,,,2026-06-30,APMI monthly report Jun 2026,,pmsStrategy-reliance-wealth-management-limited-emerging-business-opportunity-portfolio-1
MINT,Reliance Wealth Management Limited,,,50,,0,0,0,-3.89,1.96,13.09,16.61,12.12,16.94,,,,2026-06-30,APMI monthly report Jun 2026,,pmsStrategy-reliance-wealth-management-limited-mint
VALUE,Reliance Wealth Management Limited,,0.68,50,,0.16,4.6,-6.88,-2.15,1.5,13.08,14.65,12.26,14.6,,,,2026-06-30,APMI monthly report Jun 2026,,pmsStrategy-reliance-wealth-management-limited-value
Renaissance Alpha Portfolio,Renaissance Investment Managers Private Limited,,96.83,50,,4.54,21.56,13.42,30.86,21.31,26.27,27.7,22.97,17.54,,,,2026-06-30,APMI monthly report Jun 2026,,pmsStrategy-renaissance-investment-managers-private-limited-renaissance-alpha-portfolio
Renaissance India Next Portfolio,Renaissance Investment Managers Private Limited,,889.63,50,,1.37,10.08,-8.92,-10.28,-0.65,11.76,17.76,17.01,13.15,,,,2026-06-30,APMI monthly report Jun 2026,,pmsStrategy-renaissance-investment-managers-private-limited-renaissance-india-next-portfolio
Renaissance Liquid Portfolio,Renaissance Investment Managers Private Limited,Hybrid,5.99,50,,0.36,1.09,2.15,4.64,5.28,5.65,5.65,-28.26,-5.53,,,,2026-06-30,APMI monthly report Jun 2026,,pmsStrategy-renaissance-investment-managers-private-limited-renaissance-liquid-portfolio
Renaissance Midcap Portfolio,Renaissance Investment Managers Private Limited,,115.29,50,,1.34,14.32,-8.02,-10.48,-4.3,8.46,15.69,12.89,10.44,,,,2026-06-30,APMI monthly report Jun 2026,,pmsStrategy-renaissance-investment-managers-private-limited-renaissance-midcap-portfolio
Renaissance Opportunities Portfolio,Renaissance Investment Managers Private Limited,,576.94,50,,0.88,7.55,-8.65,-8.56,-1.38,9.1,14.41,13.28,10.8,,,,2026-06-30,APMI monthly report Jun 2026,,pmsStrategy-renaissance-investment-managers-private-limited-renaissance-opportunities-portfolio
Renaissance Platinum Portfolio,Renaissance Investment Managers Private Limited,,130.6,50,,-2.77,1.77,-7.98,-7.41,-6.84,14.96,18.9,13.13,16.08,,,,2026-06-30,APMI monthly report Jun 2026,,pmsStrategy-renaissance-investment-managers-private-limited-renaissance-platinum-portfolio
Renaissance Sterling Portfolio,Renaissance Investment Managers Private Limited,,28.2,50,,0.9,8.96,-11.05,,,,,,-5.77,,,,2026-06-30,APMI monthly report Jun 2026,,pmsStrategy-renaissance-investment-managers-private-limited-renaissance-sterling-portfolio
Revelation India Opportunities Portfolio I,Revelation Portfolio Management Pvt Ltd,,122.82,50,,2.07,18.03,2.38,-2.6,0.96,11.13,,,14.55,,,,2026-06-30,APMI monthly report Jun 2026,,pmsStrategy-revelation-portfolio-management-pvt-ltd-revelation-india-opportunities-portfolio-i
Revelation India Opportunities Portfolio II,Revelation Portfolio Management Pvt Ltd,,102.09,50,,1.72,16.3,0.32,-2.36,-0.94,11.75,,,14.51,,,,2026-06-30,APMI monthly report Jun 2026,,pmsStrategy-revelation-portfolio-management-pvt-ltd-revelation-india-opportunities-portfolio-ii
RH AlphaBots India 100,Right Horizons Portfolio Management Pvt Ltd,,6.89,50,,0.62,12.26,-3.32,-0.92,3.03,14.89,,,11.71,,,,2026-06-30,APMI monthly report Jun 2026,,pmsStrategy-right-horizons-portfolio-management-pvt-ltd-rh-alphabots-india-100
RH AlphaBots India Midcap 29,Right Horizons Portfolio Management Pvt Ltd,,3.09,50,,2.63,17.63,2.76,0.32,4.35,15.77,,,14.8,,,,2026-06-30,APMI monthly report Jun 2026,,pmsStrategy-right-horizons-portfolio-management-pvt-ltd-rh-alphabots-india-midcap-29
RH Alphabots India Large Cap 50,Right Horizons Portfolio Management Pvt Ltd,,1.84,50,,-2.16,6.06,-5.51,-3.78,-2.63,6.05,,,8.84,,,,2026-06-30,APMI monthly report Jun 2026,,pmsStrategy-right-horizons-portfolio-management-pvt-ltd-rh-alphabots-india-large-cap-50
RH MINERVA INDIA UNDER-SERVED,Right Horizons Portfolio Management Pvt Ltd,,155.4,50,,4.84,19.5,5.45,2.09,3.58,10.4,12.26,18.76,14.32,,,,2026-06-30,APMI monthly report Jun 2026,,pmsStrategy-right-horizons-portfolio-management-pvt-ltd-rh-minerva-india-under-served
RH Supervalue Aggressive,Right Horizons Portfolio Management Pvt Ltd,,91.75,50,,4.16,29.09,5.52,5.86,6.54,16.86,,,22.6,,,,2026-06-30,APMI monthly report Jun 2026,,pmsStrategy-right-horizons-portfolio-management-pvt-ltd-rh-supervalue-aggressive
RH-PERENNIAL,Right Horizons Portfolio Management Pvt Ltd,,34.21,50,,4.99,28.24,4.9,11.03,2.68,14.09,19.46,12.53,13.61,,,,2026-06-30,APMI monthly report Jun 2026,,pmsStrategy-right-horizons-portfolio-management-pvt-ltd-rh-perennial
RHPMPL - ALL SEASON FUND,Right Horizons Portfolio Management Pvt Ltd,Hybrid,42.17,50,,0.91,12.84,1.76,6.51,6.93,13.95,15.41,12.35,14.35,,,,2026-06-30,APMI monthly report Jun 2026,,pmsStrategy-right-horizons-portfolio-management-pvt-ltd-rhpmpl-all-season-fund
RHPMPL - ALLIANCE PORTFOLIO,Right Horizons Portfolio Management Pvt Ltd,Hybrid,133.92,50,,1.95,8.61,0.52,0.21,3.88,11.87,12.61,10.47,8.68,,,,2026-06-30,APMI monthly report Jun 2026,,pmsStrategy-right-horizons-portfolio-management-pvt-ltd-rhpmpl-alliance-portfolio
RHPMPL - YIELD MULTIPLIER-I,Right Horizons Portfolio Management Pvt Ltd,Hybrid,10.18,50,,0,-7.48,-7.47,-8.38,-4.29,-2.86,-2.14,-1.68,2.12,,,,2026-06-30,APMI monthly report Jun 2026,,pmsStrategy-right-horizons-portfolio-management-pvt-ltd-rhpmpl-yield-multiplier-i
RHPMPL DYNAMIC QUANT PORTFOLIO,Right Horizons Portfolio Management Pvt Ltd,,,50,,0,0,,,,,,,0,,,,2026-06-30,APMI monthly report Jun 2026,,pmsStrategy-right-horizons-portfolio-management-pvt-ltd-rhpmpl-dynamic-quant-portfolio
RHPMPL- FLEXICAP PORTFOLIO,Right Horizons Portfolio Management Pvt Ltd,,345.12,50,,2.82,20.87,-1.15,-4.64,-3.14,8.07,12.01,10.54,10.28,,,,2026-06-30,APMI monthly report Jun 2026,,pmsStrategy-right-horizons-portfolio-management-pvt-ltd-rhpmpl-flexicap-portfolio
RHPMPL- MULTI ASSET PORTFOLIO,Right Horizons Portfolio Management Pvt Ltd,Hybrid,295.96,50,,0.87,6.97,-1.2,-1.93,3.6,7.7,8.46,6.13,7.42,,,,2026-06-30,APMI monthly report Jun 2026,,pmsStrategy-right-horizons-portfolio-management-pvt-ltd-rhpmpl-multi-asset-portfolio
RHPMPL- SUPER VALUE M&S CAP PORTFOLIO,Right Horizons Portfolio Management Pvt Ltd,,197.91,50,,4.29,31.04,7.12,5.89,5.56,15.44,20.5,17.07,15.6,,,,2026-06-30,APMI monthly report Jun 2026,,pmsStrategy-right-horizons-portfolio-management-pvt-ltd-rhpmpl-super-value-m-s-cap-portfolio
RHPMPL-RH India Business Leader Portfolio,Right Horizons Portfolio Management Pvt Ltd,,39.97,50,,4.39,15.24,-3.15,-6.5,-0.7,11.15,13.84,10.44,10.45,,,,2026-06-30,APMI monthly report Jun 2026,,pmsStrategy-right-horizons-portfolio-management-pvt-ltd-rhpmpl-rh-india-business-leader-portfolio
Samatva Small Cap Strategy,SAMATVA INVESTMENT ADVISERS LLP,,105.92,50,,12.02,39.92,19.95,,,,,,15.57,,,,2026-06-30,APMI monthly report Jun 2026,,pmsStrategy-samatva-investment-advisers-llp-samatva-small-cap-strategy
PMS Services to PF and Institutional Treasuries (Debt),SBI Funds Management Limited,Hybrid,490.33,50,,0.6,1.8,3.77,7.42,7.44,7.5,7.48,7.43,7.59,,,,2026-06-30,APMI monthly report Jun 2026,,pmsStrategy-sbi-funds-management-limited-pms-services-to-pf-and-institutional-treasuries-debt
PMS Services to PF and Institutional Treasuries (Hybrid),SBI Funds Management Limited,Hybrid,711.21,50,,0.91,3.38,1.07,4.02,3.66,7.16,8.23,,6.82,,,,2026-06-30,APMI monthly report Jun 2026,,pmsStrategy-sbi-funds-management-limited-pms-services-to-pf-and-institutional-treasuries-hybrid
SBI ALPHA EDGE,SBI Funds Management Limited,,830.02,50,,10.01,34.57,27.91,,,,,,27.91,,,,2026-06-30,APMI monthly report Jun 2026,,pmsStrategy-sbi-funds-management-limited-sbi-alpha-edge
SBI Aeon Alpha Portfolio,SBI Funds Management Limited,,735.68,50,,10.5,25.57,18.07,13.72,5.19,16.37,18.7,,14.97,,,,2026-06-30,APMI monthly report Jun 2026,,pmsStrategy-sbi-funds-management-limited-sbi-aeon-alpha-portfolio
SBI ESG Portfolio (formerly known as SBI Growth With Values Portfolio),SBI Funds Management Limited,,655.04,50,,6.61,22.54,11.37,3.64,4.37,13.73,15.37,14.42,11.37,,,,2026-06-30,APMI monthly report Jun 2026,,pmsStrategy-sbi-funds-management-limited-sbi-esg-portfolio-formerly-known-as-sbi-growth-with-values-portfoli
SBI Liquid Portfolio,SBI Funds Management Limited,Hybrid,12.63,50,,0.3,0.98,2.08,4.69,4.27,4.43,,,4.42,,,,2026-06-30,APMI monthly report Jun 2026,,pmsStrategy-sbi-funds-management-limited-sbi-liquid-portfolio
SBI Sunrise Gold,SBI Funds Management Limited,Hybrid,2.1,50,,0.28,5.92,-4.61,2.34,6.42,11.81,12.87,10.78,10.52,,,,2026-06-30,APMI monthly report Jun 2026,,pmsStrategy-sbi-funds-management-limited-sbi-sunrise-gold
SBI Sunrise Silver,SBI Funds Management Limited,Hybrid,0.35,50,,-0.15,3.97,-1.03,6.94,8.98,11.19,11.07,9.31,10.87,,,,2026-06-30,APMI monthly report Jun 2026,,pmsStrategy-sbi-funds-management-limited-sbi-sunrise-silver
SI INDIA GROWTH,SHARE INDIA SECURITIES LIMITED.,,5.18,50,,8.19,44.94,,,,,,,36.57,,,,2026-06-30,APMI monthly report Jun 2026,,pmsStrategy-share-india-securities-limited-si-india-growth
FIXED INCOME PLUS,SINCERE SYNDICATION AND CORPORATE SERVICES LLP,Hybrid,32.3,50,,-0.38,3.61,-0.76,3.23,3.91,7.77,,,7.67,,,,2026-06-30,APMI monthly report Jun 2026,,pmsStrategy-sincere-syndication-and-corporate-services-llp-fixed-income-plus
METAMORPHOSIS FUND,SINCERE SYNDICATION AND CORPORATE SERVICES LLP,,335.33,50,,2.9,20.83,-0.12,-0.24,-2.67,10.54,,,10.46,,,,2026-06-30,APMI monthly report Jun 2026,,pmsStrategy-sincere-syndication-and-corporate-services-llp-metamorphosis-fund
SMC-Customised,SMC Global Securities Limited,,1.17,50,,6.24,24.32,10.19,9.12,0.95,13.16,15.38,8.48,7.19,,,,2026-06-30,APMI monthly report Jun 2026,,pmsStrategy-smc-global-securities-limited-smc-customised
SMC-Growth,SMC Global Securities Limited,,197.72,50,,6.22,22.32,6.99,7.09,1.89,12.68,15.55,11.39,13.78,,,,2026-06-30,APMI monthly report Jun 2026,,pmsStrategy-smc-global-securities-limited-smc-growth
SMC-Moderate,SMC Global Securities Limited,,1.78,50,,2.05,9.1,-5.25,-1.16,0.09,9.58,15.59,13.99,14.44,,,,2026-06-30,APMI monthly report Jun 2026,,pmsStrategy-smc-global-securities-limited-smc-moderate
SMC-NRI,SMC Global Securities Limited,,13.77,50,,5.96,22.15,5.4,2.68,1.57,12.82,15.12,9.57,12,,,,2026-06-30,APMI monthly report Jun 2026,,pmsStrategy-smc-global-securities-limited-smc-nri
ALPHA HARVESTERS,SMIFS LIMITED,,15.65,50,,0.88,19.15,9.92,5.83,3.89,15.99,,,17.52,,,,2026-06-30,APMI monthly report Jun 2026,,pmsStrategy-smifs-limited-alpha-harvesters
EMERGING TITANS,SMIFS LIMITED,,6.37,50,,2.18,19.41,6.1,-1.19,0.87,14.99,,,16.44,,,,2026-06-30,APMI monthly report Jun 2026,,pmsStrategy-smifs-limited-emerging-titans
EVERGREEN,SMIFS LIMITED,,6.65,50,,1.42,18.25,6.71,3.3,-1.27,15.41,19.52,12.38,12.16,,,,2026-06-30,APMI monthly report Jun 2026,,pmsStrategy-smifs-limited-evergreen
HARVEST,SMIFS LIMITED,,17.8,50,,2.48,23.52,10.77,-1.93,-1.23,14.14,20.51,15.84,14.82,,,,2026-06-30,APMI monthly report Jun 2026,,pmsStrategy-smifs-limited-harvest
NON DISCRETIONERY,SMIFS LIMITED,,1.93,50,,-1.92,5.69,-13.98,-39.06,-0.33,,,,12.05,,,,2026-06-30,APMI monthly report Jun 2026,,pmsStrategy-smifs-limited-non-discretionery
Sohum India Focus 10 Investment Approach,SOHUM ASSET MANAGERS PRIVATE LIMITED,,23.86,50,,2.37,15.73,2.23,10.89,8.18,,,,24.4,,,,2026-06-30,APMI monthly report Jun 2026,,pmsStrategy-sohum-asset-managers-private-limited-sohum-india-focus-10-investment-approach
Sohum India Focus Investment Approach,SOHUM ASSET MANAGERS PRIVATE LIMITED,,8.25,50,,5.18,15.7,-6.3,-12.86,,,,,-13.1,,,,2026-06-30,APMI monthly report Jun 2026,,pmsStrategy-sohum-asset-managers-private-limited-sohum-india-focus-investment-approach
Sohum India Opportunities Investment Approach,SOHUM ASSET MANAGERS PRIVATE LIMITED,,112.85,50,,2.43,10.95,-2.5,2.6,4.08,,,,12.06,,,,2026-06-30,APMI monthly report Jun 2026,,pmsStrategy-sohum-asset-managers-private-limited-sohum-india-opportunities-investment-approach
Sohum India Short Term Debt Fund Investment Approach,SOHUM ASSET MANAGERS PRIVATE LIMITED,Hybrid,0.26,50,,0.38,1.11,1.64,-99.76,-95.02,,,,-88.78,,,,2026-06-30,APMI monthly report Jun 2026,,pmsStrategy-sohum-asset-managers-private-limited-sohum-india-short-term-debt-fund-investment-approach
SPICE ROUTE VOYAGER,SPICE ROUTE ADVISORS LLP,,16.2,50,,1.79,16.98,1.94,2.43,,,,,4.71,,,,2026-06-30,APMI monthly report Jun 2026,,pmsStrategy-spice-route-advisors-llp-spice-route-voyager
S64 MULTICAP,SQUARE 64 CAPITAL ADVISORS LLP,,106.74,50,,7.07,41.58,19.85,2.25,,,,,5.64,,,,2026-06-30,APMI monthly report Jun 2026,,pmsStrategy-square-64-capital-advisors-llp-s64-multicap
SageOne LargeCap,Sageone Investment Managers Llp,,210.41,50,,1.5,15.1,-1.61,-2.83,4.42,,,,16.04,,,,2026-06-30,APMI monthly report Jun 2026,,pmsStrategy-sageone-investment-managers-llp-sageone-largecap
SageOne Liquid Approach,Sageone Investment Managers Llp,Hybrid,3.29,50,,0.43,1.11,1.98,4.44,5.09,,,,4.87,,,,2026-06-30,APMI monthly report Jun 2026,,pmsStrategy-sageone-investment-managers-llp-sageone-liquid-approach
SageOne Mid & Small Cap,Sageone Investment Managers Llp,,4202.99,50,,4.42,23.26,5.46,8.32,5.84,25.25,22.65,15.33,17.53,,,,2026-06-30,APMI monthly report Jun 2026,,pmsStrategy-sageone-investment-managers-llp-sageone-mid-small-cap
SageOne Mid & Small Cap NDPMS,Sageone Investment Managers Llp,,50.28,50,,,,,,,,,,1.62,,,,2026-06-30,APMI monthly report Jun 2026,,pmsStrategy-sageone-investment-managers-llp-sageone-mid-small-cap-ndpms
SageOne Small Cap,Sageone Investment Managers Llp,Smallcap,1221.09,50,,3.41,26.2,10.88,2.1,3.55,13.11,15.52,12.03,21.84,,,,2026-06-30,APMI monthly report Jun 2026,,pmsStrategy-sageone-investment-managers-llp-sageone-small-cap
SAHASRAR CONCENTRATED GROWTH PORTFOLIO,Sahasrar Capital Pvt Ltd,,1621.06,50,,9.06,43.55,22.81,26.68,37.67,38.28,29.59,,29.44,,,,2026-06-30,APMI monthly report Jun 2026,,pmsStrategy-sahasrar-capital-pvt-ltd-sahasrar-concentrated-growth-portfolio
Long Horizon Fund,Sameeksha Capital Private Limited,,105.09,50,,4.59,13.38,3.52,,,,,,3.01,,,,2026-06-30,APMI monthly report Jun 2026,,pmsStrategy-sameeksha-capital-private-limited-long-horizon-fund
Sameeksha India Diversified Investment Strategy,Sameeksha Capital Private Limited,,15.94,50,,2.92,17.32,2.96,,,,,,2.37,,,,2026-06-30,APMI monthly report Jun 2026,,pmsStrategy-sameeksha-capital-private-limited-sameeksha-india-diversified-investment-strategy
Sameeksha India Equity Fund,Sameeksha Capital Private Limited,,1280.05,50,,6.05,22.95,2.66,-0.83,8.25,20.44,23.68,17.63,20.71,,,,2026-06-30,APMI monthly report Jun 2026,,pmsStrategy-sameeksha-capital-private-limited-sameeksha-india-equity-fund
Indiabulls High Yield Strategy - I,Sammaan Asset Management Limited,Hybrid,15.74,50,,0,0,0,1.51,-10.34,-29.51,-22.06,-17.33,-6.58,,,,2026-06-30,APMI monthly report Jun 2026,,pmsStrategy-sammaan-asset-management-limited-indiabulls-high-yield-strategy-i
ACTIVEALPHAMC,Samvitti Capital Private Limited,,476.51,50,,6.24,32.64,14.67,9.57,0.86,25.39,32.48,24.24,26.99,,,,2026-06-30,APMI monthly report Jun 2026,,pmsStrategy-samvitti-capital-private-limited-activealphamc
Advisory Services,Samvitti Capital Private Limited,,167.89,50,,1.98,12.81,1.84,2.57,6.06,17.54,18.39,15.18,15.7,,,,2026-06-30,APMI monthly report Jun 2026,,pmsStrategy-samvitti-capital-private-limited-advisory-services
NDPMS,Samvitti Capital Private Limited,,92.62,50,,3.11,19.71,3.91,2.29,5.25,14,15.99,12.47,12.46,,,,2026-06-30,APMI monthly report Jun 2026,,pmsStrategy-samvitti-capital-private-limited-ndpms
PMSAGGRESSIVE,Samvitti Capital Private Limited,,425.68,50,,6.4,33.53,14.78,10.15,0.01,21.77,23.82,16.69,13.76,,,,2026-06-30,APMI monthly report Jun 2026,,pmsStrategy-samvitti-capital-private-limited-pmsaggressive
PMSLONG,Samvitti Capital Private Limited,,243.76,50,,2.77,25.89,15.91,14.68,10,16.22,20.26,15.82,16,,,,2026-06-30,APMI monthly report Jun 2026,,pmsStrategy-samvitti-capital-private-limited-pmslong
Non Discretionary Portfolio - Aggressive,Sanctum Wealth Private Limited,,36.4,50,,1.78,12.57,-2.29,-1.13,1.33,9.4,10.4,6.5,9.25,,,,2026-06-30,APMI monthly report Jun 2026,,pmsStrategy-sanctum-wealth-private-limited-non-discretionary-portfolio-aggressive
Non Discretionary Portfolio - Balanced,Sanctum Wealth Private Limited,Hybrid,9.97,50,,1.49,1.49,1.49,1.49,0.74,0.49,,,0.4,,,,2026-06-30,APMI monthly report Jun 2026,,pmsStrategy-sanctum-wealth-private-limited-non-discretionary-portfolio-balanced
Non Discretionary Portfolio - Conservative,Sanctum Wealth Private Limited,Hybrid,,50,,0,0,0,0,0,0,,,1.19,,,,2026-06-30,APMI monthly report Jun 2026,,pmsStrategy-sanctum-wealth-private-limited-non-discretionary-portfolio-conservative
Sanctum FinEdge,Sanctum Wealth Private Limited,,,50,,0,0,0,0,0,1.27,8.43,,3.14,,,,2026-06-30,APMI monthly report Jun 2026,,pmsStrategy-sanctum-wealth-private-limited-sanctum-finedge
Sanctum Global Allocator,Sanctum Wealth Private Limited,,1.35,50,,-2.56,13.19,16.09,36.89,25.49,20.7,18.3,9.89,13.07,,,,2026-06-30,APMI monthly report Jun 2026,,pmsStrategy-sanctum-wealth-private-limited-sanctum-global-allocator
Sanctum Indian Olympians,Sanctum Wealth Private Limited,,63.93,50,,2.61,12.93,-1.89,-0.26,3.62,8.75,11.84,8.69,10.74,,,,2026-06-30,APMI monthly report Jun 2026,,pmsStrategy-sanctum-wealth-private-limited-sanctum-indian-olympians
Sanctum Indian Titans,Sanctum Wealth Private Limited,,147.56,50,,3.9,18.14,0.08,-2.42,1.15,8.4,11.79,9.79,12.54,,,,2026-06-30,APMI monthly report Jun 2026,,pmsStrategy-sanctum-wealth-private-limited-sanctum-indian-titans
Sanctum Liquid Management,Sanctum Wealth Private Limited,Hybrid,6.46,50,,0.36,28.3,29.36,31.8,19.97,14.91,12.3,10.45,9.73,,,,2026-06-30,APMI monthly report Jun 2026,,pmsStrategy-sanctum-wealth-private-limited-sanctum-liquid-management
Sanctum Multi Asset Portfolios - Enhancement,Sanctum Wealth Private Limited,Hybrid,10.11,50,,-0.07,4.54,0.99,10.5,11.21,15.48,,,13.79,,,,2026-06-30,APMI monthly report Jun 2026,,pmsStrategy-sanctum-wealth-private-limited-sanctum-multi-asset-portfolios-enhancement
Sanctum Multi Asset Portfolios - Generation Plus,Sanctum Wealth Private Limited,Hybrid,18.86,50,,2.48,10.82,-2.99,,,,,,-1.5,,,,2026-06-30,APMI monthly report Jun 2026,,pmsStrategy-sanctum-wealth-private-limited-sanctum-multi-asset-portfolios-generation-plus
Sanctum Multi Asset Portfolios -Generation,Sanctum Wealth Private Limited,Hybrid,71.31,50,,-0.29,7.29,0.31,8.68,10.15,17.79,18.9,,14.96,,,,2026-06-30,APMI monthly report Jun 2026,,pmsStrategy-sanctum-wealth-private-limited-sanctum-multi-asset-portfolios-generation
Sanctum Multi Asset Portfolios -Shield,Sanctum Wealth Private Limited,Hybrid,18.1,50,,-0.33,2.58,1.95,9.38,10.33,11.88,11.05,,9.44,,,,2026-06-30,APMI monthly report Jun 2026,,pmsStrategy-sanctum-wealth-private-limited-sanctum-multi-asset-portfolios-shield
Sanctum Thematic Strategies - Sanctum Select Series 1,Sanctum Wealth Private Limited,,3.91,50,,9.39,15.92,3.08,,,,,,-2.7,,,,2026-06-30,APMI monthly report Jun 2026,,pmsStrategy-sanctum-wealth-private-limited-sanctum-thematic-strategies-sanctum-select-series-1
Tailored Discretionary Portfolio - Aggressive,Sanctum Wealth Private Limited,,108.69,50,,3.08,17.38,1.12,-0.91,0.72,10.32,13.58,10.03,10.54,,,,2026-06-30,APMI monthly report Jun 2026,,pmsStrategy-sanctum-wealth-private-limited-tailored-discretionary-portfolio-aggressive
Tailored Discretionary Portfolio - Balanced,Sanctum Wealth Private Limited,Hybrid,9.23,50,,-0.66,4.63,0.5,9.38,8.43,5.54,7.19,6.89,9.12,,,,2026-06-30,APMI monthly report Jun 2026,,pmsStrategy-sanctum-wealth-private-limited-tailored-discretionary-portfolio-balanced
SAVVY DEFAULT,Savvy Capital Advisors Llp,,875.31,50,,11.26,48.73,19.26,0.87,0.09,20.44,27.46,23.05,24.07,,,,2026-06-30,APMI monthly report Jun 2026,,pmsStrategy-savvy-capital-advisors-llp-savvy-default
Aquila PMS,Scient Capital Pvt Ltd,Hybrid,14.26,50,,1.25,14.47,-0.57,0.25,3.63,6.76,6.43,4.9,5.37,,,,2026-06-30,APMI monthly report Jun 2026,,pmsStrategy-scient-capital-pvt-ltd-aquila-pms
Aries PMS,Scient Capital Pvt Ltd,Hybrid,4.92,50,,0.29,-5.34,4.87,11.05,6.97,6.76,4.11,4.3,6.14,,,,2026-06-30,APMI monthly report Jun 2026,,pmsStrategy-scient-capital-pvt-ltd-aries-pms
Scient Smart Beta PMS,Scient Capital Pvt Ltd,,3.46,50,,-0.08,-0.25,-0.48,-1.23,-5.6,-7.18,,,-0.1,,,,2026-06-30,APMI monthly report Jun 2026,,pmsStrategy-scient-capital-pvt-ltd-scient-smart-beta-pms
SiMPL Multi Cap Value Portfolio,Securities Investment Management Private Limited,,1467.99,50,,5.38,19.29,1.71,-0.81,6.18,16.87,18.73,15.58,18.55,,,,2026-06-30,APMI monthly report Jun 2026,,pmsStrategy-securities-investment-management-private-limited-simpl-multi-cap-value-portfolio
SiMPL Small Cap Value Portfolio,Securities Investment Management Private Limited,,132.6,50,,5.36,25.66,11.28,12.63,13.96,18.69,,,21.76,,,,2026-06-30,APMI monthly report Jun 2026,,pmsStrategy-securities-investment-management-private-limited-simpl-small-cap-value-portfolio
SEERS DECADE OF INDIA,Seers Fund Management Pvt. Ltd.,,41.39,50,,8.29,37.74,14.28,17.35,,,,,6.91,,,,2026-06-30,APMI monthly report Jun 2026,,pmsStrategy-seers-fund-management-pvt-ltd-seers-decade-of-india
SEERS ENDURING PORTFOLIO,Seers Fund Management Pvt. Ltd.,,406.21,50,,8.91,39,11.67,7.55,1.19,27.36,31.83,30.58,22.29,,,,2026-06-30,APMI monthly report Jun 2026,,pmsStrategy-seers-fund-management-pvt-ltd-seers-enduring-portfolio
SHADE VALUE FUND,Shade Capital Private Limited,,87.78,50,,6.87,31.73,8.53,14.31,9.55,24.27,22.98,14.05,17.5,,,,2026-06-30,APMI monthly report Jun 2026,,pmsStrategy-shade-capital-private-limited-shade-value-fund
Diversified equity,Sharekhan Limited,,4.76,50,,1.22,10.62,-1.12,-1.96,-2.27,9.57,12.64,9.22,-4.02,,,,2026-06-30,APMI monthly report Jun 2026,,pmsStrategy-sharekhan-limited-diversified-equity
PRIME PICKS,Sharekhan Limited,,265.53,50,,1.6,9.75,-5.09,-7.38,-4.39,9.09,13.46,8.98,10.03,,,,2026-06-30,APMI monthly report Jun 2026,,pmsStrategy-sharekhan-limited-prime-picks
Shree Dynamic Plan,Shree Rama Managers Llp,Hybrid,10.95,50,,1.82,6.9,-4.27,-4.21,-0.62,5.9,,,8.35,,,,2026-06-30,APMI monthly report Jun 2026,,pmsStrategy-shree-rama-managers-llp-shree-dynamic-plan
Shree Lakshmi Plan,Shree Rama Managers Llp,,136.22,50,,5.56,20.56,1.08,3.51,-3.68,11.26,14.52,,13.11,,,,2026-06-30,APMI monthly report Jun 2026,,pmsStrategy-shree-rama-managers-llp-shree-lakshmi-plan
Shree Microcap & SME Plan,Shree Rama Managers Llp,,2,50,,,,,,,,,,0.21,,,,2026-06-30,APMI monthly report Jun 2026,,pmsStrategy-shree-rama-managers-llp-shree-microcap-sme-plan
Shree Non Discretionary PMS,Shree Rama Managers Llp,Hybrid,1.6,50,,-1.6,13.56,4.86,0.12,4.12,,,,3.79,,,,2026-06-30,APMI monthly report Jun 2026,,pmsStrategy-shree-rama-managers-llp-shree-non-discretionary-pms
Shree STP,Shree Rama Managers Llp,Hybrid,0.3,50,,0.11,0.81,1.61,2.93,3.61,4.4,4.73,,4.71,,,,2026-06-30,APMI monthly report Jun 2026,,pmsStrategy-shree-rama-managers-llp-shree-stp
Shree Smart Cash Flow Plan (InvIT & REIT),Shree Rama Managers Llp,Hybrid,0.51,50,,,,,,,,,,1.25,,,,2026-06-30,APMI monthly report Jun 2026,,pmsStrategy-shree-rama-managers-llp-shree-smart-cash-flow-plan-invit-reit
Shree Smart Market Plan,Shree Rama Managers Llp,,49.98,50,,0.69,12.93,-0.81,0.6,,,,,6.51,,,,2026-06-30,APMI monthly report Jun 2026,,pmsStrategy-shree-rama-managers-llp-shree-smart-market-plan
Shree Vriddhi,Shree Rama Managers Llp,,78.94,50,,7.46,21.32,10.59,5.03,-12.59,8.37,13.66,,11.54,,,,2026-06-30,APMI monthly report Jun 2026,,pmsStrategy-shree-rama-managers-llp-shree-vriddhi
Shree Wealth Builder Plan,Shree Rama Managers Llp,Hybrid,26.37,50,,1.11,11.76,-0.4,1.7,4.76,13.68,15.55,,12.04,,,,2026-06-30,APMI monthly report Jun 2026,,pmsStrategy-shree-rama-managers-llp-shree-wealth-builder-plan
Growth Enabled Mid & Smallcap,Shriram Asset Management Company Limited,,0.36,50,,0.31,11.7,5.19,20.21,,,,,31.62,,,,2026-06-30,APMI monthly report Jun 2026,,pmsStrategy-shriram-asset-management-company-limited-growth-enabled-mid-smallcap
Large & Emerging Alpha Portfolio Strategy,Shriram Asset Management Company Limited,,0.29,50,,-0.35,8.44,-1.82,7.25,,,,,12.54,,,,2026-06-30,APMI monthly report Jun 2026,,pmsStrategy-shriram-asset-management-company-limited-large-emerging-alpha-portfolio-strategy
Non-Discretionary PMS,Shriram Asset Management Company Limited,,89.97,50,,1.74,9.91,-1.37,-0.44,,,,,2.66,,,,2026-06-30,APMI monthly report Jun 2026,,pmsStrategy-shriram-asset-management-company-limited-non-discretionary-pms
SilverArch India Equity Portfolio,Silverarch Investment Advisers Private Limited,,49.64,50,,0.44,20.39,10.21,5.44,2.55,21.85,23.76,17.09,12.83,,,,2026-06-30,APMI monthly report Jun 2026,,pmsStrategy-silverarch-investment-advisers-private-limited-silverarch-india-equity-portfolio
SilverArch India Mid & Small Cap Equity Portfolio,Silverarch Investment Advisers Private Limited,,,50,,0,0,0,0,0.16,18.39,22.41,15.43,11.28,,,,2026-06-30,APMI monthly report Jun 2026,,pmsStrategy-silverarch-investment-advisers-private-limited-silverarch-india-mid-small-cap-equity-portfolio
Multicap Investment Approach,Sirius Advisors Private Limited,,5.38,50,,5.87,28.63,7.27,-0.97,1.53,10.37,16.44,10.7,14.85,,,,2026-06-30,APMI monthly report Jun 2026,,pmsStrategy-sirius-advisors-private-limited-multicap-investment-approach
EMERGING LEADERS,Solidarity Advisors Private Limited,,107.84,50,,12,52.28,35.5,14.34,13.41,15.16,,,15.63,,,,2026-06-30,APMI monthly report Jun 2026,,pmsStrategy-solidarity-advisors-private-limited-emerging-leaders
PRUDENCE,Solidarity Advisors Private Limited,,1750.54,50,,7.01,34.13,22.18,17.92,15.42,15.9,16.83,12.47,17.78,,,,2026-06-30,APMI monthly report Jun 2026,,pmsStrategy-solidarity-advisors-private-limited-prudence
Sowilo Multi Cap Fund,Sowilo Investment Managers LLP,,165.53,50,,4.44,26.9,8.63,6.05,7.14,19.95,,,20.44,,,,2026-06-30,APMI monthly report Jun 2026,,pmsStrategy-sowilo-investment-managers-llp-sowilo-multi-cap-fund
Sowilo Target Agressive Scheme,Sowilo Investment Managers LLP,,45.2,50,,5.13,26.74,8.54,1.06,3.89,17.78,,,17.92,,,,2026-06-30,APMI monthly report Jun 2026,,pmsStrategy-sowilo-investment-managers-llp-sowilo-target-agressive-scheme
SPARK INDIA 75 ACTIVE ALPHA STRATEGY,Spark Asia Impact Managers Private Limited,,207.88,50,,-0.79,5.65,-6.37,-4.2,-1.52,,,,9.91,,,,2026-06-30,APMI monthly report Jun 2026,,pmsStrategy-spark-asia-impact-managers-private-limited-spark-india-75-active-alpha-strategy
SPARK INDIA@75 CORE AND SATELLITE STRATEGY,Spark Asia Impact Managers Private Limited,,310.83,50,,-1.16,5.88,-6.64,-6.11,-2.32,13.08,17.91,13.51,17.21,,,,2026-06-30,APMI monthly report Jun 2026,,pmsStrategy-spark-asia-impact-managers-private-limited-spark-india-75-core-and-satellite-strategy
SPARK INDIA@75 FLEXICAP STRATEGY,Spark Asia Impact Managers Private Limited,,463.66,50,,-0.03,6.54,-5.51,-4.15,0.4,14.78,18.71,14.37,15.21,,,,2026-06-30,APMI monthly report Jun 2026,,pmsStrategy-spark-asia-impact-managers-private-limited-spark-india-75-flexicap-strategy
SPARK ADAPTIVE ALPHA,Spark PWM Private Limited (Spark Family Office And Investment Advisors (India) Private Limited),,1.98,50,,,,,,,,,,-0.79,,,,2026-06-30,APMI monthly report Jun 2026,,pmsStrategy-spark-pwm-private-limited-spark-family-o-spark-adaptive-alpha-eced69fa
Spark Absolute Return Portfolio (ARP),Spark PWM Private Limited (Spark Family Office And Investment Advisors (India) Private Limited),,95.21,50,,6.06,34.03,14.41,11.59,3.15,,,,12.11,,,,2026-06-30,APMI monthly report Jun 2026,,pmsStrategy-spark-pwm-private-limited-spark-family-o-spark-absolute-return-portfolio-arp-340668fd
Spark All Seasons Portfolio,Spark PWM Private Limited (Spark Family Office And Investment Advisors (India) Private Limited),Hybrid,61.88,50,,0.01,12.09,3.09,14.13,8.86,14.22,14.59,,14.27,,,,2026-06-30,APMI monthly report Jun 2026,,pmsStrategy-spark-pwm-private-limited-spark-family-o-spark-all-seasons-portfolio-eae97fa8
Spark Bespoke Investment Ideas,Spark PWM Private Limited (Spark Family Office And Investment Advisors (India) Private Limited),,927.28,50,,3.36,28.13,17.24,11.3,6,,,,15.65,,,,2026-06-30,APMI monthly report Jun 2026,,pmsStrategy-spark-pwm-private-limited-spark-family-o-spark-bespoke-investment-ideas-c72ea57c
Spark GEMS,Spark PWM Private Limited (Spark Family Office And Investment Advisors (India) Private Limited),,113.73,50,,4.68,23.45,9.21,4.98,1.85,,,,11.1,,,,2026-06-30,APMI monthly report Jun 2026,,pmsStrategy-spark-pwm-private-limited-spark-family-o-spark-gems-fd56e226
Spark HCI (High Conviction Ideas) Portfolio,Spark PWM Private Limited (Spark Family Office And Investment Advisors (India) Private Limited),,102.13,50,,3.86,19.18,4.52,6.16,2.09,12.17,,,9.49,,,,2026-06-30,APMI monthly report Jun 2026,,pmsStrategy-spark-pwm-private-limited-spark-family-o-spark-hci-high-conviction-ideas-portfolio-53697551
Spark LIFE (Large-Cap India Focussed Equities) Portfolio,Spark PWM Private Limited (Spark Family Office And Investment Advisors (India) Private Limited),,0.88,50,,0.49,6.79,-1.39,4.38,0.23,10.9,,,13.76,,,,2026-06-30,APMI monthly report Jun 2026,,pmsStrategy-spark-pwm-private-limited-spark-family-o-spark-life-large-cap-india-focussed-equities-portf-a024d038
Spark Multi-Asset Class Portfolio (MAP),Spark PWM Private Limited (Spark Family Office And Investment Advisors (India) Private Limited),Hybrid,552.96,50,,2.04,13.46,1.62,5.55,4.21,12.67,,,12.09,,,,2026-06-30,APMI monthly report Jun 2026,,pmsStrategy-spark-pwm-private-limited-spark-family-office-and-investment-advisors-india-private-limited-spar
STALLION ASSET CORE FUND,Stallion Asset Private Limited,Multicap,8102.31,50,,2.52,29.76,10.84,12.43,17.11,36.27,35.73,24.63,28.1,,,,2026-06-30,APMI monthly report Jun 2026,,pmsStrategy-stallion-asset-private-limited-stallion-asset-core-fund
STALLION ASSET LIQUID FUND,Stallion Asset Private Limited,Hybrid,12.83,50,,0.38,0.97,2.07,4.36,4.66,4.76,4.91,,4.64,,,,2026-06-30,APMI monthly report Jun 2026,,pmsStrategy-stallion-asset-private-limited-stallion-asset-liquid-fund
WEALTH GUARDIAN FUND,Stalwart Investment Advisors Llp,,199.15,50,,1.66,27.71,4.08,-0.06,0.25,13.12,,,16.33,,,,2026-06-30,APMI monthly report Jun 2026,,pmsStrategy-stalwart-investment-advisors-llp-wealth-guardian-fund
Growth Plan (TWRR Unitised),Standard Chartered Securities (India) Ltd,,662,50,,0.53,11.4,-2.25,-2.72,2.82,13.13,15.5,11.39,8.21,,,,2026-06-30,APMI monthly report Jun 2026,,pmsStrategy-standard-chartered-securities-india-ltd-growth-plan-twrr-unitised
ECLECTIC STRATEGY,Steadfort Investment Managers LLP,,94.48,50,,2.14,14.96,,,,,,,9.34,,,,2026-06-30,APMI monthly report Jun 2026,,pmsStrategy-steadfort-investment-managers-llp-eclectic-strategy
ALPHA,Sundaram Alternate Assets Limited,,0.43,50,,1.48,10.61,-1.72,-12.7,-6.81,5.2,7.09,3.91,8.3,,,,2026-06-30,APMI monthly report Jun 2026,,pmsStrategy-sundaram-alternate-assets-limited-alpha
FIRST AGGRESSIVE,Sundaram Alternate Assets Limited,Hybrid,70.96,50,,1.11,2.47,4.38,9.09,10.33,,,,10.63,,,,2026-06-30,APMI monthly report Jun 2026,,pmsStrategy-sundaram-alternate-assets-limited-first-aggressive
FIRST BESPOKE,Sundaram Alternate Assets Limited,Hybrid,367.24,50,,1.64,3.08,4.89,10.1,10.6,,,,10.82,,,,2026-06-30,APMI monthly report Jun 2026,,pmsStrategy-sundaram-alternate-assets-limited-first-bespoke
FIRST CONSERVATIVE,Sundaram Alternate Assets Limited,Hybrid,13.55,50,,1.26,2.44,3.86,8.22,0,,,,8.97,,,,2026-06-30,APMI monthly report Jun 2026,,pmsStrategy-sundaram-alternate-assets-limited-first-conservative
FIRST MODERATE,Sundaram Alternate Assets Limited,Hybrid,88.19,50,,1.14,2.49,4.15,8.94,9.84,,,,9.81,,,,2026-06-30,APMI monthly report Jun 2026,,pmsStrategy-sundaram-alternate-assets-limited-first-moderate
LIQUID FUND PORTFOLIO,Sundaram Alternate Assets Limited,Hybrid,45.51,50,,0.41,1.27,1.74,4.41,5.3,5.65,5.73,5.4,4.29,,,,2026-06-30,APMI monthly report Jun 2026,,pmsStrategy-sundaram-alternate-assets-limited-liquid-fund-portfolio
QUANT,Sundaram Alternate Assets Limited,,56.32,50,,1.41,8.79,-1.58,2.44,2.41,8.52,10.81,9.09,8.64,,,,2026-06-30,APMI monthly report Jun 2026,,pmsStrategy-sundaram-alternate-assets-limited-quant
RISING STAR,Sundaram Alternate Assets Limited,,121.01,50,,3.65,33.92,31.03,37.1,19.85,17.88,19.74,16.8,15.3,,,,2026-06-30,APMI monthly report Jun 2026,,pmsStrategy-sundaram-alternate-assets-limited-rising-star
S.E.L.F,Sundaram Alternate Assets Limited,,1027.23,50,,1.9,34.81,27.4,32.45,21.24,23.32,22.93,17.42,18.36,,,,2026-06-30,APMI monthly report Jun 2026,,pmsStrategy-sundaram-alternate-assets-limited-s-e-l-f
S.I.T.P,Sundaram Alternate Assets Limited,,10.68,50,,2.57,35.7,24.91,29.39,21.37,,,,25.04,,,,2026-06-30,APMI monthly report Jun 2026,,pmsStrategy-sundaram-alternate-assets-limited-s-i-t-p
SISOP,Sundaram Alternate Assets Limited,Multicap,1864.55,50,,2.38,34.15,23.82,30.8,23.53,24.93,24.73,18.46,18.94,,,,2026-06-30,APMI monthly report Jun 2026,,pmsStrategy-sundaram-alternate-assets-limited-sisop
SUNIOP,Sundaram Alternate Assets Limited,,0.46,50,,3.12,8.18,-6.97,-6.44,-1.08,2.66,6.97,6.04,7.93,,,,2026-06-30,APMI monthly report Jun 2026,,pmsStrategy-sundaram-alternate-assets-limited-suniop
Sundaram Voyager Global Portfolio,Sundaram Alternate Assets Limited,,245.06,50,,3.17,35,25.1,28.46,20.61,22.41,22.05,16.49,20.06,,,,2026-06-30,APMI monthly report Jun 2026,,pmsStrategy-sundaram-alternate-assets-limited-sundaram-voyager-global-portfolio
VOYAGER,Sundaram Alternate Assets Limited,,218.29,50,,3.46,34.96,24.03,27.04,21.16,24.26,23.48,18.51,15.75,,,,2026-06-30,APMI monthly report Jun 2026,,pmsStrategy-sundaram-alternate-assets-limited-voyager
SVAN INVESTMENT MANAGERS LLP - VELOCITY,Svan Investment Managers LLP,,384.88,50,,7.52,29.3,7.74,2.95,8.91,,,,23.73,,,,2026-06-30,APMI monthly report Jun 2026,,pmsStrategy-svan-investment-managers-llp-svan-investment-managers-llp-velocity
Ad Astra Fund,Svobodha Infinity Investment Advisors Private Ltd,,23.17,50,,5.55,21,-0.64,-7.55,4.22,,,,7.32,,,,2026-06-30,APMI monthly report Jun 2026,,pmsStrategy-svobodha-infinity-investment-advisors-private-ltd-ad-astra-fund
Concentrated Portfolio Approach,Swyom Advisors Limited,,,50,,0,0,-0.43,-6.21,,,,,-2.18,,,,2026-06-30,APMI monthly report Jun 2026,,pmsStrategy-swyom-advisors-limited-concentrated-portfolio-approach
PlantRich Heritage Value PMS,Sykes And Ray Equities India Limited,,3.34,50,,0.13,0.16,,,,,,,-0.27,,,,2026-06-30,APMI monthly report Jun 2026,,pmsStrategy-sykes-and-ray-equities-india-limited-plantrich-heritage-value-pms
Plantrich Alpha Edge VALUE PMS,Sykes And Ray Equities India Limited,,1.01,50,,2.55,,,,,,,,-0.13,,,,2026-06-30,APMI monthly report Jun 2026,,pmsStrategy-sykes-and-ray-equities-india-limited-plantrich-alpha-edge-value-pms
SRE Finansys Quant Momentum PMS,Sykes And Ray Equities India Limited,,2.69,50,,7.17,7.84,,,,,,,8.07,,,,2026-06-30,APMI monthly report Jun 2026,,pmsStrategy-sykes-and-ray-equities-india-limited-sre-finansys-quant-momentum-pms
SRE Inflection Idea,Sykes And Ray Equities India Limited,,9.11,50,,4.64,19.83,1.78,-0.72,-0.7,,,,8.16,,,,2026-06-30,APMI monthly report Jun 2026,,pmsStrategy-sykes-and-ray-equities-india-limited-sre-inflection-idea
SRE Large & Mid Momentum PMS,Sykes And Ray Equities India Limited,,52.17,50,,5.91,29.58,19.38,17.26,12.5,,,,25.34,,,,2026-06-30,APMI monthly report Jun 2026,,pmsStrategy-sykes-and-ray-equities-india-limited-sre-large-mid-momentum-pms
SRE PE SHIELD,Sykes And Ray Equities India Limited,,32.94,50,,1.01,14.09,-0.61,0.03,-0.32,8.97,11.17,8.43,13.23,,,,2026-06-30,APMI monthly report Jun 2026,,pmsStrategy-sykes-and-ray-equities-india-limited-sre-pe-shield
SRE PLOUTOS FUND,Sykes And Ray Equities India Limited,,1.91,50,,4.18,20.94,0.7,,,,,,-1.6,,,,2026-06-30,APMI monthly report Jun 2026,,pmsStrategy-sykes-and-ray-equities-india-limited-sre-ploutos-fund
SRE Small Cap Momentum PMS,Sykes And Ray Equities India Limited,,,50,,-0.86,5.21,-5.51,-13.55,-12.96,,,,0.65,,,,2026-06-30,APMI monthly report Jun 2026,,pmsStrategy-sykes-and-ray-equities-india-limited-sre-small-cap-momentum-pms
Sykes & Ray Equities(I) Ltd-Ignited Idea,Sykes And Ray Equities India Limited,,21.8,50,,5.9,23.26,6.62,10.48,5.42,26.35,27.7,19.32,13.55,,,,2026-06-30,APMI monthly report Jun 2026,,pmsStrategy-sykes-and-ray-equities-india-limited-sykes-ray-equities-i-ltd-ignited-idea
DYNAMIC INVESTMENT APPROACH,Systematix Shares & Stocks (India) Limited,,149.96,50,,5.08,24.44,13,12,10.63,23.88,27.31,20.82,11.34,,,,2026-06-30,APMI monthly report Jun 2026,,pmsStrategy-systematix-shares-stocks-india-limited-dynamic-investment-approach
DYNAMIC NDPMS PORTFOLIO,Systematix Shares & Stocks (India) Limited,,37.28,50,,-0.8,28.11,8.76,1.81,1.87,18.12,18.21,11.71,12.24,,,,2026-06-30,APMI monthly report Jun 2026,,pmsStrategy-systematix-shares-stocks-india-limited-dynamic-ndpms-portfolio
BLUECHIP,T Ram Financial Services Private Limited,,273.21,50,,0.79,7.03,-10.61,-8.77,-3,5.92,9.67,6.86,8.68,,,,2026-06-30,APMI monthly report Jun 2026,,pmsStrategy-t-ram-financial-services-private-limited-bluechip
Taurus 360 - Bond Fund (T360-BF),TAURUS TREASURY MANAGEMENT SERVICES PRIVATE LIMITED,Hybrid,15.07,50,,,,,,,,,,0.46,,,,2026-06-30,APMI monthly report Jun 2026,,pmsStrategy-taurus-treasury-management-services-private-limited-taurus-360-bond-fund-t360-bf
Taurus 360 Balanced Credit Fund (T360-BCF),TAURUS TREASURY MANAGEMENT SERVICES PRIVATE LIMITED,Hybrid,10.14,50,,,,,,,,,,1.43,,,,2026-06-30,APMI monthly report Jun 2026,,pmsStrategy-taurus-treasury-management-services-private-limited-taurus-360-balanced-credit-fund-t360-bcf
TCG ADVISORY SERVICES PVT LTD FUND 1,TCG Advisory Services Private Limited,,5.58,50,,3.75,17.64,-2.86,-5.81,-6.17,11.68,13.51,8.14,12.08,,,,2026-06-30,APMI monthly report Jun 2026,,pmsStrategy-tcg-advisory-services-private-limited-tcg-advisory-services-pvt-ltd-fund-1
TCG All Cap Opportunities Portfolio,TCG Advisory Services Private Limited,,5.49,50,,1.96,14.11,-3.14,,,,,,-1.45,,,,2026-06-30,APMI monthly report Jun 2026,,pmsStrategy-tcg-advisory-services-private-limited-tcg-all-cap-opportunities-portfolio
TCG India Investment Opportunities Portfolio,TCG Advisory Services Private Limited,,2.45,50,,4.34,28.81,23.32,19.8,,,,,15.34,,,,2026-06-30,APMI monthly report Jun 2026,,pmsStrategy-tcg-advisory-services-private-limited-tcg-india-investment-opportunities-portfolio
TCG Liquid Portfolio,TCG Advisory Services Private Limited,Hybrid,3.85,50,,0.23,0.9,1.62,4.08,,,,,5.11,,,,2026-06-30,APMI monthly report Jun 2026,,pmsStrategy-tcg-advisory-services-private-limited-tcg-liquid-portfolio
TCG Transformative Growth Portfolio,TCG Advisory Services Private Limited,,161.71,50,,5.36,25.19,-0.38,-4.39,,,,,0.18,,,,2026-06-30,APMI monthly report Jun 2026,,pmsStrategy-tcg-advisory-services-private-limited-tcg-transformative-growth-portfolio
THINQWISE BESPOKE PORTFOLIO,THINQWISE WEALTH MANAGERS LLP,,0.66,50,,6.4,19.72,0.71,,,,,,0.67,,,,2026-06-30,APMI monthly report Jun 2026,,pmsStrategy-thinqwise-wealth-managers-llp-thinqwise-bespoke-portfolio
THINQWISE INDIA LONG TERM FUND,THINQWISE WEALTH MANAGERS LLP,,45.48,50,,10.3,25.95,3.93,-0.65,3.13,10.21,,,10.66,,,,2026-06-30,APMI monthly report Jun 2026,,pmsStrategy-thinqwise-wealth-managers-llp-thinqwise-india-long-term-fund
Dynamic gems,TRADESWIFT BROKING PRIVATE LIMITED,Hybrid,47.46,50,,5.39,23.31,5.48,-0.43,3.91,,,,11.61,,,,2026-06-30,APMI monthly report Jun 2026,,pmsStrategy-tradeswift-broking-private-limited-dynamic-gems
Sparkling Gems,TRADESWIFT BROKING PRIVATE LIMITED,,13.48,50,,11.16,37.77,20.47,,,,,,15.78,,,,2026-06-30,APMI monthly report Jun 2026,,pmsStrategy-tradeswift-broking-private-limited-sparkling-gems
Tailwind Alpha Edge PMS,Tailwind Financial Services Private Limited,,51.34,50,,1.39,14.05,-0.89,-1.34,,,,,-3.52,,,,2026-06-30,APMI monthly report Jun 2026,,pmsStrategy-tailwind-financial-services-private-limited-tailwind-alpha-edge-pms
Tailwind Capital Shield PMS,Tailwind Financial Services Private Limited,Hybrid,0.39,50,,2.1,6.87,5.45,,,,,,20.95,,,,2026-06-30,APMI monthly report Jun 2026,,pmsStrategy-tailwind-financial-services-private-limited-tailwind-capital-shield-pms
Tailwind Capital Surge PMS,Tailwind Financial Services Private Limited,Hybrid,6.99,50,,2.29,13.07,0.42,,,,,,1.51,,,,2026-06-30,APMI monthly report Jun 2026,,pmsStrategy-tailwind-financial-services-private-limited-tailwind-capital-surge-pms
SAPIENT TAMOHARA MULTI ASSET STRATEGY,Tamohara Investment Managers Pvt Ltd,Hybrid,17.56,50,,1.61,11.37,-2.18,2.53,3.93,10.91,12.27,10.21,7.29,,,,2026-06-30,APMI monthly report Jun 2026,,pmsStrategy-tamohara-investment-managers-pvt-ltd-sapient-tamohara-multi-asset-strategy
TAMOHARA FAMILY OFFICE SERIES VI,Tamohara Investment Managers Pvt Ltd,,,50,,0,0,0,0,-9.56,-1.19,5.31,2.92,2.16,,,,2026-06-30,APMI monthly report Jun 2026,,pmsStrategy-tamohara-investment-managers-pvt-ltd-tamohara-family-office-series-vi
TAMOHARA INDIA OPPORTUNITIES STRATEGY,Tamohara Investment Managers Pvt Ltd,,24.14,50,,5.7,23.79,6.03,3.14,1.16,6.92,11.31,8.94,10.24,,,,2026-06-30,APMI monthly report Jun 2026,,pmsStrategy-tamohara-investment-managers-pvt-ltd-tamohara-india-opportunities-strategy
TAMOHARA INVESTMENT MANAGERS PVT LTD -JRL - TAMOHARA RISING 20-20 STRATEGY,Tamohara Investment Managers Pvt Ltd,,1.14,50,,8.04,29.75,10.55,9.46,5.07,12.79,15.46,11.33,13.95,,,,2026-06-30,APMI monthly report Jun 2026,,pmsStrategy-tamohara-investment-managers-pvt-ltd-tamohara-investment-managers-pvt-ltd-jrl-tamohara-rising-20
TAMOHARA LONG TERM EQUITY STRATEGY,Tamohara Investment Managers Pvt Ltd,,26.48,50,,7.32,29.08,9.82,11.22,5.3,10.46,13.15,9.88,10.98,,,,2026-06-30,APMI monthly report Jun 2026,,pmsStrategy-tamohara-investment-managers-pvt-ltd-tamohara-long-term-equity-strategy
TAMOHARA MULTI ASSET STRATEGY,Tamohara Investment Managers Pvt Ltd,Hybrid,140.86,50,,1.42,9.12,-4.53,2.57,6.24,8.29,9.65,8.91,9.91,,,,2026-06-30,APMI monthly report Jun 2026,,pmsStrategy-tamohara-investment-managers-pvt-ltd-tamohara-multi-asset-strategy
TAMOHARA NXT MULTICAP STRATEGY,Tamohara Investment Managers Pvt Ltd,,6.71,50,,5.93,24.4,7.51,1.85,0.87,7.28,12.41,9.77,10.68,,,,2026-06-30,APMI monthly report Jun 2026,,pmsStrategy-tamohara-investment-managers-pvt-ltd-tamohara-nxt-multicap-strategy
TAMOHARA Q STRATEGY,Tamohara Investment Managers Pvt Ltd,,9.63,50,,2.52,17.54,5.31,2.17,-1.55,9.7,11.23,,10.65,,,,2026-06-30,APMI monthly report Jun 2026,,pmsStrategy-tamohara-investment-managers-pvt-ltd-tamohara-q-strategy
TAMOHARA TRADE MULTI ASSET STRATEGY,Tamohara Investment Managers Pvt Ltd,Hybrid,0.63,50,,-2.13,3.69,-13.71,,,,,,-13.65,,,,2026-06-30,APMI monthly report Jun 2026,,pmsStrategy-tamohara-investment-managers-pvt-ltd-tamohara-trade-multi-asset-strategy
TAMOHARA TRADE SANCHAY STRATEGY,Tamohara Investment Managers Pvt Ltd,,33.75,50,,3.63,9.31,-5.33,-1.89,4.74,12.62,11.14,6.61,7.35,,,,2026-06-30,APMI monthly report Jun 2026,,pmsStrategy-tamohara-investment-managers-pvt-ltd-tamohara-trade-sanchay-strategy
TAMOHARA TRUFFLE STRATEGY,Tamohara Investment Managers Pvt Ltd,,199.4,50,,7.66,29.89,14.49,17.78,13.14,19.4,21.48,15.07,18.98,,,,2026-06-30,APMI monthly report Jun 2026,,pmsStrategy-tamohara-investment-managers-pvt-ltd-tamohara-truffle-strategy
Tamohara VIP Strategy,Tamohara Investment Managers Pvt Ltd,,8.06,50,,5.64,25.54,9.71,,,,,,6.54,,,,2026-06-30,APMI monthly report Jun 2026,,pmsStrategy-tamohara-investment-managers-pvt-ltd-tamohara-vip-strategy
TATA PMS - RETIREMENT FUND,Tata Asset Management Private Limited,Hybrid,3650.3,50,,2.24,3.58,1.91,4.27,7.17,7.86,8.39,,7.13,,,,2026-06-30,APMI monthly report Jun 2026,,pmsStrategy-tata-asset-management-private-limited-tata-pms-retirement-fund
Tata PMS ACT Investment Approach,Tata Asset Management Private Limited,,1.31,50,,-0.31,7.6,-2.83,-7.02,-2.03,7.38,12.63,9.81,11.57,,,,2026-06-30,APMI monthly report Jun 2026,,pmsStrategy-tata-asset-management-private-limited-tata-pms-act-investment-approach
Tata PMS Enterprising India Plus Investment Approach,Tata Asset Management Private Limited,,0.67,50,,-3.84,3.25,-3.91,-0.31,4.18,11.02,13.54,10.46,10.83,,,,2026-06-30,APMI monthly report Jun 2026,,pmsStrategy-tata-asset-management-private-limited-tata-pms-enterprising-india-plus-investment-approach
Investment in Direct Schemes of Mutual Funds,The Hongkong And Shanghai Banking Corporation Limited,Hybrid,821.63,50,,1.71,5.62,1.1,4.36,,,,,17.23,,,,2026-06-30,APMI monthly report Jun 2026,,pmsStrategy-the-hongkong-and-shanghai-banking-corporation-limited-investment-in-direct-schemes-of-mutual-fun
Investment in Direct plans of Mutual Funds,The Hongkong And Shanghai Banking Corporation Limited,Hybrid,821.63,50,,1.71,5.62,1.1,4.36,,,,,17.23,,,,2026-06-30,APMI monthly report Jun 2026,,pmsStrategy-the-hongkong-and-shanghai-banking-corporation-limited-investment-in-direct-plans-of-mutual-funds
Trilithon FlexiCap Strategy,Trilithon Partners LLP,,0.3,50,,,,,,,,,,-0.3,,,,2026-06-30,APMI monthly report Jun 2026,,pmsStrategy-trilithon-partners-llp-trilithon-flexicap-strategy
Trilithon High Conviction Strategy,Trilithon Partners LLP,,2.81,50,,,,,,,,,,4.7,,,,2026-06-30,APMI monthly report Jun 2026,,pmsStrategy-trilithon-partners-llp-trilithon-high-conviction-strategy
Customised Portfolio Approach 12,Trivantage Capital Management India Private Limited,,12.89,50,,0.94,14.07,5.58,-1.14,,,,,-3.21,,,,2026-06-30,APMI monthly report Jun 2026,,pmsStrategy-trivantage-capital-management-india-private-limited-customised-portfolio-approach-12
Customised Portfolio Approach 13,Trivantage Capital Management India Private Limited,,0.4,50,,-12.82,3.49,1.06,48.9,,,,,43.61,,,,2026-06-30,APMI monthly report Jun 2026,,pmsStrategy-trivantage-capital-management-india-private-limited-customised-portfolio-approach-13
Customised Portfolio Approach 14,Trivantage Capital Management India Private Limited,,0.4,50,,-13.36,-2.14,0.35,,,,,,84.98,,,,2026-06-30,APMI monthly report Jun 2026,,pmsStrategy-trivantage-capital-management-india-private-limited-customised-portfolio-approach-14
Customised Portfolio Approach 15,Trivantage Capital Management India Private Limited,,2.03,50,,-12.63,-2.59,1.31,,,,,,48.46,,,,2026-06-30,APMI monthly report Jun 2026,,pmsStrategy-trivantage-capital-management-india-private-limited-customised-portfolio-approach-15
Customised Portfolio Approach 16,Trivantage Capital Management India Private Limited,,4.43,50,,-12.63,-2.59,1.32,,,,,,42.91,,,,2026-06-30,APMI monthly report Jun 2026,,pmsStrategy-trivantage-capital-management-india-private-limited-customised-portfolio-approach-16
Customised Portfolio Approach 2,Trivantage Capital Management India Private Limited,Hybrid,7.81,50,,-2.48,0.35,2.93,14.19,12.32,11.13,9.96,8.39,7.24,,,,2026-06-30,APMI monthly report Jun 2026,,pmsStrategy-trivantage-capital-management-india-private-limited-customised-portfolio-approach-2
Customised Portfolio Approach 3,Trivantage Capital Management India Private Limited,Hybrid,0.14,50,,0.55,1.59,3.05,5.75,4.74,5.43,6.02,4.12,6.82,,,,2026-06-30,APMI monthly report Jun 2026,,pmsStrategy-trivantage-capital-management-india-private-limited-customised-portfolio-approach-3
Customised Portfolio Approach 6,Trivantage Capital Management India Private Limited,,2.75,50,,1.48,7.31,-5.69,-4.13,-0.3,11.87,,,14.07,,,,2026-06-30,APMI monthly report Jun 2026,,pmsStrategy-trivantage-capital-management-india-private-limited-customised-portfolio-approach-6
Trivantage Capital Diversified Equity Portfolio,Trivantage Capital Management India Private Limited,,5.83,50,,2.81,15.71,3.63,1.64,3.74,14.75,18.04,9.94,8.76,,,,2026-06-30,APMI monthly report Jun 2026,,pmsStrategy-trivantage-capital-management-india-private-limited-trivantage-capital-diversified-equity-portfo
Trivantage Capital Edge Portfolio,Trivantage Capital Management India Private Limited,,131.63,50,,2.67,16.01,4.54,2.75,4.5,14.98,18.34,13.47,18.42,,,,2026-06-30,APMI monthly report Jun 2026,,pmsStrategy-trivantage-capital-management-india-private-limited-trivantage-capital-edge-portfolio
Trivantage Capital Emerging Leaders Portfolio,Trivantage Capital Management India Private Limited,,31.31,50,,2.88,24.3,12.13,3.77,,,,,12.85,,,,2026-06-30,APMI monthly report Jun 2026,,pmsStrategy-trivantage-capital-management-india-private-limited-trivantage-capital-emerging-leaders-portfoli
Trivantage Capital Focussed Corporate Lenders Portfolio,Trivantage Capital Management India Private Limited,,2.49,50,,6.48,13.81,-1.02,1.59,2.02,6.82,12.11,8.66,6.86,,,,2026-06-30,APMI monthly report Jun 2026,,pmsStrategy-trivantage-capital-management-india-private-limited-trivantage-capital-focussed-corporate-lender
Trivantage Capital NDPMS Portfolio 1,Trivantage Capital Management India Private Limited,,2.97,50,,1.38,15.36,2,2.51,5,16.57,18.57,14.18,11.29,,,,2026-06-30,APMI monthly report Jun 2026,,pmsStrategy-trivantage-capital-management-india-private-limited-trivantage-capital-ndpms-portfolio-1
Trivantage Capital NDPMS Portfolio 2,Trivantage Capital Management India Private Limited,Hybrid,0.31,50,,-9.56,-4.19,4.64,42.59,36.08,31.39,26.24,22.39,13.66,,,,2026-06-30,APMI monthly report Jun 2026,,pmsStrategy-trivantage-capital-management-india-private-limited-trivantage-capital-ndpms-portfolio-2
Trivantage Capital Resurgent Financials Equity Portfolio,Trivantage Capital Management India Private Limited,,21.86,50,,3.73,15.04,-0.48,-1.25,4.86,8.65,13.36,9.01,11.9,,,,2026-06-30,APMI monthly report Jun 2026,,pmsStrategy-trivantage-capital-management-india-private-limited-trivantage-capital-resurgent-financials-equi
Trivantage Capital Resurgent Financials Equity Super Six Portfolio,Trivantage Capital Management India Private Limited,,1.04,50,,8.08,18.06,-0.72,-1.95,5.31,10.64,15.38,10.27,10.77,,,,2026-06-30,APMI monthly report Jun 2026,,pmsStrategy-trivantage-capital-management-india-priv-trivantage-capital-resurgent-financials-equity-sup-0b00f9e5
Trivantage Capital Select Diversified Equity Portfolio,Trivantage Capital Management India Private Limited,,3.11,50,,2.4,15.84,4.59,3.19,3.79,12.34,16.14,10.36,20.45,,,,2026-06-30,APMI monthly report Jun 2026,,pmsStrategy-trivantage-capital-management-india-private-limited-trivantage-capital-select-diversified-equity
Trivantage Capital Small & Mid Cap Financials Portfolio,Trivantage Capital Management India Private Limited,,31.29,50,,1.99,17.29,5.56,5.2,11.81,15.24,,,19.03,,,,2026-06-30,APMI monthly report Jun 2026,,pmsStrategy-trivantage-capital-management-india-private-limited-trivantage-capital-small-mid-cap-financials-
BESPOKEDebt,True Beacon Investment Advisors Llp,Hybrid,109.09,50,,-4.53,-0.23,1.71,18.92,16.57,14.88,,,13.1,,,,2026-06-30,APMI monthly report Jun 2026,,pmsStrategy-true-beacon-investment-advisors-llp-bespokedebt
BeSpokeEquity,True Beacon Investment Advisors Llp,,115.03,50,,4.86,17.06,1.85,9.41,10.24,16.07,,,16.37,,,,2026-06-30,APMI monthly report Jun 2026,,pmsStrategy-true-beacon-investment-advisors-llp-bespokeequity
BespokeCash,True Beacon Investment Advisors Llp,Hybrid,120.43,50,,0.93,1.48,3.02,6.02,6.16,4.09,,,4.09,,,,2026-06-30,APMI monthly report Jun 2026,,pmsStrategy-true-beacon-investment-advisors-llp-bespokecash
EquityFactorQuant,True Beacon Investment Advisors Llp,,153.57,50,,2.3,11.86,-1.42,-6.29,-5.99,12.42,,,13.39,,,,2026-06-30,APMI monthly report Jun 2026,,pmsStrategy-true-beacon-investment-advisors-llp-equityfactorquant
Flexi-cap Fundamental Opportunities,True Beacon Investment Advisors Llp,,136.05,50,,7.71,22.59,6.28,14.62,11.71,,,,17.53,,,,2026-06-30,APMI monthly report Jun 2026,,pmsStrategy-true-beacon-investment-advisors-llp-flexi-cap-fundamental-opportunities
Select Debt Strategy,True Beacon Investment Advisors Llp,Hybrid,6.44,50,,1.52,2.13,3.12,,,,,,5.34,,,,2026-06-30,APMI monthly report Jun 2026,,pmsStrategy-true-beacon-investment-advisors-llp-select-debt-strategy
Select Equity Strategy,True Beacon Investment Advisors Llp,,22.28,50,,0.99,11.37,-1.81,-0.38,,,,,2,,,,2026-06-30,APMI monthly report Jun 2026,,pmsStrategy-true-beacon-investment-advisors-llp-select-equity-strategy
Chanakya Wealth Creation Plan,Trust Investment Advisors Pvt. Ltd.,,750.89,50,,9.83,22.9,-3.39,-9.9,-1.98,3.26,8.17,3.59,13.45,,,,2026-06-30,APMI monthly report Jun 2026,,pmsStrategy-trust-investment-advisors-pvt-ltd-chanakya-wealth-creation-plan
Debt Portfolio Plan,Trust Investment Advisors Pvt. Ltd.,Hybrid,2.77,50,,0.61,12.77,12.04,17.2,53.48,36.43,26.73,22.84,11.26,,,,2026-06-30,APMI monthly report Jun 2026,,pmsStrategy-trust-investment-advisors-pvt-ltd-debt-portfolio-plan
Trust Anchor,Trust Investment Advisors Pvt. Ltd.,Hybrid,,50,,0.24,-0.85,-5.19,-1.71,3.46,,,,6.81,,,,2026-06-30,APMI monthly report Jun 2026,,pmsStrategy-trust-investment-advisors-pvt-ltd-trust-anchor
Trust Consult,Trust Investment Advisors Pvt. Ltd.,Hybrid,,50,,2.79,17.38,8.29,14.06,11.02,13.28,12.28,,9.87,,,,2026-06-30,APMI monthly report Jun 2026,,pmsStrategy-trust-investment-advisors-pvt-ltd-trust-consult
Floater,Trustline Holdings Pvt Ltd,Hybrid,20.16,50,,0.54,7.34,-1.61,-0.18,2.93,7.75,10.47,9.42,10.31,,,,2026-06-30,APMI monthly report Jun 2026,,pmsStrategy-trustline-holdings-pvt-ltd-floater
Intrinsic Series,Trustline Holdings Pvt Ltd,,899.74,50,,6.69,31.79,14.07,10.31,4.01,12.9,19.22,15.7,16.56,,,,2026-06-30,APMI monthly report Jun 2026,,pmsStrategy-trustline-holdings-pvt-ltd-intrinsic-series
Growth Mantra Fund,Turtle Wealth Management Pvt. Ltd.,,166.26,50,,-0.25,11.36,9.73,25.18,5.5,20.37,17.91,10.54,15.22,,,,2026-06-30,APMI monthly report Jun 2026,,pmsStrategy-turtle-wealth-management-pvt-ltd-growth-mantra-fund
Profit Mantra,Turtle Wealth Management Pvt. Ltd.,,72.53,50,,2.71,16.58,7.92,20.29,6.28,24.27,28.51,,21.21,,,,2026-06-30,APMI monthly report Jun 2026,,pmsStrategy-turtle-wealth-management-pvt-ltd-profit-mantra
Wealth Mantra Fund,Turtle Wealth Management Pvt. Ltd.,,260.94,50,,1.1,13.17,3.01,17.05,8.13,22.97,22.72,17.26,16.98,,,,2026-06-30,APMI monthly report Jun 2026,,pmsStrategy-turtle-wealth-management-pvt-ltd-wealth-mantra-fund
UNICORN ASSET ALLOCATION BALANCED PORTFOLIO,UNICORN INVESTMENT MANAGERS LLP,Hybrid,2.95,50,,1.19,5.28,,,,,,,-1.52,,,,2026-06-30,APMI monthly report Jun 2026,,pmsStrategy-unicorn-investment-managers-llp-unicorn-asset-allocation-balanced-portfolio
UNICORN ASSET ALLOCATION GROWTH PORTFOLIO,UNICORN INVESTMENT MANAGERS LLP,Hybrid,1.08,50,,0.06,6.97,-5.51,-3.75,,,,,-1.38,,,,2026-06-30,APMI monthly report Jun 2026,,pmsStrategy-unicorn-investment-managers-llp-unicorn-asset-allocation-growth-portfolio
UNICORN Active Alpha India Asset Allocation Portfolio,UNICORN INVESTMENT MANAGERS LLP,Hybrid,0.5,50,,1.65,11.59,0.52,,,,,,0.52,,,,2026-06-30,APMI monthly report Jun 2026,,pmsStrategy-unicorn-investment-managers-llp-unicorn-active-alpha-india-asset-allocation-portfolio
UNICORN Active Alpha India Quality Portfolio,UNICORN INVESTMENT MANAGERS LLP,,0.48,50,,-1.05,9.91,-3.22,,,,,,-3.22,,,,2026-06-30,APMI monthly report Jun 2026,,pmsStrategy-unicorn-investment-managers-llp-unicorn-active-alpha-india-quality-portfolio
UNICORN CUSTOM PORTFOLIO,UNICORN INVESTMENT MANAGERS LLP,Hybrid,30.71,50,,1.37,6.03,19.73,8.35,,,,,-2.77,,,,2026-06-30,APMI monthly report Jun 2026,,pmsStrategy-unicorn-investment-managers-llp-unicorn-custom-portfolio
UNICORN ETF ALPHA PORTFOLIO,UNICORN INVESTMENT MANAGERS LLP,,8.1,50,,-1.94,5.74,-2.09,-3.12,,,,,-4.89,,,,2026-06-30,APMI monthly report Jun 2026,,pmsStrategy-unicorn-investment-managers-llp-unicorn-etf-alpha-portfolio
UNICORN Flexi Cap Quant Portfolio,UNICORN INVESTMENT MANAGERS LLP,,1.55,50,,2.48,22.84,7.58,,,,,,7.14,,,,2026-06-30,APMI monthly report Jun 2026,,pmsStrategy-unicorn-investment-managers-llp-unicorn-flexi-cap-quant-portfolio
UNICORN GRORIGHT INDIA OPPORTUNITIES PORTFOLIO,UNICORN INVESTMENT MANAGERS LLP,,1.48,50,,-1.95,14.11,0.07,-5.11,,,,,0.07,,,,2026-06-30,APMI monthly report Jun 2026,,pmsStrategy-unicorn-investment-managers-llp-unicorn-groright-india-opportunities-portfolio
UNICORN MAX 10 PORTFOLIO,UNICORN INVESTMENT MANAGERS LLP,,0.46,50,,-2.28,3.95,-5.87,-14.81,,,,,-7.35,,,,2026-06-30,APMI monthly report Jun 2026,,pmsStrategy-unicorn-investment-managers-llp-unicorn-max-10-portfolio
UNICORN MID - SMALL CAP ALPHA PORTFOLIO,UNICORN INVESTMENT MANAGERS LLP,,5.82,50,,0.79,14.08,7.19,14.4,,,,,8.72,,,,2026-06-30,APMI monthly report Jun 2026,,pmsStrategy-unicorn-investment-managers-llp-unicorn-mid-small-cap-alpha-portfolio
UNICORN MULTI-ASSET ALPHA PORTFOLIO,UNICORN INVESTMENT MANAGERS LLP,Hybrid,3.43,50,,-0.97,10.56,4.01,17.04,,,,,12.59,,,,2026-06-30,APMI monthly report Jun 2026,,pmsStrategy-unicorn-investment-managers-llp-unicorn-multi-asset-alpha-portfolio
UNICORN STAR PORTFOLIO,UNICORN INVESTMENT MANAGERS LLP,,32.9,50,,-1.91,14.46,0.49,-3.32,,,,,-4.01,,,,2026-06-30,APMI monthly report Jun 2026,,pmsStrategy-unicorn-investment-managers-llp-unicorn-star-portfolio
Unicorn Focused 20 Portfolio,UNICORN INVESTMENT MANAGERS LLP,,0.75,50,,-0.21,9.57,-6.18,-2.37,,,,,-1.34,,,,2026-06-30,APMI monthly report Jun 2026,,pmsStrategy-unicorn-investment-managers-llp-unicorn-focused-20-portfolio
Unicorn MF Alpha Portfolio,UNICORN INVESTMENT MANAGERS LLP,,0.79,50,,1.96,10.92,-2.76,-0.37,,,,,3.09,,,,2026-06-30,APMI monthly report Jun 2026,,pmsStrategy-unicorn-investment-managers-llp-unicorn-mf-alpha-portfolio
Unicorn Scientific AI Factor Equity (SAFE) Portfolio,UNICORN INVESTMENT MANAGERS LLP,,0.51,50,,0.3,10.63,-0.12,,,,,,2.26,,,,2026-06-30,APMI monthly report Jun 2026,,pmsStrategy-unicorn-investment-managers-llp-unicorn-scientific-ai-factor-equity-safe-portfolio
APJ (Formerly known as APJ 20),Unifi Capital P Ltd,,900.47,50,,5.42,19.26,0.81,-1.34,3,14.06,18.94,13.71,19.71,,,,2026-06-30,APMI monthly report Jun 2026,,pmsStrategy-unifi-capital-p-ltd-apj-formerly-known-as-apj-20
APJ-ND (Formerly known as APJ 20),Unifi Capital P Ltd,,7.03,50,,5.55,17.02,3.41,1.41,1.32,10.59,13.55,9.6,16.38,,,,2026-06-30,APMI monthly report Jun 2026,,pmsStrategy-unifi-capital-p-ltd-apj-nd-formerly-known-as-apj-20
BCAD,Unifi Capital P Ltd,,230.8,50,,3.93,15.75,-4.56,-8.33,-1.18,8.05,13.05,10.31,12.81,,,,2026-06-30,APMI monthly report Jun 2026,,pmsStrategy-unifi-capital-p-ltd-bcad
BCAD BREAKOUT 20,Unifi Capital P Ltd,,1940.15,50,,4.51,17.67,-1.87,-7.06,-0.71,9.03,13.79,,10.76,,,,2026-06-30,APMI monthly report Jun 2026,,pmsStrategy-unifi-capital-p-ltd-bcad-breakout-20
BCAD BREAKOUT 20-ND,Unifi Capital P Ltd,,43.26,50,,5.63,15.19,-0.87,-2.17,2.93,11.83,14.15,,10.8,,,,2026-06-30,APMI monthly report Jun 2026,,pmsStrategy-unifi-capital-p-ltd-bcad-breakout-20-nd
BCAD-ND,Unifi Capital P Ltd,,2.66,50,,5.58,12.61,-2.75,-4.09,2.83,9.31,13.34,9.38,11.85,,,,2026-06-30,APMI monthly report Jun 2026,,pmsStrategy-unifi-capital-p-ltd-bcad-nd
BLENDED- RANGOLI,Unifi Capital P Ltd,,11426.63,50,,4.25,18,-0.31,-5.53,0.9,9.88,13.67,11.25,17.6,,,,2026-06-30,APMI monthly report Jun 2026,,pmsStrategy-unifi-capital-p-ltd-blended-rangoli
BLENDED- RANGOLI-ND,Unifi Capital P Ltd,,156.03,50,,5.15,14.94,-0.51,-7.84,0.06,9.76,13.3,10.49,15.78,,,,2026-06-30,APMI monthly report Jun 2026,,pmsStrategy-unifi-capital-p-ltd-blended-rangoli-nd
HIGH YIELD STRATEGY,Unifi Capital P Ltd,Hybrid,364.38,50,,1.1,2.41,4.27,8.62,9.13,9.23,9,,9.16,,,,2026-06-30,APMI monthly report Jun 2026,,pmsStrategy-unifi-capital-p-ltd-high-yield-strategy
High Yield Strategy(Alternate Debt/EAF),Unifi Capital P Ltd,Hybrid,3.11,50,,1.32,2.91,3.88,11.92,10.99,9.59,9.78,9.02,11.96,,,,2026-06-30,APMI monthly report Jun 2026,,pmsStrategy-unifi-capital-p-ltd-high-yield-strategy-alternate-debt-eaf
INDIVIDUALLY MANAGED ACCOUNTS,Unifi Capital P Ltd,,183.1,50,,6.29,19.43,5.67,2.4,,,,,9.98,,,,2026-06-30,APMI monthly report Jun 2026,,pmsStrategy-unifi-capital-p-ltd-individually-managed-accounts
INDIVIDUALLY MANAGED ACCOUNTS-ND,Unifi Capital P Ltd,,107.67,50,,7.09,19.66,3.39,-3.24,3.94,11.5,12.94,,10.85,,,,2026-06-30,APMI monthly report Jun 2026,,pmsStrategy-unifi-capital-p-ltd-individually-managed-accounts-nd
INSIDER SHADOW STRATEGY,Unifi Capital P Ltd,,88.24,50,,3.3,14.74,-0.36,-1.82,-1.67,7.26,9.98,7.95,13.72,,,,2026-06-30,APMI monthly report Jun 2026,,pmsStrategy-unifi-capital-p-ltd-insider-shadow-strategy
OTD-ND,Unifi Capital P Ltd,Hybrid,353.54,50,,1.27,2.34,4.01,8.01,0,0,0,0,8.01,,,,2026-06-30,APMI monthly report Jun 2026,,pmsStrategy-unifi-capital-p-ltd-otd-nd
OTHERS EQUITY,Unifi Capital P Ltd,,105.49,50,,3.55,14.47,2.96,0.85,4.86,6.36,7.31,6.13,11.78,,,,2026-06-30,APMI monthly report Jun 2026,,pmsStrategy-unifi-capital-p-ltd-others-equity
OTHERS-EQUITY-ND,Unifi Capital P Ltd,,22.64,50,,1.56,9,0.69,2.58,3.37,6.16,6.64,7.52,13.51,,,,2026-06-30,APMI monthly report Jun 2026,,pmsStrategy-unifi-capital-p-ltd-others-equity-nd
Unique Focused Fund,Unique Asset Management Llp,,1190.8,50,,2.97,23.18,13.33,7.34,17.47,18.41,20.31,15.4,17.09,,,,2026-06-30,APMI monthly report Jun 2026,,pmsStrategy-unique-asset-management-llp-unique-focused-fund
Unique Strategic Fund,Unique Asset Management Llp,,1709.46,50,,9.11,26.17,4.13,-2.79,1.87,19.11,27.54,22.48,29.46,,,,2026-06-30,APMI monthly report Jun 2026,,pmsStrategy-unique-asset-management-llp-unique-strategic-fund
V.E.C ASSAGO Small and Mid-Cap Growth Bespoke Discretionary PMS,V.E.C ASSAGO CAPITAL MANAGEMENT LLP,,141.6,50,,6.59,45.97,28.29,24.66,,,,,28.49,,,,2026-06-30,APMI monthly report Jun 2026,,pmsStrategy-v-e-c-assago-capital-management-llp-v-e-c-assago-small-and-mid-cap-growth-bespoke-discretionary-
Alpha Portfolio,VARANIUM CAPITAL ADVISORS PRIVATE LIMITED,,9.5,50,,9.8,20.3,-4.47,-1.86,144.42,125.28,95.58,69.98,23.03,,,,2026-06-30,APMI monthly report Jun 2026,,pmsStrategy-varanium-capital-advisors-private-limited-alpha-portfolio
VARANIUM G2G INDIA PORTFOLIO - 00010051,VARANIUM CAPITAL ADVISORS PRIVATE LIMITED,,34.05,50,,11.34,50.56,18.61,0.25,2.48,19.17,19.51,12.83,15.66,,,,2026-06-30,APMI monthly report Jun 2026,,pmsStrategy-varanium-capital-advisors-private-limited-varanium-g2g-india-portfolio-00010051
VIVEKAM HYBRID,VIVEKAM FINANCIAL SERVICES PRIVATE LIMITED,Hybrid,2.69,50,,-1.6,15.32,,,,,,,10.9,,,,2026-06-30,APMI monthly report Jun 2026,,pmsStrategy-vivekam-financial-services-private-limited-vivekam-hybrid
Vivekam Large Cap Growth Plus,VIVEKAM FINANCIAL SERVICES PRIVATE LIMITED,,8.08,50,,0.04,16.15,3,,,,,,4.91,,,,2026-06-30,APMI monthly report Jun 2026,,pmsStrategy-vivekam-financial-services-private-limited-vivekam-large-cap-growth-plus
VSPARTANS ETF PORTFOLIO,VSPARTANS CONSULTANTS PRIVATE LIMITED,,1.99,50,,0.88,,,,,,,,-0.5,,,,2026-06-30,APMI monthly report Jun 2026,,pmsStrategy-vspartans-consultants-private-limited-vspartans-etf-portfolio
VSPARTANS MULTICAP PORTFOLIO,VSPARTANS CONSULTANTS PRIVATE LIMITED,,254.64,50,,2.89,18.48,3.16,3.69,,,,,6.56,,,,2026-06-30,APMI monthly report Jun 2026,,pmsStrategy-vspartans-consultants-private-limited-vspartans-multicap-portfolio
Val-Q Large Cap Blue Chip Fund,Val Q Investment Advisory Pvt Ltd,,47.06,50,,2.37,13.13,-3.02,3.15,4.14,11.64,15.21,11.91,10.08,,,,2026-06-30,APMI monthly report Jun 2026,,pmsStrategy-val-q-investment-advisory-pvt-ltd-val-q-large-cap-blue-chip-fund
Val-Q Mid Cap High Quality Fund,Val Q Investment Advisory Pvt Ltd,,52.9,50,,3.9,24,1.72,-1.15,-2.31,9.05,14.9,10.1,10.68,,,,2026-06-30,APMI monthly report Jun 2026,,pmsStrategy-val-q-investment-advisory-pvt-ltd-val-q-mid-cap-high-quality-fund
IME Bespoke Wealth,Valcreate Investment Managers LLP,,,50,,0,0,0,0,0,0,,,0,,,,2026-06-30,APMI monthly report Jun 2026,,pmsStrategy-valcreate-investment-managers-llp-ime-bespoke-wealth
IME Concentrated Microtrends,Valcreate Investment Managers LLP,,,50,,0,0,0,0,0,0,,,0,,,,2026-06-30,APMI monthly report Jun 2026,,pmsStrategy-valcreate-investment-managers-llp-ime-concentrated-microtrends
IME Digital Disruption,Valcreate Investment Managers LLP,,,50,,0,0,0,0,0,0,,,0,,,,2026-06-30,APMI monthly report Jun 2026,,pmsStrategy-valcreate-investment-managers-llp-ime-digital-disruption
IME Equity Bespoke,Valcreate Investment Managers LLP,,,50,,0,0,0,0,0,0,,,0,,,,2026-06-30,APMI monthly report Jun 2026,,pmsStrategy-valcreate-investment-managers-llp-ime-equity-bespoke
Vacreate Bespoke strategy,Valcreate Investment Managers LLP,,1.59,50,,-0.08,3.59,6.89,8.67,9.43,7.69,,,7.8,,,,2026-06-30,APMI monthly report Jun 2026,,pmsStrategy-valcreate-investment-managers-llp-vacreate-bespoke-strategy
Valcreate Growing India,Valcreate Investment Managers LLP,,18.17,50,,4.9,27.06,11.02,2.5,-0.75,12.67,,,15.44,,,,2026-06-30,APMI monthly report Jun 2026,,pmsStrategy-valcreate-investment-managers-llp-valcreate-growing-india
Valcreate Growing India Non Discretionary,Valcreate Investment Managers LLP,,2.06,50,,5.35,25.8,12.66,1.99,0.88,,,,10.81,,,,2026-06-30,APMI monthly report Jun 2026,,pmsStrategy-valcreate-investment-managers-llp-valcreate-growing-india-non-discretionary
Valcreate Lifesciences & speciality opportunities,Valcreate Investment Managers LLP,,19.23,50,,5.91,27,23.17,14.51,15.63,19.25,,,19.17,,,,2026-06-30,APMI monthly report Jun 2026,,pmsStrategy-valcreate-investment-managers-llp-valcreate-lifesciences-speciality-opportunities
Valcreate Recovery Strategy,Valcreate Investment Managers LLP,,1.41,50,,7.72,53.73,25.61,,,,,,18.05,,,,2026-06-30,APMI monthly report Jun 2026,,pmsStrategy-valcreate-investment-managers-llp-valcreate-recovery-strategy
Valentis Debt Staggered Investment Fund,Valentis Advisors Private Limited,Hybrid,4.83,50,,0.39,1.15,2.4,5.84,6.02,4.52,4.79,4.65,4.65,,,,2026-06-30,APMI monthly report Jun 2026,,pmsStrategy-valentis-advisors-private-limited-valentis-debt-staggered-investment-fund
Valentis Multi-cap Fund,Valentis Advisors Private Limited,,293.27,50,,4.17,22.13,10.54,5.27,1.29,12.31,16.41,14.12,17.8,,,,2026-06-30,APMI monthly report Jun 2026,,pmsStrategy-valentis-advisors-private-limited-valentis-multi-cap-fund
Valentis Rising Star Opportunity Fund,Valentis Advisors Private Limited,,1078.06,50,,4.15,28.36,15.66,10.76,3.68,13.71,19.35,16.16,17.28,,,,2026-06-30,APMI monthly report Jun 2026,,pmsStrategy-valentis-advisors-private-limited-valentis-rising-star-opportunity-fund
Vallum India Discovery Strategy,Vallum Capital Advisors Private Limited,,1256.83,50,,4.25,25.5,6.71,-2.16,-2.7,11.44,17.44,12.57,19.46,,,,2026-06-30,APMI monthly report Jun 2026,,pmsStrategy-vallum-capital-advisors-private-limited-vallum-india-discovery-strategy
Vallum India Multi-Activa Strategy,Vallum Capital Advisors Private Limited,Hybrid,8.36,50,,-0.1,6.74,10.05,31.23,,,,,24.54,,,,2026-06-30,APMI monthly report Jun 2026,,pmsStrategy-vallum-capital-advisors-private-limited-vallum-india-multi-activa-strategy
Vallum JAN Principles Approach,Vallum Capital Advisors Private Limited,,2.67,50,,3.89,22.2,8.22,,,,,,7.17,,,,2026-06-30,APMI monthly report Jun 2026,,pmsStrategy-vallum-capital-advisors-private-limited-vallum-jan-principles-approach
Valtrust Equity Funds,Valtrust Partners Llp,,3.19,50,,0.41,14.09,6.53,12.81,8.44,20,,,23.15,,,,2026-06-30,APMI monthly report Jun 2026,,pmsStrategy-valtrust-partners-llp-valtrust-equity-funds
Valtrust Equity Hybrid Funds,Valtrust Partners Llp,Hybrid,1.73,50,,-1.16,4.88,0.02,9.38,8.45,17.73,,,19.88,,,,2026-06-30,APMI monthly report Jun 2026,,pmsStrategy-valtrust-partners-llp-valtrust-equity-hybrid-funds
Valtrust Momentum,Valtrust Partners Llp,,79.43,50,,3.03,22.12,5.52,4.3,-2.86,19.86,,,22.71,,,,2026-06-30,APMI monthly report Jun 2026,,pmsStrategy-valtrust-partners-llp-valtrust-momentum
Valtrust NDPMS,Valtrust Partners Llp,Hybrid,7.93,50,,0.22,6.97,-5.05,-3.31,5.36,6.85,,,6.97,,,,2026-06-30,APMI monthly report Jun 2026,,pmsStrategy-valtrust-partners-llp-valtrust-ndpms
Valtrust STP,Valtrust Partners Llp,Hybrid,0.3,50,,0.59,1.76,3.2,6.01,6.4,6.56,,,6.59,,,,2026-06-30,APMI monthly report Jun 2026,,pmsStrategy-valtrust-partners-llp-valtrust-stp
ValPro Alpha (A) PMS,Value Prolific Investments & Consulting Private Limited,,180.44,50,,5.85,31.34,10.25,10.28,4.88,18.57,17.12,13.83,15.47,,,,2026-06-30,APMI monthly report Jun 2026,,pmsStrategy-value-prolific-investments-consulting-private-limited-valpro-alpha-a-pms
ValPro Balanced (B) PMS,Value Prolific Investments & Consulting Private Limited,,9.05,50,,3.65,23.61,9.47,13.05,7.57,16.64,11.94,,5.28,,,,2026-06-30,APMI monthly report Jun 2026,,pmsStrategy-value-prolific-investments-consulting-private-limited-valpro-balanced-b-pms
ValPro Conserve (C) PMS,Value Prolific Investments & Consulting Private Limited,,,50,,0,0,0,-4.66,-1.52,10.38,11.69,6.16,5.9,,,,2026-06-30,APMI monthly report Jun 2026,,pmsStrategy-value-prolific-investments-consulting-private-limited-valpro-conserve-c-pms
ValueQuest Alpha,Valuequest Investment Advisors Pvt. Ltd.,,11991.77,50,,5.6,24.43,10.45,8.26,7.94,17.22,21.63,,21.84,,,,2026-06-30,APMI monthly report Jun 2026,,pmsStrategy-valuequest-investment-advisors-pvt-ltd-valuequest-alpha
ValueQuest Growth,Valuequest Investment Advisors Pvt. Ltd.,,2019.95,50,,5.74,33.24,21.7,18.71,8.34,19.37,23.39,16.88,18.17,,,,2026-06-30,APMI monthly report Jun 2026,,pmsStrategy-valuequest-investment-advisors-pvt-ltd-valuequest-growth
ValueQuest Liquid,Valuequest Investment Advisors Pvt. Ltd.,Hybrid,0.4,50,,0.34,1.09,1.99,4.28,4.97,,,,4.96,,,,2026-06-30,APMI monthly report Jun 2026,,pmsStrategy-valuequest-investment-advisors-pvt-ltd-valuequest-liquid
ValueQuest Platinum,Valuequest Investment Advisors Pvt. Ltd.,Multicap,3428.11,50,,8.28,26.41,9.21,-1.9,1.17,14.65,19.7,16.21,18.58,,,,2026-06-30,APMI monthly report Jun 2026,,pmsStrategy-valuequest-investment-advisors-pvt-ltd-valuequest-platinum
ValueQuest Vision,Valuequest Investment Advisors Pvt. Ltd.,,1080.56,50,,3.07,21.44,7.91,4.85,14.65,30.57,34.43,26.09,29.76,,,,2026-06-30,APMI monthly report Jun 2026,,pmsStrategy-valuequest-investment-advisors-pvt-ltd-valuequest-vision
Vansh Dynamic Bond Approach,Vansh Capital Private Limited,Hybrid,0.17,50,,2.03,2.11,,,,,,,2.08,,,,2026-06-30,APMI monthly report Jun 2026,,pmsStrategy-vansh-capital-private-limited-vansh-dynamic-bond-approach
Vansh Equity Master Approach,Vansh Capital Private Limited,,0.3,50,,1.56,5.53,,,,,,,4.17,,,,2026-06-30,APMI monthly report Jun 2026,,pmsStrategy-vansh-capital-private-limited-vansh-equity-master-approach
Vansh Equity Multi Cap Approach,Vansh Capital Private Limited,,11.24,50,,1.14,11.97,,,,,,,2.85,,,,2026-06-30,APMI monthly report Jun 2026,,pmsStrategy-vansh-capital-private-limited-vansh-equity-multi-cap-approach
Ventura Micro Cap Thematic Portfolio Management Scheme,Ventura Securities Limited,,,50,,0,0,0,0,0,0,,,0,,,,2026-06-30,APMI monthly report Jun 2026,,pmsStrategy-ventura-securities-limited-ventura-micro-cap-thematic-portfolio-management-scheme
Ventura Microcap Intelligence Thematic Management Scheme,Ventura Securities Limited,,2.24,50,,9.75,34.06,19.22,7.99,,,,,6.57,,,,2026-06-30,APMI monthly report Jun 2026,,pmsStrategy-ventura-securities-limited-ventura-microcap-intelligence-thematic-management-scheme
Ventura Multicap Portfolio Management Scheme,Ventura Securities Limited,,112.06,50,,4.72,21.67,9.21,4.03,3.07,16.3,17.89,14.57,17.28,,,,2026-06-30,APMI monthly report Jun 2026,,pmsStrategy-ventura-securities-limited-ventura-multicap-portfolio-management-scheme
Ventura Siddhartha Best in Class,Ventura Securities Limited,,12.42,50,,4.21,9.98,-8.88,-6.52,-1,2.7,5.3,5.1,8.39,,,,2026-06-30,APMI monthly report Jun 2026,,pmsStrategy-ventura-securities-limited-ventura-siddhartha-best-in-class
Vireya - Emerging Leaders,Vireya Capital Management LLP,,10.49,50,,0.63,,,,,,,,3.08,,,,2026-06-30,APMI monthly report Jun 2026,,pmsStrategy-vireya-capital-management-llp-vireya-emerging-leaders
Vireya - Growth Anchors,Vireya Capital Management LLP,,9.35,50,,0.06,,,,,,,,0.01,,,,2026-06-30,APMI monthly report Jun 2026,,pmsStrategy-vireya-capital-management-llp-vireya-growth-anchors
Bin73 SunriseAlpha,WAYA FINANCIAL TECHNOLOGIES PRIVATE LIMITED,,45.81,50,,10.02,41.59,18.3,9.69,,,,,9.6,,,,2026-06-30,APMI monthly report Jun 2026,,pmsStrategy-waya-financial-technologies-private-limi-bin73-sunrisealpha-c121a6ef
Funds India Dynamo Strategy,WEALTH INDIA FINANCIAL SERVICES PRIVATE LIMITED,,54.33,50,,0.88,11.01,-4.52,,,,,,-0.41,,,,2026-06-30,APMI monthly report Jun 2026,,pmsStrategy-wealth-india-financial-services-private-limited-funds-india-dynamo-strategy
Not applicable,WEALTH INDIA FINANCIAL SERVICES PRIVATE LIMITED,Hybrid,218.99,50,,1.72,8.28,0.84,,,,,,4.41,,,,2026-06-30,APMI monthly report Jun 2026,,pmsStrategy-wealth-india-financial-services-private-limited-not-applicable
White Stone Abhivriddhi Fund,WHITE STONE FINANCIAL ADVISORS PRIVATE LIMITES,,3.19,50,,5.57,22.9,,,,,,,-3.31,,,,2026-06-30,APMI monthly report Jun 2026,,pmsStrategy-white-stone-financial-advisors-private-limites-white-stone-abhivriddhi-fund
White Stone ValueEdge Fund,WHITE STONE FINANCIAL ADVISORS PRIVATE LIMITES,,89.86,50,,6.53,21.9,-6.68,,,,,,-10.79,,,,2026-06-30,APMI monthly report Jun 2026,,pmsStrategy-white-stone-financial-advisors-private-limites-white-stone-valueedge-fund
Diversified,Wallfort Fund Management Llp,,574.44,50,,9.63,40.82,6.48,8.72,13,39.25,35.78,25.76,23.47,,,,2026-06-30,APMI monthly report Jun 2026,,pmsStrategy-wallfort-fund-management-llp-diversified
Wallfort Ameya Fund,Wallfort Fund Management Llp,,140.81,50,,8.92,36.26,20.06,9.35,19.78,25.52,,,36.96,,,,2026-06-30,APMI monthly report Jun 2026,,pmsStrategy-wallfort-fund-management-llp-wallfort-ameya-fund
Wallfort Avenue Fund,Wallfort Fund Management Llp,,146.4,50,,-0.29,11.64,1.67,18.36,11.12,27.07,28.23,,24.38,,,,2026-06-30,APMI monthly report Jun 2026,,pmsStrategy-wallfort-fund-management-llp-wallfort-avenue-fund
Wallfort Focus Fund,Wallfort Fund Management Llp,,1.8,50,,5.16,15.08,-12.59,-14.95,-5.74,,,,-5.74,,,,2026-06-30,APMI monthly report Jun 2026,,pmsStrategy-wallfort-fund-management-llp-wallfort-focus-fund
Wallfort India Contra Equity Fund,Wallfort Fund Management Llp,,35.67,50,,9.79,36.58,10.54,3.28,12.83,,,,23.48,,,,2026-06-30,APMI monthly report Jun 2026,,pmsStrategy-wallfort-fund-management-llp-wallfort-india-contra-equity-fund
Wallfort KOSH Value Fund,Wallfort Fund Management Llp,,4.74,50,,5.21,33,6.6,-1.93,0,,,,-4.32,,,,2026-06-30,APMI monthly report Jun 2026,,pmsStrategy-wallfort-fund-management-llp-wallfort-kosh-value-fund
MARKET LEADERS PORTFOLIO - LARGE CAP ALLOCATOR,Waterfield Financial And Investment Advisors Private Limited,,4.51,50,,1.64,11.88,-2.89,-7.11,-5.17,,,,-0.28,,,,2026-06-30,APMI monthly report Jun 2026,,pmsStrategy-waterfield-financial-and-investment-advisors-private-limited-market-leaders-portfolio-large-cap-
MULTI FACTOR PORTFOLIO - LARGE and MID CAP ALLOCATOR,Waterfield Financial And Investment Advisors Private Limited,,3.6,50,,2.39,12.46,-0.97,2.38,0,,,,2.64,,,,2026-06-30,APMI monthly report Jun 2026,,pmsStrategy-waterfield-financial-and-investment-advisors-private-limited-multi-factor-portfolio-large-and-mi
NUCLEUS ALTERNATES,Waterfield Financial And Investment Advisors Private Limited,Hybrid,16.29,50,,1.87,4.89,5.14,,,,,,5.51,,,,2026-06-30,APMI monthly report Jun 2026,,pmsStrategy-waterfield-financial-and-investment-advisors-private-limited-nucleus-alternates
NUCLEUS DYNAMIC DEBT,Waterfield Financial And Investment Advisors Private Limited,Hybrid,1.55,50,,1.55,2.65,0,,,,,,2.59,,,,2026-06-30,APMI monthly report Jun 2026,,pmsStrategy-waterfield-financial-and-investment-advisors-private-limited-nucleus-dynamic-debt
NUCLEUS INDIA EQUITY STRATEGY,Waterfield Financial And Investment Advisors Private Limited,,2.03,50,,0,,,,,,,,1.77,,,,2026-06-30,APMI monthly report Jun 2026,,pmsStrategy-waterfield-financial-and-investment-advisors-private-limited-nucleus-india-equity-strategy
NUCLEUS YIELD ENHANCER,Waterfield Financial And Investment Advisors Private Limited,Hybrid,52.41,50,,1.47,2.66,0,,,,,,2.91,,,,2026-06-30,APMI monthly report Jun 2026,,pmsStrategy-waterfield-financial-and-investment-advisors-private-limited-nucleus-yield-enhancer
NUCLEUS YIELD OPTIMIZER,Waterfield Financial And Investment Advisors Private Limited,Hybrid,4.18,50,,1.19,2.19,0,,,,,,2.66,,,,2026-06-30,APMI monthly report Jun 2026,,pmsStrategy-waterfield-financial-and-investment-advisors-private-limited-nucleus-yield-optimizer
"Nucleus ""Equity"" Multi-Cap Allocator",Waterfield Financial And Investment Advisors Private Limited,,54.65,50,,1.96,8.31,-0.9,1.16,4.46,0,,,10.88,,,,2026-06-30,APMI monthly report Jun 2026,,pmsStrategy-waterfield-financial-and-investment-advisors-private-limited-nucleus-equity-multi-cap-allocator
"Nucleus ""Fixed Income"" Accrual Portfolio",Waterfield Financial And Investment Advisors Private Limited,Hybrid,1.67,50,,1.88,2.64,2.56,4.62,0,0,,,6.14,,,,2026-06-30,APMI monthly report Jun 2026,,pmsStrategy-waterfield-financial-and-investment-advisors-private-limited-nucleus-fixed-income-accrual-portfo
"Nucleus ""Multi-Asset"" Capital Compounder",Waterfield Financial And Investment Advisors Private Limited,Hybrid,306.96,50,,0.75,8.42,0.46,7.7,8.66,11.9,,,11.68,,,,2026-06-30,APMI monthly report Jun 2026,,pmsStrategy-waterfield-financial-and-investment-advisors-private-limited-nucleus-multi-asset-capital-compoun
"Nucleus ""Multi-Asset"" Lifestyle Maintainer",Waterfield Financial And Investment Advisors Private Limited,Hybrid,147.27,50,,0.63,7.68,0.65,7.28,0,0,,,10.84,,,,2026-06-30,APMI monthly report Jun 2026,,pmsStrategy-waterfield-financial-and-investment-advisors-private-limited-nucleus-multi-asset-lifestyle-maint
"Nucleus ""Multi-Asset"" Purchasing Power Preserver",Waterfield Financial And Investment Advisors Private Limited,Hybrid,51.18,50,,2.03,6.35,2.35,17.91,0,0,,,18.03,,,,2026-06-30,APMI monthly report Jun 2026,,pmsStrategy-waterfield-financial-and-investment-advisors-private-limited-nucleus-multi-asset-purchasing-powe
WFIA PARTNER BESPOKE,Waterfield Financial And Investment Advisors Private Limited,Hybrid,229.98,50,,1.02,5.19,-1.16,,,,,,0.47,,,,2026-06-30,APMI monthly report Jun 2026,,pmsStrategy-waterfield-financial-and-investment-advisors-private-limited-wfia-partner-bespoke
WFIA PARTNER EQUITY,Waterfield Financial And Investment Advisors Private Limited,,24.77,50,,1.48,0,0,,,,,,3.09,,,,2026-06-30,APMI monthly report Jun 2026,,pmsStrategy-waterfield-financial-and-investment-advisors-private-limited-wfia-partner-equity
WFIA PARTNER FIXED INCOME,Waterfield Financial And Investment Advisors Private Limited,Hybrid,104.65,50,,1.78,2.12,0,,,,,,1.87,,,,2026-06-30,APMI monthly report Jun 2026,,pmsStrategy-waterfield-financial-and-investment-advisors-private-limited-wfia-partner-fixed-income
WFIA PARTNER MULTI-ASSET,Waterfield Financial And Investment Advisors Private Limited,Hybrid,22.16,50,,1.44,0,0,,,,,,1.68,,,,2026-06-30,APMI monthly report Jun 2026,,pmsStrategy-waterfield-financial-and-investment-advisors-private-limited-wfia-partner-multi-asset
WFIA PARTNER YIELD ENHANCER,Waterfield Financial And Investment Advisors Private Limited,Hybrid,,50,,0,0,0,,,,,,0,,,,2026-06-30,APMI monthly report Jun 2026,,pmsStrategy-waterfield-financial-and-investment-advisors-private-limited-wfia-partner-yield-enhancer
Bloom,Wave Asset Private Limited,,7.52,50,,0.39,-1.21,-6.97,0.16,12.84,,,,14.38,,,,2026-06-30,APMI monthly report Jun 2026,,pmsStrategy-wave-asset-private-limited-bloom
Pure Alpha,Wave Asset Private Limited,,24.11,50,,3.08,20.4,9.62,14.35,15.17,,,,14.59,,,,2026-06-30,APMI monthly report Jun 2026,,pmsStrategy-wave-asset-private-limited-pure-alpha
NON DISCRETIONARY PMS AXIS,Way2Wealth Brokers Private Limited,,0.78,50,,3.16,12.66,-7.66,-17.16,-12.35,-2.11,7.31,4.86,5.28,,,,2026-06-30,APMI monthly report Jun 2026,,pmsStrategy-way2wealth-brokers-private-limited-non-discretionary-pms-axis
WEALTH DOMINION,Way2Wealth Brokers Private Limited,,0.14,50,,2.47,9.69,-2.65,-2.98,2.18,10.87,9.67,,8.96,,,,2026-06-30,APMI monthly report Jun 2026,,pmsStrategy-way2wealth-brokers-private-limited-wealth-dominion
WEALTH FLEXI FUND,Way2Wealth Brokers Private Limited,,3.82,50,,-0.14,0.92,5.73,6.56,6.44,9.5,9.42,6.47,8.68,,,,2026-06-30,APMI monthly report Jun 2026,,pmsStrategy-way2wealth-brokers-private-limited-wealth-flexi-fund
WEALTH FOCUS,Way2Wealth Brokers Private Limited,,0.33,50,,0.58,5.1,-8.62,-8.53,-3.51,5.09,6.81,2.3,4.32,,,,2026-06-30,APMI monthly report Jun 2026,,pmsStrategy-way2wealth-brokers-private-limited-wealth-focus
WEALTH FOCUS AXIS,Way2Wealth Brokers Private Limited,,9.04,50,,1.96,6.25,-7.53,-8.66,-3.78,12.92,13.35,8.51,10.89,,,,2026-06-30,APMI monthly report Jun 2026,,pmsStrategy-way2wealth-brokers-private-limited-wealth-focus-axis
WEALTH OPTIMISER ( AGGRESSIVE SCHEME)1,Way2Wealth Brokers Private Limited,,0.54,50,,1.41,2,-16.39,-16.83,-9.08,0.81,4.15,1.53,-0.79,,,,2026-06-30,APMI monthly report Jun 2026,,pmsStrategy-way2wealth-brokers-private-limited-wealth-optimiser-aggressive-scheme-1
WEALTH OPTIMISER AGGRESIVE GROWTH AXIS,Way2Wealth Brokers Private Limited,,0.68,50,,-0.61,0.91,-15.12,-15.28,-7.18,-0.79,5.8,4.12,12.37,,,,2026-06-30,APMI monthly report Jun 2026,,pmsStrategy-way2wealth-brokers-private-limited-wealth-optimiser-aggresive-growth-axis
WEALTH SPIRAL ( DYNAMIC SCHEME) 2,Way2Wealth Brokers Private Limited,,0.11,50,,3.57,12.52,-14.28,-19.52,-17.76,-5.07,5.41,1.48,3.5,,,,2026-06-30,APMI monthly report Jun 2026,,pmsStrategy-way2wealth-brokers-private-limited-wealth-spiral-dynamic-scheme-2
WEALTH WEAVER GROWTH PORTFOLIO AXIS,Way2Wealth Brokers Private Limited,,0.89,50,,1.39,10.13,-1.11,-4.05,-4.93,5,8.08,7.58,5.31,,,,2026-06-30,APMI monthly report Jun 2026,,pmsStrategy-way2wealth-brokers-private-limited-wealth-weaver-growth-portfolio-axis
Wealth First Nifty 100 Index Strategy,Wealth First Portfolio Managers Limited,,7.88,50,,1.34,8.24,-7.08,,,,,,-5.12,,,,2026-06-30,APMI monthly report Jun 2026,,pmsStrategy-wealth-first-portfolio-managers-limited-wealth-first-nifty-100-index-strategy
Focused Leadership Portfolio,Wealth Managers (India) Pvt. Ltd.,,134.02,50,,6.27,19.8,2.1,6.16,7.71,12.9,14.94,9.23,12.83,,,,2026-06-30,APMI monthly report Jun 2026,,pmsStrategy-wealth-managers-india-pvt-ltd-focused-leadership-portfolio
Non Discretionary PMS,Wealth Managers (India) Pvt. Ltd.,,170.42,50,,1.44,9.08,0.07,2.44,4.52,8.94,11.64,10.22,7.89,,,,2026-06-30,APMI monthly report Jun 2026,,pmsStrategy-wealth-managers-india-pvt-ltd-non-discretionary-pms
Optimiser Mid & small Cap,Wealth Managers (India) Pvt. Ltd.,,17.56,50,,0.61,22.17,12.51,14.37,1.76,27.82,28.74,,21.1,,,,2026-06-30,APMI monthly report Jun 2026,,pmsStrategy-wealth-managers-india-pvt-ltd-optimiser-mid-small-cap
Optimiser Portfolio,Wealth Managers (India) Pvt. Ltd.,,230.97,50,,-1.61,10.76,-1.75,-4.94,-1.14,23.17,26.23,22.56,24.65,,,,2026-06-30,APMI monthly report Jun 2026,,pmsStrategy-wealth-managers-india-pvt-ltd-optimiser-portfolio
Optimiser Small Cap,Wealth Managers (India) Pvt. Ltd.,,3.33,50,,3.62,28.97,20.2,13.82,7.6,32.16,35.4,,25.94,,,,2026-06-30,APMI monthly report Jun 2026,,pmsStrategy-wealth-managers-india-pvt-ltd-optimiser-small-cap
Real Assets Portfolio,Wealth Managers (India) Pvt. Ltd.,Hybrid,1.97,50,,-0.16,4.81,5.35,31.84,24.98,,,,21.97,,,,2026-06-30,APMI monthly report Jun 2026,,pmsStrategy-wealth-managers-india-pvt-ltd-real-assets-portfolio
Select Direct Asset Allocation Portfolio,Wealth Managers (India) Pvt. Ltd.,Hybrid,207.46,50,,2.02,6.14,1.66,4.41,6.2,9.72,10.48,8.83,9.83,,,,2026-06-30,APMI monthly report Jun 2026,,pmsStrategy-wealth-managers-india-pvt-ltd-select-direct-asset-allocation-portfolio
Select Direct Growth Portfolio,Wealth Managers (India) Pvt. Ltd.,,134.54,50,,1.27,12.77,0.73,7.31,7,17.11,19.11,14.84,17.44,,,,2026-06-30,APMI monthly report Jun 2026,,pmsStrategy-wealth-managers-india-pvt-ltd-select-direct-growth-portfolio
Select Large Cap Portfolio,Wealth Managers (India) Pvt. Ltd.,,27.43,50,,0.16,16.43,4.62,7.41,1.64,,,,12.03,,,,2026-06-30,APMI monthly report Jun 2026,,pmsStrategy-wealth-managers-india-pvt-ltd-select-large-cap-portfolio
Sensex Plus Portfolio,Wealth Managers (India) Pvt. Ltd.,,18.65,50,,4.2,11.58,-2.86,-0.85,-0.1,,,,1.76,,,,2026-06-30,APMI monthly report Jun 2026,,pmsStrategy-wealth-managers-india-pvt-ltd-sensex-plus-portfolio
Smart Beta Portfolio,Wealth Managers (India) Pvt. Ltd.,,4.49,50,,0.14,9.95,-5.39,-6.86,-3.66,,,,3.42,,,,2026-06-30,APMI monthly report Jun 2026,,pmsStrategy-wealth-managers-india-pvt-ltd-smart-beta-portfolio
Equity Focused Discretionary PMS,Wealthbridge Capital Advisors Private Limited,,92.16,50,,3.86,29.03,6.02,9.8,0.97,8.67,22.23,17.95,14.33,,,,2026-06-30,APMI monthly report Jun 2026,,pmsStrategy-wealthbridge-capital-advisors-private-limited-equity-focused-discretionary-pms
White Pine India Emerging Stars Approach,White Pine Investment Management Private Limited,,501.47,50,,5.75,42.92,19.72,15.59,15.87,36.46,39.94,,37.28,,,,2026-06-30,APMI monthly report Jun 2026,,pmsStrategy-white-pine-investment-management-private-limited-white-pine-india-emerging-stars-approach
WHITE WHALE PARTNERS LLP-RISING STAR PF,White Whale Partners,,4.95,50,,11.86,35.11,15.15,18.2,,,,,17.1,,,,2026-06-30,APMI monthly report Jun 2026,,pmsStrategy-white-whale-partners-white-whale-partners-llp-rising-star-pf
White Whale North Star,White Whale Partners,,63.6,50,,7.65,21.33,-1.71,2.64,6.88,9.18,12.24,9.48,11.63,,,,2026-06-30,APMI monthly report Jun 2026,,pmsStrategy-white-whale-partners-white-whale-north-star
Key Picks Portfolio Approach,Whiteoak Capital Asset Management Limited,,0.36,50,,4.22,20.63,1.25,-2.97,3.01,9.51,,,11.41,,,,2026-06-30,APMI monthly report Jun 2026,,pmsStrategy-whiteoak-capital-asset-management-limited-key-picks-portfolio-approach
Research Picks I Portfolio Approach,Whiteoak Capital Asset Management Limited,,0.37,50,,4.49,17.73,-0.27,-3.67,5.67,10.06,,,11.58,,,,2026-06-30,APMI monthly report Jun 2026,,pmsStrategy-whiteoak-capital-asset-management-limited-research-picks-i-portfolio-approach
Research Picks II Portfolio Approach,Whiteoak Capital Asset Management Limited,,0.38,50,,3.53,22.07,5.15,-1.27,5.02,11.03,,,12.72,,,,2026-06-30,APMI monthly report Jun 2026,,pmsStrategy-whiteoak-capital-asset-management-limited-research-picks-ii-portfolio-approach
White Oak India Digital Leaders,Whiteoak Capital Asset Management Limited,,60.68,50,,2.69,18.7,-6.52,-9.91,1.66,9.01,11.17,,2.54,,,,2026-06-30,APMI monthly report Jun 2026,,pmsStrategy-whiteoak-capital-asset-management-limited-white-oak-india-digital-leaders
White Oak India Equity Portfolio Approach,Whiteoak Capital Asset Management Limited,,2.9,50,,2.77,15.26,-2.1,0.31,8.92,13.83,16.65,11.47,14.69,,,,2026-06-30,APMI monthly report Jun 2026,,pmsStrategy-whiteoak-capital-asset-management-limited-white-oak-india-equity-portfolio-approach
White Oak India Liquid Portfolio,Whiteoak Capital Asset Management Limited,Hybrid,2.05,50,,0.49,1.32,2.47,4.97,5.34,5.67,5.63,5.18,4.95,,,,2026-06-30,APMI monthly report Jun 2026,,pmsStrategy-whiteoak-capital-asset-management-limited-white-oak-india-liquid-portfolio
White Oak India Pioneers Equity ESG Portfolio,Whiteoak Capital Asset Management Limited,,0.74,50,,4.96,17.32,-2.15,-4.01,3.65,10.01,13.47,,7.32,,,,2026-06-30,APMI monthly report Jun 2026,,pmsStrategy-whiteoak-capital-asset-management-limited-white-oak-india-pioneers-equity-esg-portfolio
White Oak India Pioneers Equity Portfolio,Whiteoak Capital Asset Management Limited,Multicap,2946.26,50,,3.2,14.8,-3.42,-5.14,1.55,9.87,12.94,8.47,14.54,,,,2026-06-30,APMI monthly report Jun 2026,,pmsStrategy-whiteoak-capital-asset-management-limited-white-oak-india-pioneers-equity-portfolio
White Oak India Pioneers Equity Portfolio STP Plan,Whiteoak Capital Asset Management Limited,,63.14,50,,2.99,14.4,-3.79,-5.79,1.33,9.61,12.67,7.95,10.86,,,,2026-06-30,APMI monthly report Jun 2026,,pmsStrategy-whiteoak-capital-asset-management-limited-white-oak-india-pioneers-equity-portfolio-stp-plan
White Oak India Select Equity Portfolio,Whiteoak Capital Asset Management Limited,,11.88,50,,2.8,19.05,-1.76,-10.1,3.37,10.13,14.1,9.11,11.13,,,,2026-06-30,APMI monthly report Jun 2026,,pmsStrategy-whiteoak-capital-asset-management-limited-white-oak-india-select-equity-portfolio
WhiteOak Capital Bharat 100 Portfolio Approach,Whiteoak Capital Asset Management Limited,,,50,,0,0,0,0,0,,,,0,,,,2026-06-30,APMI monthly report Jun 2026,,pmsStrategy-whiteoak-capital-asset-management-limited-whiteoak-capital-bharat-100-portfolio-approach
WhiteOak Capital Emerging Leaders Portfolio Approach,Whiteoak Capital Asset Management Limited,,,50,,0,0,0,0,0,0,,,0,,,,2026-06-30,APMI monthly report Jun 2026,,pmsStrategy-whiteoak-capital-asset-management-limited-whiteoak-capital-emerging-leaders-portfolio-approach
WhiteOak Capital Family-Owned Family Managed Portfolio (FOFM) Approach,Whiteoak Capital Asset Management Limited,,,50,,0,0,0,0,0,0,,,0,,,,2026-06-30,APMI monthly report Jun 2026,,pmsStrategy-whiteoak-capital-asset-management-limited-whiteoak-capital-family-owned-family-managed-portfolio
WhiteOak Capital Research Select Equity Portfolio Approach,Whiteoak Capital Asset Management Limited,,22.36,50,,2.33,11.83,-3.84,-4.73,2.17,,,,5.05,,,,2026-06-30,APMI monthly report Jun 2026,,pmsStrategy-whiteoak-capital-asset-management-limited-whiteoak-capital-research-select-equity-portfolio-appr
WhiteOak Capital Select Stocks Portfolio Approach,Whiteoak Capital Asset Management Limited,,,50,,0,0,0,0,0,,,,0,,,,2026-06-30,APMI monthly report Jun 2026,,pmsStrategy-whiteoak-capital-asset-management-limited-whiteoak-capital-select-stocks-portfolio-approach
WhiteOak India Business Leaders PMS,Whiteoak Capital Asset Management Limited,,65.07,50,,2.52,12.26,-3.4,-3.9,2.71,9.91,12.99,8.77,10.63,,,,2026-06-30,APMI monthly report Jun 2026,,pmsStrategy-whiteoak-capital-asset-management-limited-whiteoak-india-business-leaders-pms
WILLOW LONG TERM VALUE STRATEGY,Willow Advisors Llp,,295.07,50,,0.07,11.63,-4.65,-4.76,-2.05,5.96,10.51,6.22,8.48,,,,2026-06-30,APMI monthly report Jun 2026,,pmsStrategy-willow-advisors-llp-willow-long-term-value-strategy
WRIGHT YIELDX BOND PORTFOLIO,Wryght Research And Capital Private Limited,Hybrid,,50,,0,0,0,3.37,,,,,7.87,,,,2026-06-30,APMI monthly report Jun 2026,,pmsStrategy-wryght-research-and-capital-private-limited-wright-yieldx-bond-portfolio
Wright Alpha Fund,Wryght Research And Capital Private Limited,,44.24,50,,1.63,16.79,2.02,-5.99,-12.84,,,,5.04,,,,2026-06-30,APMI monthly report Jun 2026,,pmsStrategy-wryght-research-and-capital-private-limited-wright-alpha-fund
Wright Debt Fund,Wryght Research And Capital Private Limited,Hybrid,3.15,50,,-0.55,0.51,2.03,6.98,4.97,,,,5.3,,,,2026-06-30,APMI monthly report Jun 2026,,pmsStrategy-wryght-research-and-capital-private-limited-wright-debt-fund
Wright Factor Fund,Wryght Research And Capital Private Limited,,224.03,50,,1.66,19.1,7.39,9.51,-1.46,,,,19.07,,,,2026-06-30,APMI monthly report Jun 2026,,pmsStrategy-wryght-research-and-capital-private-limited-wright-factor-fund
Wright Factor Fund Hedged,Wryght Research And Capital Private Limited,,,50,,0,0,-0.23,-1.25,-3.05,,,,9.11,,,,2026-06-30,APMI monthly report Jun 2026,,pmsStrategy-wryght-research-and-capital-private-limited-wright-factor-fund-hedged
Wright Factor Fund- NRI,Wryght Research And Capital Private Limited,,0.8,50,,0.8,19.48,9.6,12.04,7.28,,,,19.08,,,,2026-06-30,APMI monthly report Jun 2026,,pmsStrategy-wryght-research-and-capital-private-limited-wright-factor-fund-nri
Wright Multi Asset Portfolio,Wryght Research And Capital Private Limited,Hybrid,0.39,50,,1.3,10.2,0.03,-1.12,,,,,-3.63,,,,2026-06-30,APMI monthly report Jun 2026,,pmsStrategy-wryght-research-and-capital-private-limited-wright-multi-asset-portfolio
XPONENT TRIBE LLP - XPONENT TRIBE MANAGED WEALTH PORTFOLIO,Xponent Tribe LLP,Hybrid,132.34,50,,6.03,59.13,52.87,64.21,,,,,62.81,,,,2026-06-30,APMI monthly report Jun 2026,,pmsStrategy-xponent-tribe-llp-xponent-tribe-llp-xponent-tribe-managed-wealth-portfolio
XPONENT TRIBE LLP - XPONENT TRIBE YIELD PORTFOLIO,Xponent Tribe LLP,Hybrid,7.66,50,,5.28,21.3,15.82,27.96,,,,,19.87,,,,2026-06-30,APMI monthly report Jun 2026,,pmsStrategy-xponent-tribe-llp-xponent-tribe-llp-xponent-tribe-yield-portfolio
Xponent Tribe Long-term Equity Portfolio,Xponent Tribe LLP,,157.13,50,,8.91,52.72,40.86,53.27,34.94,,,,40.59,,,,2026-06-30,APMI monthly report Jun 2026,,pmsStrategy-xponent-tribe-llp-xponent-tribe-long-term-equity-portfolio
Emerging Opportunities Strategy,Zen Wealth Management Services Ltd,,184.89,50,,6.19,21.69,1.93,2.62,7.06,19.92,28.17,25.87,37.55,,,,2026-06-30,APMI monthly report Jun 2026,,pmsStrategy-zen-wealth-management-services-ltd-emerging-opportunities-strategy
Focused Strategy,Zen Wealth Management Services Ltd,,31.14,50,,6.26,29.86,11.88,21.02,,,,,11.43,,,,2026-06-30,APMI monthly report Jun 2026,,pmsStrategy-zen-wealth-management-services-ltd-focused-strategy
Multicap Strategy,Zen Wealth Management Services Ltd,,282.68,50,,2.62,11.88,1.01,0.44,2.91,13.72,17.64,15.02,14.5,,,,2026-06-30,APMI monthly report Jun 2026,,pmsStrategy-zen-wealth-management-services-ltd-multicap-strategy
