strategyName,manager,category,aumCr,minInvestmentL,returns1m,returns3m,returns6m,returns1y,returns2y,returns3y,returns4y,returns5y,sinceInception,feesFixed,feesPerformance,feesHurdle,asOfDate,source,notes
KRIIS HIGH GROWTH STRATEGY,KRIIS PORTFOLIO PRIVATE LIMITED,,135.03,50,14.91,58.25,35.82,31.29,34.00,,,,38.89,,,,2026-06-30,APMI monthly report Jun 2026,
MONEYGROW SMALL MIDCAP,Moneygrow Asset Private Limited,,153.00,50,14.54,75.25,37.84,4.45,12.68,,,,20.38,,,,2026-06-30,APMI monthly report Jun 2026,
EQUIRUS LONG HORIZON FUND,Equirus Wealth Private Limited,,368.85,50,14.49,41.41,18.12,14.87,8.24,17.53,20.32,13.01,20.92,,,,2026-06-30,APMI monthly report Jun 2026,
KRIIS MULTICAP FUND STRATEGY,KRIIS PORTFOLIO PRIVATE LIMITED,,359.87,50,13.69,53.28,33.46,26.64,20.32,28.74,27.81,20.05,24.12,,,,2026-06-30,APMI monthly report Jun 2026,
Aurum Small Cap Plus,Nine Rivers Capital Holdings Private Limited,,9.93,50,12.38,41.20,10.21,-1.09,0.90,8.93,16.93,10.44,12.93,,,,2026-06-30,APMI monthly report Jun 2026,
IMPERIAL INDIA FOCUSED EQUITY,Ghalla Bhansali Stock Brokers Pvt Ltd,,31.98,50,12.17,57.64,17.73,13.04,5.09,22.39,24.38,19.69,15.51,,,,2026-06-30,APMI monthly report Jun 2026,
Samatva Small Cap Strategy,SAMATVA INVESTMENT ADVISERS LLP,,105.92,50,12.02,39.92,19.95,,,,,,15.57,,,,2026-06-30,APMI monthly report Jun 2026,
EMERGING LEADERS,Solidarity Advisors Private Limited,,107.84,50,12.00,52.28,35.50,14.34,13.41,15.16,,,15.63,,,,2026-06-30,APMI monthly report Jun 2026,
AMALTAS STRATEGIC OPPORTUNITIES SERIES I,Amaltas Asset Management LLP,,5.37,50,11.92,34.84,19.27,,,,,,34.21,,,,2026-06-30,APMI monthly report Jun 2026,
WHITE WHALE PARTNERS LLP-RISING STAR PF,White Whale Partners,,4.95,50,11.86,35.11,15.15,18.20,,,,,17.10,,,,2026-06-30,APMI monthly report Jun 2026,
Emerging Dominators Plus,Piper Serica Advisors Private Limited,,3.75,50,11.51,33.08,21.19,11.99,7.95,,,,13.55,,,,2026-06-30,APMI monthly report Jun 2026,
Clockvine Growth Fund,CLOCKVINE CAPITAL ADVISORS PRIVATE LIMITED,,97.21,50,11.41,33.15,15.43,19.71,13.21,,,,17.43,,,,2026-06-30,APMI monthly report Jun 2026,
East Green Agile Strategy,East Green Advisors LLP,,71.33,50,11.35,29.86,16.07,17.16,8.54,0.00,,,15.62,,,,2026-06-30,APMI monthly report Jun 2026,
VARANIUM G2G INDIA PORTFOLIO - 00010051,VARANIUM CAPITAL ADVISORS PRIVATE LIMITED,,34.05,50,11.34,50.56,18.61,0.25,2.48,19.17,19.51,12.83,15.66,,,,2026-06-30,APMI monthly report Jun 2026,
SAVVY DEFAULT,Savvy Capital Advisors Llp,,875.31,50,11.26,48.73,19.26,0.87,0.09,20.44,27.46,23.05,24.07,,,,2026-06-30,APMI monthly report Jun 2026,
Sparkling Gems,TRADESWIFT BROKING PRIVATE LIMITED,,13.48,50,11.16,37.77,20.47,,,,,,15.78,,,,2026-06-30,APMI monthly report Jun 2026,
Accelt Long Term Equity Fund,ACCELT ASSET MANAGEMENT LLP,,12.47,50,10.97,25.99,14.20,8.49,,,,,12.60,,,,2026-06-30,APMI monthly report Jun 2026,
Electrum Laureate Portfolio,Electrum Portfolio Managers Pvt Limited,,658.96,50,10.94,36.36,15.40,11.88,12.38,23.84,26.59,22.45,30.23,,,,2026-06-30,APMI monthly report Jun 2026,
EQUITREE EMERGING OPPORTUNITIES,Equitree Capital Advisors Private Limited,,1512.21,50,10.76,34.06,5.81,-2.59,5.18,27.19,29.00,23.23,7.90,,,,2026-06-30,APMI monthly report Jun 2026,
AVERRA ASSET MANAGERS LLP-LONG TERM GROWTH AT FAIR VALUE,AVERRA ASSET MANAGERS LLP,,43.95,50,10.71,41.17,,,,,,,26.29,,,,2026-06-30,APMI monthly report Jun 2026,
SBI Aeon Alpha Portfolio,SBI Funds Management Limited,,735.68,50,10.50,25.57,18.07,13.72,5.19,16.37,18.70,,14.97,,,,2026-06-30,APMI monthly report Jun 2026,
NUCLEUS,Ghalla Bhansali Stock Brokers Pvt Ltd,,71.19,50,10.44,37.98,17.08,1.96,-0.35,,,,4.37,,,,2026-06-30,APMI monthly report Jun 2026,
GREEN PORTFOLIO MNC ADVANTAGE FUND,Green Portfolio Private Limited,,9.76,50,10.35,32.10,12.96,4.33,2.30,17.64,20.90,17.77,21.58,,,,2026-06-30,APMI monthly report Jun 2026,
Piper Serica Leader Portfolio Strategy,Piper Serica Advisors Private Limited,,1002.98,50,10.33,31.32,18.25,11.16,7.16,18.16,20.32,13.49,16.67,,,,2026-06-30,APMI monthly report Jun 2026,
THINQWISE INDIA LONG TERM FUND,THINQWISE WEALTH MANAGERS LLP,,45.48,50,10.30,25.95,3.93,-0.65,3.13,10.21,,,10.66,,,,2026-06-30,APMI monthly report Jun 2026,
CENTRUM MICROCAP NRI,Centrum Investment Advisers Limited,,0.58,50,10.25,31.51,17.92,,,,,,1.50,,,,2026-06-30,APMI monthly report Jun 2026,
CENTRUM MICROCAP PORTFOLIO.,Centrum Investment Advisers Limited,,11.45,50,10.17,35.58,14.17,7.39,1.89,14.87,19.94,17.15,16.31,,,,2026-06-30,APMI monthly report Jun 2026,
Bin73 SunriseAlpha,WAYA FINANCIAL TECHNOLOGIES PRIVATE LIMITED,,45.81,50,10.02,41.59,18.30,9.69,,,,,9.60,,,,2026-06-30,APMI monthly report Jun 2026,
SBI ALPHA EDGE,SBI Funds Management Limited,,830.02,50,10.01,34.57,27.91,,,,,,27.91,,,,2026-06-30,APMI monthly report Jun 2026,
Electrum Novogram Excel Strategy,Electrum Portfolio Managers Pvt Limited,,7.01,50,9.90,34.41,13.80,9.78,,,,,-1.91,,,,2026-06-30,APMI monthly report Jun 2026,
LEAPFROG,Ghalla Bhansali Stock Brokers Pvt Ltd,,49.22,50,9.88,43.96,12.70,-1.16,-6.34,,,,3.45,,,,2026-06-30,APMI monthly report Jun 2026,
Chanakya Wealth Creation Plan,Trust Investment Advisors Pvt. Ltd.,,750.89,50,9.83,22.90,-3.39,-9.90,-1.98,3.26,8.17,3.59,13.45,,,,2026-06-30,APMI monthly report Jun 2026,
Alpha Portfolio,VARANIUM CAPITAL ADVISORS PRIVATE LIMITED,,9.50,50,9.80,20.30,-4.47,-1.86,144.42,125.28,95.58,69.98,23.03,,,,2026-06-30,APMI monthly report Jun 2026,
Wallfort India Contra Equity Fund,Wallfort Fund Management Llp,,35.67,50,9.79,36.58,10.54,3.28,12.83,,,,23.48,,,,2026-06-30,APMI monthly report Jun 2026,
MAJESTIC,Ghalla Bhansali Stock Brokers Pvt Ltd,,14.33,50,9.75,48.50,14.73,6.20,1.83,,,,11.47,,,,2026-06-30,APMI monthly report Jun 2026,
Ventura Microcap Intelligence Thematic Management Scheme,Ventura Securities Limited,,2.24,50,9.75,34.06,19.22,7.99,,,,,6.57,,,,2026-06-30,APMI monthly report Jun 2026,
Diversified,Wallfort Fund Management Llp,,574.44,50,9.63,40.82,6.48,8.72,13.00,39.25,35.78,25.76,23.47,,,,2026-06-30,APMI monthly report Jun 2026,
Abakkus Select Opportunities Strategy 2,Abakkus Asset Manager Private Limited,,436.36,50,9.59,26.36,12.23,8.98,12.75,,,,20.88,,,,2026-06-30,APMI monthly report Jun 2026,
Ambit Emerging Giants Small Cap Portfolio,Ambit Investment Advisors Private Limited,,82.25,50,9.40,37.21,16.08,2.61,-0.27,2.50,10.90,7.31,11.94,,,,2026-06-30,APMI monthly report Jun 2026,
Sanctum Thematic Strategies - Sanctum Select Series 1,Sanctum Wealth Private Limited,,3.91,50,9.39,15.92,3.08,,,,,,-2.70,,,,2026-06-30,APMI monthly report Jun 2026,
AG PRIVE PHILLIP DYNAMIC ALLOCATOR,Phillipcapital (India) Pvt Ltd,,1.96,50,9.26,10.25,,,,,,,7.82,,,,2026-06-30,APMI monthly report Jun 2026,
Ace Ten Trillion Opportunities,Asit C. Mehta Investment Interrmediates Ltd.,,10.82,50,9.12,33.80,17.09,12.42,6.68,29.48,31.23,24.64,18.94,,,,2026-06-30,APMI monthly report Jun 2026,
Unique Strategic Fund,Unique Asset Management Llp,,1709.46,50,9.11,26.17,4.13,-2.79,1.87,19.11,27.54,22.48,29.46,,,,2026-06-30,APMI monthly report Jun 2026,
KINETIC,Ghalla Bhansali Stock Brokers Pvt Ltd,,90.60,50,9.09,57.80,26.54,10.37,8.41,26.06,33.02,27.43,23.46,,,,2026-06-30,APMI monthly report Jun 2026,
SAHASRAR CONCENTRATED GROWTH PORTFOLIO,Sahasrar Capital Pvt Ltd,,1621.06,50,9.06,43.55,22.81,26.68,37.67,38.28,29.59,,29.44,,,,2026-06-30,APMI monthly report Jun 2026,
Abakkus Select Opportunities Strategy,Abakkus Asset Manager Private Limited,,334.56,50,9.06,29.63,5.70,15.45,7.62,15.06,17.89,,22.27,,,,2026-06-30,APMI monthly report Jun 2026,
LATENT EQUITY GROWTH,Latent Advisors LLP,,116.18,50,9.05,27.94,7.19,4.81,16.83,,,,22.75,,,,2026-06-30,APMI monthly report Jun 2026,
Arth Long Term Owner's Approach,Arth Portfolio Management Private Limited,,39.53,50,8.95,39.35,14.52,9.64,-0.14,,,,7.63,,,,2026-06-30,APMI monthly report Jun 2026,
AXIS Emerging Stars Portfolio,Axis Asset Management Company Limited,,111.02,50,8.93,34.30,14.47,10.13,8.77,,,,8.04,,,,2026-06-30,APMI monthly report Jun 2026,
India Rising SME Stars,Hem Securities Limited,,96.84,50,8.92,46.01,8.70,-2.09,0.56,16.97,30.21,,24.10,,,,2026-06-30,APMI monthly report Jun 2026,
Wallfort Ameya Fund,Wallfort Fund Management Llp,,140.81,50,8.92,36.26,20.06,9.35,19.78,25.52,,,36.96,,,,2026-06-30,APMI monthly report Jun 2026,
SEERS ENDURING PORTFOLIO,Seers Fund Management Pvt. Ltd.,,406.21,50,8.91,39.00,11.67,7.55,1.19,27.36,31.83,30.58,22.29,,,,2026-06-30,APMI monthly report Jun 2026,
Xponent Tribe Long-term Equity Portfolio,Xponent Tribe LLP,,157.13,50,8.91,52.72,40.86,53.27,34.94,,,,40.59,,,,2026-06-30,APMI monthly report Jun 2026,
Aurum Small Cap Opportunities,Nine Rivers Capital Holdings Private Limited,,705.61,50,8.82,32.21,6.14,-2.90,-1.57,12.50,18.99,12.69,24.65,,,,2026-06-30,APMI monthly report Jun 2026,
EverFlow Bespoke,Himalaya Investment Advisors LLP,,53.71,50,8.82,42.61,19.59,21.42,23.07,32.32,,,33.19,,,,2026-06-30,APMI monthly report Jun 2026,
Aurum Multiplier Portfolio,Nine Rivers Capital Holdings Private Limited,,39.19,50,8.69,32.16,9.56,4.18,11.94,19.03,20.92,16.08,17.19,,,,2026-06-30,APMI monthly report Jun 2026,
Electrum S.C.A.L.E.,Electrum Portfolio Managers Pvt Limited,,5.06,50,8.64,28.95,17.62,16.31,,,,,10.24,,,,2026-06-30,APMI monthly report Jun 2026,
GREEN PORTFOLIO THE IMPACT ESG FUND,Green Portfolio Private Limited,,4.36,50,8.62,47.73,22.10,9.33,5.34,23.92,28.15,,25.63,,,,2026-06-30,APMI monthly report Jun 2026,
Enam India Vision Portfolio,Enam Asset Management Company Private Limited,,888.08,50,8.61,20.79,8.82,13.48,6.00,13.52,,,15.42,,,,2026-06-30,APMI monthly report Jun 2026,
Xylem Maverick Strategy,Brightseeds Advisors LLP,,67.06,50,8.55,49.31,26.03,15.29,,,,,16.87,,,,2026-06-30,APMI monthly report Jun 2026,
Banyan India Portfolio,Banyan Capital Advisors Llp,,463.75,50,8.51,31.03,6.94,2.76,9.24,20.89,25.89,22.85,18.17,,,,2026-06-30,APMI monthly report Jun 2026,
East Green Quant Strategy,East Green Advisors LLP,,6.27,50,8.49,34.96,25.12,35.59,13.42,,,,15.79,,,,2026-06-30,APMI monthly report Jun 2026,
Clearview Long Term Partners Fund,CLEARVIEW CAPITAL ADVISORS PRIVATE LIMITED,,46.97,50,8.48,30.06,16.01,11.58,,,,,16.03,,,,2026-06-30,APMI monthly report Jun 2026,
THE GREEN ETHICAL FUND,Green Portfolio Private Limited,,29.53,50,8.48,42.52,24.89,14.69,9.83,,,,9.30,,,,2026-06-30,APMI monthly report Jun 2026,
Aurum Growth Opportunities,Nine Rivers Capital Holdings Private Limited,,4.21,50,8.42,33.94,11.42,5.01,8.03,12.30,18.30,10.52,19.32,,,,2026-06-30,APMI monthly report Jun 2026,
Girik BluFIN Strategy,Girik Wealth Advisors Private Limited,,135.10,50,8.40,28.60,13.43,7.49,2.25,20.17,21.38,,10.20,,,,2026-06-30,APMI monthly report Jun 2026,
WHITE TRUFFLE,Ghalla Bhansali Stock Brokers Pvt Ltd,,24.68,50,8.37,30.70,17.01,20.55,14.79,26.09,27.66,21.60,17.39,,,,2026-06-30,APMI monthly report Jun 2026,
Reverse Research,MIV Investment Services Private Limited,,2092.14,50,8.37,30.91,13.62,20.67,6.52,21.47,24.16,17.65,22.99,,,,2026-06-30,APMI monthly report Jun 2026,
InvesQ Multicap Opportunities Portfolio,INVESQ INVESTMENT MANAGERS LLP,,129.21,50,8.29,27.03,6.99,-0.60,6.78,,,,6.79,,,,2026-06-30,APMI monthly report Jun 2026,
SEERS DECADE OF INDIA,Seers Fund Management Pvt. Ltd.,,41.39,50,8.29,37.74,14.28,17.35,,,,,6.91,,,,2026-06-30,APMI monthly report Jun 2026,
ValueQuest Platinum,Valuequest Investment Advisors Pvt. Ltd.,,3428.11,50,8.28,26.41,9.21,-1.90,1.17,14.65,19.70,16.21,18.58,,,,2026-06-30,APMI monthly report Jun 2026,
EverFlow India Opportunities,Himalaya Investment Advisors LLP,,449.88,50,8.26,33.88,13.20,12.41,18.93,22.54,,,25.36,,,,2026-06-30,APMI monthly report Jun 2026,
SI INDIA GROWTH,SHARE INDIA SECURITIES LIMITED.,,5.18,50,8.19,44.94,,,,,,,36.57,,,,2026-06-30,APMI monthly report Jun 2026,
MONEYGROW BLEND,Moneygrow Asset Private Limited,,6.28,50,8.17,41.02,14.57,1.59,,,,,-2.26,,,,2026-06-30,APMI monthly report Jun 2026,
COMPOSITE INDIA GARP FUND,Composite Investments Private Limited,,110.52,50,8.17,31.58,9.88,5.27,3.05,14.14,19.37,11.96,18.08,,,,2026-06-30,APMI monthly report Jun 2026,
POLARIS HUMAN PLUS MACHINE CONVERGED EQUITY STRATEGY,Clearmind Consultancy Private Limited,,2.88,50,8.14,12.18,,,,,,,12.18,,,,2026-06-30,APMI monthly report Jun 2026,
Ambit Micro Marvels Portfolio,Ambit Investment Advisors Private Limited,,395.42,50,8.14,33.70,6.07,-3.36,,,,,-6.58,,,,2026-06-30,APMI monthly report Jun 2026,
Trivantage Capital Resurgent Financials Equity Super Six Portfolio,Trivantage Capital Management India Private Limited,,1.04,50,8.08,18.06,-0.72,-1.95,5.31,10.64,15.38,10.27,10.77,,,,2026-06-30,APMI monthly report Jun 2026,
TAMOHARA INVESTMENT MANAGERS PVT LTD -JRL - TAMOHARA RISING 20-20 STRATEGY,Tamohara Investment Managers Pvt Ltd,,1.14,50,8.04,29.75,10.55,9.46,5.07,12.79,15.46,11.33,13.95,,,,2026-06-30,APMI monthly report Jun 2026,
EBISU India All Inclusive,EBISU INVESTMENT ADVISORS LLP,,53.63,50,7.94,38.92,13.74,0.88,,,,,-0.83,,,,2026-06-30,APMI monthly report Jun 2026,
GREEN PORTFOLIO FUND OF FUNDS,Green Portfolio Private Limited,,51.83,50,7.93,45.52,14.15,15.57,16.06,25.36,24.03,21.68,18.78,,,,2026-06-30,APMI monthly report Jun 2026,
HPMG Small Cap Fund,HPMG SHARES AND SECURITIES PVT LTD,,6.57,50,7.78,31.16,14.04,2.97,4.66,17.46,,,24.07,,,,2026-06-30,APMI monthly report Jun 2026,
SEVEN ISLANDS MULTICAP FUND,Mansi Share And Stock Advisors Pvt Ltd,,145.22,50,7.77,39.25,8.73,9.67,5.47,21.50,,,23.57,,,,2026-06-30,APMI monthly report Jun 2026,
East Lane Long Term Growth,East Lane Capital Llp,,1039.82,50,7.76,19.82,7.27,10.68,7.95,16.00,17.05,11.57,15.34,,,,2026-06-30,APMI monthly report Jun 2026,
Valcreate Recovery Strategy,Valcreate Investment Managers LLP,,1.41,50,7.72,53.73,25.61,,,,,,18.05,,,,2026-06-30,APMI monthly report Jun 2026,
Flexi-cap Fundamental Opportunities,True Beacon Investment Advisors Llp,,136.05,50,7.71,22.59,6.28,14.62,11.71,,,,17.53,,,,2026-06-30,APMI monthly report Jun 2026,
TAMOHARA TRUFFLE STRATEGY,Tamohara Investment Managers Pvt Ltd,,199.40,50,7.66,29.89,14.49,17.78,13.14,19.40,21.48,15.07,18.98,,,,2026-06-30,APMI monthly report Jun 2026,
White Whale North Star,White Whale Partners,,63.60,50,7.65,21.33,-1.71,2.64,6.88,9.18,12.24,9.48,11.63,,,,2026-06-30,APMI monthly report Jun 2026,
Electrum Viksit Bharat Approach,Electrum Portfolio Managers Pvt Limited,,1.09,50,7.65,26.44,11.68,,,,,,11.25,,,,2026-06-30,APMI monthly report Jun 2026,
APRICUS WEALTH STERLING EQUITY STRATEGY,APRICUS WEALTH INVESTMENT MANAGERS LLP,,66.54,50,7.64,24.39,7.74,12.72,,,,,13.15,,,,2026-06-30,APMI monthly report Jun 2026,
Ambit TenX Portfolio,Ambit Investment Advisors Private Limited,,45.81,50,7.63,25.45,8.50,4.31,-0.04,6.98,13.11,,8.09,,,,2026-06-30,APMI monthly report Jun 2026,
SVAN INVESTMENT MANAGERS LLP - VELOCITY,Svan Investment Managers LLP,,384.88,50,7.52,29.30,7.74,2.95,8.91,,,,23.73,,,,2026-06-30,APMI monthly report Jun 2026,
Ambit Build India Portfolio,Ambit Wealth Private Limited,,40.93,50,7.51,34.83,21.13,11.72,3.19,,,,16.67,,,,2026-06-30,APMI monthly report Jun 2026,
Enam India Core Equity Portfolio,Enam Asset Management Company Private Limited,,9048.04,50,7.47,19.15,9.48,10.32,3.95,12.79,18.72,13.18,19.19,,,,2026-06-30,APMI monthly report Jun 2026,
Fident India Builder Equity Portfolio (FIBER),Fident Asset Management Private Limited,,20.64,50,7.46,43.93,18.29,6.98,7.73,,,,7.93,,,,2026-06-30,APMI monthly report Jun 2026,
Shree Vriddhi,Shree Rama Managers Llp,,78.94,50,7.46,21.32,10.59,5.03,-12.59,8.37,13.66,,11.54,,,,2026-06-30,APMI monthly report Jun 2026,
PCS SECURITIES LTD ALYATTES 00017643-001,PCS SECURITIES LTD,,35.40,50,7.39,19.83,-2.13,14.57,11.08,,,,18.99,,,,2026-06-30,APMI monthly report Jun 2026,
Envision India Opportunities Portfolio,Envision Capital Services Private Limited,,127.73,50,7.38,22.91,2.14,6.32,4.73,15.95,19.22,15.37,16.41,,,,2026-06-30,APMI monthly report Jun 2026,
GROWTHFINITI LEAD,Growthfiniti Wealth Pvt Ltd,,6.94,50,7.38,21.02,3.69,,,,,,-2.09,,,,2026-06-30,APMI monthly report Jun 2026,
Envision India Value Portdolio,Envision Capital Services Private Limited,,57.57,50,7.32,26.69,2.74,6.62,1.19,14.07,17.74,13.85,12.41,,,,2026-06-30,APMI monthly report Jun 2026,
TAMOHARA LONG TERM EQUITY STRATEGY,Tamohara Investment Managers Pvt Ltd,,26.48,50,7.32,29.08,9.82,11.22,5.30,10.46,13.15,9.88,10.98,,,,2026-06-30,APMI monthly report Jun 2026,
PGIM INDIA EQUITY PORTFOLIO SERIES I High Conviction Themes,PGIM India Asset Management Private Limited,,6.50,50,7.29,37.91,10.11,0.00,0.00,0.00,,,8.96,,,,2026-06-30,APMI monthly report Jun 2026,
AXIS SECURITIES KAIZEN,Axis Securities Ltd,,534.79,50,7.25,28.28,28.21,21.99,12.86,24.88,,,25.02,,,,2026-06-30,APMI monthly report Jun 2026,
NMR Growth Strategy,NMR CAPITAL ADVISORS LLP,,73.45,50,7.23,47.58,19.36,7.67,,,,,14.39,,,,2026-06-30,APMI monthly report Jun 2026,
AMALTAS KEYSTONE FUND,Amaltas Asset Management LLP,,61.55,50,7.22,55.34,34.92,24.59,,,,,20.52,,,,2026-06-30,APMI monthly report Jun 2026,
SRE Finansys Quant Momentum PMS,Sykes And Ray Equities India Limited,,2.69,50,7.17,7.84,,,,,,,8.07,,,,2026-06-30,APMI monthly report Jun 2026,
NAFA Small Cap Portfolio,Nafa Asset Managers Private Limited,,51.59,50,7.16,24.16,-1.70,-8.84,-4.84,7.70,12.54,12.63,15.90,,,,2026-06-30,APMI monthly report Jun 2026,
KORMAN CAPITAL INVESTMENT ADVISORS LLP - KORMAN AGILE STRATEGY,KORMAN CAPITAL INVESTMENT ADVISORS LLP,,74.54,50,7.12,,,,,,,,7.12,,,,2026-06-30,APMI monthly report Jun 2026,
Decennium Opportunity Portfolio,Anand Rathi Advisors Limited,,154.38,50,7.11,27.77,9.51,-0.13,-3.07,12.10,15.44,,10.40,,,,2026-06-30,APMI monthly report Jun 2026,
S64 MULTICAP,SQUARE 64 CAPITAL ADVISORS LLP,,106.74,50,7.07,41.58,19.85,2.25,,,,,5.64,,,,2026-06-30,APMI monthly report Jun 2026,
Enam India Diversified Equity Advantage Portfolio,Enam Asset Management Company Private Limited,,3637.03,50,7.03,20.44,9.24,14.28,6.16,13.04,17.20,11.67,15.80,,,,2026-06-30,APMI monthly report Jun 2026,
PRUDENCE,Solidarity Advisors Private Limited,,1750.54,50,7.01,34.13,22.18,17.92,15.42,15.90,16.83,12.47,17.78,,,,2026-06-30,APMI monthly report Jun 2026,
Enam India Opportunities Portfolio,Enam Asset Management Company Private Limited,,723.48,50,6.96,20.69,10.65,15.79,9.92,17.40,,,18.07,,,,2026-06-30,APMI monthly report Jun 2026,
Decennium Opportunity Port -NRI,Anand Rathi Advisors Limited,,26.94,50,6.90,27.18,8.60,-0.06,-2.14,11.54,14.62,,10.91,,,,2026-06-30,APMI monthly report Jun 2026,
ABM India Consumption Portfolio,Aditya Birla Money Limited,,8.01,50,6.87,24.02,2.90,3.25,3.79,13.11,16.30,10.19,10.03,,,,2026-06-30,APMI monthly report Jun 2026,
SHADE VALUE FUND,Shade Capital Private Limited,,87.78,50,6.87,31.73,8.53,14.31,9.55,24.27,22.98,14.05,17.50,,,,2026-06-30,APMI monthly report Jun 2026,
GROWTH,Ghalla Bhansali Stock Brokers Pvt Ltd,,22.18,50,6.85,43.89,16.64,10.16,4.05,17.82,21.92,17.87,20.02,,,,2026-06-30,APMI monthly report Jun 2026,
Elevate,CUMULUS ADVISORY LLP,,118.50,50,6.77,21.77,9.78,6.93,,,,,12.44,,,,2026-06-30,APMI monthly report Jun 2026,
JPMS AGILITY FUND,JAINAM BROKING LIMITED,,1.76,50,6.76,23.90,,,,,,,26.21,,,,2026-06-30,APMI monthly report Jun 2026,
PGIM INDIA PHOENIX PORTFOLIO,PGIM India Asset Management Private Limited,,61.48,50,6.75,31.50,8.95,-4.63,1.00,10.83,15.37,13.19,12.38,,,,2026-06-30,APMI monthly report Jun 2026,
QUEENBEE,Moneybee Securities Pvt Ltd,,105.33,50,6.72,31.38,1.02,-9.05,-4.67,15.79,20.20,22.64,19.40,,,,2026-06-30,APMI monthly report Jun 2026,
Centrum String of Pearls DV- III,Centrum Investment Advisers Limited,,8.17,50,6.71,23.72,-1.05,-8.92,-6.17,9.25,10.60,8.06,12.21,,,,2026-06-30,APMI monthly report Jun 2026,
PATERSON LEADERSHIP,PATERSON SECURITIES PRIVATE LIMITED,,6.52,50,6.71,25.80,9.67,2.61,0.00,,,,0.32,,,,2026-06-30,APMI monthly report Jun 2026,
Intrinsic Series,Trustline Holdings Pvt Ltd,,899.74,50,6.69,31.79,14.07,10.31,4.01,12.90,19.22,15.70,16.56,,,,2026-06-30,APMI monthly report Jun 2026,
QODE GROWTH FUND,Qode Advisors LLP,,76.67,50,6.69,33.40,33.12,23.67,,,,,34.89,,,,2026-06-30,APMI monthly report Jun 2026,
Nirmal Bang Equity Multi Cap,Nirmal Bang Securities Private Limited,,205.57,50,6.65,24.94,18.86,15.50,4.94,,,,20.43,,,,2026-06-30,APMI monthly report Jun 2026,
EMKAYS ALPHA,Emkay Investment Managers Limited,,189.30,50,6.65,21.16,2.88,5.37,5.53,15.81,17.65,13.57,13.19,,,,2026-06-30,APMI monthly report Jun 2026,
CENTRUM DEEP VALUE IV.,Centrum Investment Advisers Limited,,23.95,50,6.63,23.43,-1.54,-8.69,-6.34,10.16,11.31,8.17,14.01,,,,2026-06-30,APMI monthly report Jun 2026,
Dynamic Research & Emerging Asset Management Strategy (DREAM),Hem Securities Limited,,193.56,50,6.61,28.27,7.89,2.01,5.41,18.27,22.45,18.40,22.02,,,,2026-06-30,APMI monthly report Jun 2026,
SBI ESG Portfolio (formerly known as SBI Growth With Values Portfolio),SBI Funds Management Limited,,655.04,50,6.61,22.54,11.37,3.64,4.37,13.73,15.37,14.42,11.37,,,,2026-06-30,APMI monthly report Jun 2026,
V.E.C ASSAGO Small and Mid-Cap Growth Bespoke Discretionary PMS,V.E.C ASSAGO CAPITAL MANAGEMENT LLP,,141.60,50,6.59,45.97,28.29,24.66,,,,,28.49,,,,2026-06-30,APMI monthly report Jun 2026,
Equinova Signature Edge PMS,EQUINOVA INVESTMENT MANAGERS PRIVATE LIMITED,,36.97,50,6.58,24.47,,,,,,,15.29,,,,2026-06-30,APMI monthly report Jun 2026,
Invesco India Challengers Portfolio,Invesco Asset Management (India) Private Limited,,31.01,50,6.54,19.27,2.56,-3.33,3.56,14.56,16.38,,11.14,,,,2026-06-30,APMI monthly report Jun 2026,
White Stone ValueEdge Fund,WHITE STONE FINANCIAL ADVISORS PRIVATE LIMITES,,89.86,50,6.53,21.90,-6.68,,,,,,-10.79,,,,2026-06-30,APMI monthly report Jun 2026,
DT India strategy,DT PORTFOLIO MANAGERS LLP,,290.89,50,6.53,15.38,-4.78,,,,,,-7.69,,,,2026-06-30,APMI monthly report Jun 2026,
EIML PEARLS,Emkay Investment Managers Limited,,19.76,50,6.49,18.56,3.95,9.46,8.05,15.42,20.16,14.86,18.03,,,,2026-06-30,APMI monthly report Jun 2026,
Trivantage Capital Focussed Corporate Lenders Portfolio,Trivantage Capital Management India Private Limited,,2.49,50,6.48,13.81,-1.02,1.59,2.02,6.82,12.11,8.66,6.86,,,,2026-06-30,APMI monthly report Jun 2026,
Helios India Emerging Star Portfolio,Helios Capital Asset Management (India) Pvt. Ltd,,4.08,50,6.45,31.26,,,,,,,25.71,,,,2026-06-30,APMI monthly report Jun 2026,
Dynamo,Accuracap Consultancy Services Private Limited,,15.41,50,6.41,30.42,14.23,6.25,8.70,28.55,30.13,20.86,23.33,,,,2026-06-30,APMI monthly report Jun 2026,
PMSAGGRESSIVE,Samvitti Capital Private Limited,,425.68,50,6.40,33.53,14.78,10.15,0.01,21.77,23.82,16.69,13.76,,,,2026-06-30,APMI monthly report Jun 2026,
Bay Capital Customized Concentrated Portfolio,Bay Capital Investment Advisors Pvt. Ltd.,,19.32,50,6.38,20.01,-2.65,-1.83,,,,,3.57,,,,2026-06-30,APMI monthly report Jun 2026,
Envision New Frontiers Portfolio,Envision Capital Services Private Limited,,9.65,50,6.35,14.97,10.33,,,,,,10.60,,,,2026-06-30,APMI monthly report Jun 2026,
Edelweiss Focused Mid and Small Cap Portfolio - Series II,Edelweiss Global Wealth Management Limited,,4.65,50,6.31,29.08,9.09,7.52,3.10,9.56,11.23,8.32,9.36,,,,2026-06-30,APMI monthly report Jun 2026,
INDIVIDUALLY MANAGED ACCOUNTS,Unifi Capital P Ltd,,183.10,50,6.29,19.43,5.67,2.40,,,,,9.98,,,,2026-06-30,APMI monthly report Jun 2026,
Focused Leadership Portfolio,Wealth Managers (India) Pvt. Ltd.,,134.02,50,6.27,19.80,2.10,6.16,7.71,12.90,14.94,9.23,12.83,,,,2026-06-30,APMI monthly report Jun 2026,
Focused Strategy,Zen Wealth Management Services Ltd,,31.14,50,6.26,29.86,11.88,21.02,,,,,11.43,,,,2026-06-30,APMI monthly report Jun 2026,
ACTIVEALPHAMC,Samvitti Capital Private Limited,,476.51,50,6.24,32.64,14.67,9.57,0.86,25.39,32.48,24.24,26.99,,,,2026-06-30,APMI monthly report Jun 2026,
SMC-Customised,SMC Global Securities Limited,,1.17,50,6.24,24.32,10.19,9.12,0.95,13.16,15.38,8.48,7.19,,,,2026-06-30,APMI monthly report Jun 2026,
SMC-Growth,SMC Global Securities Limited,,197.72,50,6.22,22.32,6.99,7.09,1.89,12.68,15.55,11.39,13.78,,,,2026-06-30,APMI monthly report Jun 2026,
Citrus Midcap Marvels,Citrus Advisors Private Limited,,33.82,50,6.21,33.47,9.44,1.71,-0.26,,,,6.68,,,,2026-06-30,APMI monthly report Jun 2026,
GREEN PORTFOLIO SPECIAL FUND,Green Portfolio Private Limited,,348.22,50,6.21,38.29,16.19,8.54,5.23,18.18,20.20,16.44,22.55,,,,2026-06-30,APMI monthly report Jun 2026,
Emerging Opportunities Strategy,Zen Wealth Management Services Ltd,,184.89,50,6.19,21.69,1.93,2.62,7.06,19.92,28.17,25.87,37.55,,,,2026-06-30,APMI monthly report Jun 2026,
PGIM INDIA EQUITY PORTFOLIO SERIES II,PGIM India Asset Management Private Limited,,51.04,50,6.18,36.89,10.48,3.38,2.52,9.30,,,9.31,,,,2026-06-30,APMI monthly report Jun 2026,
Alchemy Alpha Small cap,Alchemy Capital Management Pvt Ltd,,8.20,50,6.17,31.07,15.99,10.29,9.38,,,,17.51,,,,2026-06-30,APMI monthly report Jun 2026,
Eternity Unconstrained Core Equity approach,Eternity Investments Management Partners LLP,,16.97,50,6.15,20.46,,,,,,,13.00,,,,2026-06-30,APMI monthly report Jun 2026,
ABANS GROWTH & MOMENTUM,Abans Broking Services Private Limited,,131.14,50,6.13,18.25,2.12,-0.26,0.28,11.18,15.98,11.78,20.43,,,,2026-06-30,APMI monthly report Jun 2026,
Growth Plus Value Investing,Jeetay Investments Pvt Ltd,,468.46,50,6.10,17.93,-1.56,-4.20,-0.54,10.42,15.12,10.26,14.15,,,,2026-06-30,APMI monthly report Jun 2026,
CENTRUM GOOD TO GREAT PORTFOLIO.,Centrum Investment Advisers Limited,,62.02,50,6.09,22.24,-2.36,-9.14,-6.09,9.65,10.84,8.84,15.86,,,,2026-06-30,APMI monthly report Jun 2026,
CENTRUM GOOD TO GREAT T,Centrum Investment Advisers Limited,,87.11,50,6.06,22.38,-2.59,-9.90,-6.04,9.41,10.68,8.73,15.83,,,,2026-06-30,APMI monthly report Jun 2026,
Spark Absolute Return Portfolio (ARP),Spark PWM Private Limited (Spark Family Office And Investment Advisors (India) Private Limited),,95.21,50,6.06,34.03,14.41,11.59,3.15,,,,12.11,,,,2026-06-30,APMI monthly report Jun 2026,
Sameeksha India Equity Fund,Sameeksha Capital Private Limited,,1280.05,50,6.05,22.95,2.66,-0.83,8.25,20.44,23.68,17.63,20.71,,,,2026-06-30,APMI monthly report Jun 2026,
Equinova Edge PMS,EQUINOVA INVESTMENT MANAGERS PRIVATE LIMITED,,286.26,50,6.05,25.79,,,,,,,10.01,,,,2026-06-30,APMI monthly report Jun 2026,
Helios India Rising Portfolio,Helios Capital Asset Management (India) Pvt. Ltd,,1577.07,50,6.00,21.27,-0.54,5.39,5.14,16.23,18.70,13.51,19.84,,,,2026-06-30,APMI monthly report Jun 2026,
Ambit Good & Clean Multi Cap Portfolio,Ambit Investment Advisors Private Limited,,5.67,50,5.99,17.53,5.16,3.77,3.47,8.83,11.82,8.67,13.58,,,,2026-06-30,APMI monthly report Jun 2026,
CENTRUM DEEP VALUE MULTIBAGGER NRI.,Centrum Investment Advisers Limited,,2.43,50,5.98,24.15,4.56,-5.26,-5.41,8.33,10.37,7.87,14.29,,,,2026-06-30,APMI monthly report Jun 2026,
SMC-NRI,SMC Global Securities Limited,,13.77,50,5.96,22.15,5.40,2.68,1.57,12.82,15.12,9.57,12.00,,,,2026-06-30,APMI monthly report Jun 2026,
TAMOHARA NXT MULTICAP STRATEGY,Tamohara Investment Managers Pvt Ltd,,6.71,50,5.93,24.40,7.51,1.85,0.87,7.28,12.41,9.77,10.68,,,,2026-06-30,APMI monthly report Jun 2026,
DMZ PARTNERS INHERITORS STRATEGY,DMZ Partners Investment Management LLP,,678.41,50,5.92,24.26,3.51,6.81,13.93,17.39,18.37,14.53,15.30,,,,2026-06-30,APMI monthly report Jun 2026,
Valcreate Lifesciences & speciality opportunities,Valcreate Investment Managers LLP,,19.23,50,5.91,27.00,23.17,14.51,15.63,19.25,,,19.17,,,,2026-06-30,APMI monthly report Jun 2026,
Abakkus Emerging Opportunities (Shariah) Approach,Abakkus Asset Manager Private Limited,,16.55,50,5.91,20.99,2.61,-3.90,2.26,16.27,,,16.33,,,,2026-06-30,APMI monthly report Jun 2026,
AAA Budding Beasts PMS,AlfAccurate Advisors Pvt Ltd,,1091.91,50,5.91,29.36,14.92,14.86,12.11,23.43,27.95,23.79,26.14,,,,2026-06-30,APMI monthly report Jun 2026,
SRE Large & Mid Momentum PMS,Sykes And Ray Equities India Limited,,52.17,50,5.91,29.58,19.38,17.26,12.50,,,,25.34,,,,2026-06-30,APMI monthly report Jun 2026,
Sykes & Ray Equities(I) Ltd-Ignited Idea,Sykes And Ray Equities India Limited,,21.80,50,5.90,23.26,6.62,10.48,5.42,26.35,27.70,19.32,13.55,,,,2026-06-30,APMI monthly report Jun 2026,
ICE GROWTH,Ckredence Wealth Management Pvt Ltd,,173.65,50,5.87,26.09,9.14,10.48,,,,,8.85,,,,2026-06-30,APMI monthly report Jun 2026,
Multicap Investment Approach,Sirius Advisors Private Limited,,5.38,50,5.87,28.63,7.27,-0.97,1.53,10.37,16.44,10.70,14.85,,,,2026-06-30,APMI monthly report Jun 2026,
ValPro Alpha (A) PMS,Value Prolific Investments & Consulting Private Limited,,180.44,50,5.85,31.34,10.25,10.28,4.88,18.57,17.12,13.83,15.47,,,,2026-06-30,APMI monthly report Jun 2026,
Ambit Curated Portfolios,Ambit Investment Advisors Private Limited,,46.78,50,5.84,24.77,3.93,-2.87,-0.12,7.26,10.72,6.47,13.02,,,,2026-06-30,APMI monthly report Jun 2026,
India Resurgent,J M Financial Ltd,,12.92,50,5.83,21.85,10.56,14.46,9.81,23.72,22.80,18.13,13.63,,,,2026-06-30,APMI monthly report Jun 2026,
Auxano Alpha Fund,Moat Financial Services Private Limited,,29.70,50,5.83,26.18,9.31,,,,,,5.24,,,,2026-06-30,APMI monthly report Jun 2026,
Omni Centurions,Omniscience Capital Advisors Private Limited,,4.51,50,5.82,27.92,-0.18,,,,,,-7.64,,,,2026-06-30,APMI monthly report Jun 2026,
ALPHABETS,QED Capital Advisors LLP,,21.34,50,5.78,11.96,0.93,3.17,-4.01,15.37,17.12,12.41,11.67,,,,2026-06-30,APMI monthly report Jun 2026,
Maximal Pathfinder Value Fund,Maximal Capital Private Limited,,194.54,50,5.78,22.72,6.62,3.97,3.71,21.61,28.20,,25.20,,,,2026-06-30,APMI monthly report Jun 2026,
OPULENCE,Ghalla Bhansali Stock Brokers Pvt Ltd,,79.33,50,5.76,32.77,-0.69,-1.76,,,,,-5.03,,,,2026-06-30,APMI monthly report Jun 2026,
PicoPower,Accuracap Consultancy Services Private Limited,,455.70,50,5.76,27.02,11.56,6.41,4.85,21.04,21.09,15.33,22.09,,,,2026-06-30,APMI monthly report Jun 2026,
White Pine India Emerging Stars Approach,White Pine Investment Management Private Limited,,501.47,50,5.75,42.92,19.72,15.59,15.87,36.46,39.94,,37.28,,,,2026-06-30,APMI monthly report Jun 2026,
ValueQuest Growth,Valuequest Investment Advisors Pvt. Ltd.,,2019.95,50,5.74,33.24,21.70,18.71,8.34,19.37,23.39,16.88,18.17,,,,2026-06-30,APMI monthly report Jun 2026,
Edelweiss Focused Mid and Small Cap Portfolio Approach,Edelweiss Global Wealth Management Limited,,21.55,50,5.73,27.21,7.39,7.66,4.19,11.35,12.75,9.49,10.07,,,,2026-06-30,APMI monthly report Jun 2026,
MeritorQ Small cap,Marcellus Investment Managers Private Limited,,0.81,50,5.71,20.55,,,,,,,19.86,,,,2026-06-30,APMI monthly report Jun 2026,
AAA Couture PMS,AlfAccurate Advisors Pvt Ltd,,352.97,50,5.70,43.58,29.08,37.10,20.02,,,,24.10,,,,2026-06-30,APMI monthly report Jun 2026,
Maxiom PMS - CATALYST - Special Situations,MAXIOM ASSET MANAGEMENT PRIVATE LIMITED,,0.17,50,5.70,7.12,-9.40,-9.40,-9.40,-9.40,,,-1.78,,,,2026-06-30,APMI monthly report Jun 2026,
TAMOHARA INDIA OPPORTUNITIES STRATEGY,Tamohara Investment Managers Pvt Ltd,,24.14,50,5.70,23.79,6.03,3.14,1.16,6.92,11.31,8.94,10.24,,,,2026-06-30,APMI monthly report Jun 2026,
EMKAY NEW VITALIZED INDIA,Emkay Investment Managers Limited,,96.90,50,5.69,24.74,15.96,14.13,8.99,17.29,22.17,,22.81,,,,2026-06-30,APMI monthly report Jun 2026,
Ksema Wealth Pvt Ltd Future Frontier Portfolio,Ksema Wealth Pvt Ltd,,2.29,50,5.68,33.96,,,,,,,17.34,,,,2026-06-30,APMI monthly report Jun 2026,
ASTEYA SMALL & MICRO CAP FUND - DPMS,Asteya Investment Managers Llp,,17.67,50,5.67,,,,,,,,13.10,,,,2026-06-30,APMI monthly report Jun 2026,
Ametra FactorAlpha Smallcap PMS,Ametra Investment Managers Private Limited,,1.89,50,5.66,35.40,14.21,3.38,,,,,-2.61,,,,2026-06-30,APMI monthly report Jun 2026,
Growth,FIVE RIVERS PORTFOLIO MANAGERS PRIVATE LIMITED,,241.92,50,5.64,22.81,7.39,9.88,11.90,17.14,19.78,14.67,17.14,,,,2026-06-30,APMI monthly report Jun 2026,
Tamohara VIP Strategy,Tamohara Investment Managers Pvt Ltd,,8.06,50,5.64,25.54,9.71,,,,,,6.54,,,,2026-06-30,APMI monthly report Jun 2026,
Axis Brand Equity Portfolio,Axis Asset Management Company Limited,,807.72,50,5.63,21.84,2.39,-0.69,-1.97,8.16,13.27,9.35,10.33,,,,2026-06-30,APMI monthly report Jun 2026,
Ambit Alpha Growth Portfolio,Ambit Wealth Private Limited,,543.32,50,5.63,24.72,5.91,-3.28,-0.80,21.31,24.67,18.54,21.88,,,,2026-06-30,APMI monthly report Jun 2026,
Ambit Alpha Growth Portfolio - STP,Ambit Wealth Private Limited,,30.42,50,5.63,24.12,5.75,-2.92,-1.18,20.75,,,23.07,,,,2026-06-30,APMI monthly report Jun 2026,
MEHTA MULTI FOCUS STRATEGY (MMFS),Mehta Equities Limited,,203.07,50,5.62,20.64,3.82,8.48,6.17,14.81,18.89,16.67,15.23,,,,2026-06-30,APMI monthly report Jun 2026,
Kings of Capital,Marcellus Investment Managers Private Limited,,134.61,50,5.62,17.81,-0.78,-3.28,5.07,8.63,11.66,5.46,9.79,,,,2026-06-30,APMI monthly report Jun 2026,
ValueQuest Alpha,Valuequest Investment Advisors Pvt. Ltd.,,11991.77,50,5.60,24.43,10.45,8.26,7.94,17.22,21.63,,21.84,,,,2026-06-30,APMI monthly report Jun 2026,
Mehta Credent Focused Multicap,Credent Asset Management Services Private Limited,,9.55,50,5.58,26.41,3.26,-0.13,,,,,0.29,,,,2026-06-30,APMI monthly report Jun 2026,
White Stone Abhivriddhi Fund,WHITE STONE FINANCIAL ADVISORS PRIVATE LIMITES,,3.19,50,5.57,22.90,,,,,,,-3.31,,,,2026-06-30,APMI monthly report Jun 2026,
Shree Lakshmi Plan,Shree Rama Managers Llp,,136.22,50,5.56,20.56,1.08,3.51,-3.68,11.26,14.52,,13.11,,,,2026-06-30,APMI monthly report Jun 2026,
Ad Astra Fund,Svobodha Infinity Investment Advisors Private Ltd,,23.17,50,5.55,21.00,-0.64,-7.55,4.22,,,,7.32,,,,2026-06-30,APMI monthly report Jun 2026,
Credent AIM Multi Cap Strategy,Credent Asset Management Services Private Limited,,49.28,50,5.54,23.22,1.05,0.70,1.55,16.27,,,22.00,,,,2026-06-30,APMI monthly report Jun 2026,
Abakkus Personalised Opportunity Specific Strategy,Abakkus Asset Manager Private Limited,,1770.45,50,5.53,27.76,8.18,8.80,8.12,19.05,23.28,21.57,37.24,,,,2026-06-30,APMI monthly report Jun 2026,
Motilal Oswal Small cap Multifactor Strategy,Motilal Oswal Asset Management Company Limited - Portfolio Managers,,4.46,50,5.52,20.91,5.00,-1.87,0.55,16.97,21.32,,19.85,,,,2026-06-30,APMI monthly report Jun 2026,
Phillip Emerging India Portfolio,Phillipcapital (India) Pvt Ltd,,29.15,50,5.52,26.44,7.43,4.40,4.10,11.15,15.43,11.27,12.78,,,,2026-06-30,APMI monthly report Jun 2026,
MOMENTUM 20 PMS,Atlas Integrated Finance Ltd,,6.54,50,5.51,36.65,23.26,7.35,-4.55,,,,-1.31,,,,2026-06-30,APMI monthly report Jun 2026,
EMKAY GEMS NRI,Emkay Investment Managers Limited,,1.98,50,5.50,17.03,4.56,4.54,1.33,12.63,17.42,13.68,11.90,,,,2026-06-30,APMI monthly report Jun 2026,
Axis Core & Satellite Portfolio,Axis Asset Management Company Limited,,87.01,50,5.47,24.58,6.66,6.35,0.06,8.89,14.61,10.48,11.83,,,,2026-06-30,APMI monthly report Jun 2026,
Nuvama Equities eXpansion Target (NEXT) strategy,Nuvama Asset Management Limited,,227.41,50,5.45,32.57,14.02,5.84,6.10,15.93,,,15.58,,,,2026-06-30,APMI monthly report Jun 2026,
InCred Small and Midcap Portfolio,Incred Asset Management Private Limited,,124.45,50,5.44,25.91,2.22,-2.06,-0.30,10.97,19.76,11.55,12.06,,,,2026-06-30,APMI monthly report Jun 2026,
Composite India Emerging Stars,Composite Investments Private Limited,,122.50,50,5.44,26.68,5.56,2.23,7.17,16.64,17.80,14.76,18.66,,,,2026-06-30,APMI monthly report Jun 2026,
Ambit Good & Clean MidCap Portfolio,Ambit Investment Advisors Private Limited,,439.20,50,5.43,20.51,7.22,8.05,3.30,15.57,16.83,11.80,12.65,,,,2026-06-30,APMI monthly report Jun 2026,
APJ (Formerly known as APJ 20),Unifi Capital P Ltd,,900.47,50,5.42,19.26,0.81,-1.34,3.00,14.06,18.94,13.71,19.71,,,,2026-06-30,APMI monthly report Jun 2026,
DISCOVERY,Ghalla Bhansali Stock Brokers Pvt Ltd,,19.75,50,5.39,42.62,8.85,7.15,-0.85,19.19,23.17,18.87,22.52,,,,2026-06-30,APMI monthly report Jun 2026,
UNIQUE,Ghalla Bhansali Stock Brokers Pvt Ltd,,19.75,50,5.39,42.62,8.85,7.15,-0.85,19.19,23.17,18.87,22.52,,,,2026-06-30,APMI monthly report Jun 2026,
SiMPL Multi Cap Value Portfolio,Securities Investment Management Private Limited,,1467.99,50,5.38,19.29,1.71,-0.81,6.18,16.87,18.73,15.58,18.55,,,,2026-06-30,APMI monthly report Jun 2026,
TCG Transformative Growth Portfolio,TCG Advisory Services Private Limited,,161.71,50,5.36,25.19,-0.38,-4.39,,,,,0.18,,,,2026-06-30,APMI monthly report Jun 2026,
SiMPL Small Cap Value Portfolio,Securities Investment Management Private Limited,,132.60,50,5.36,25.66,11.28,12.63,13.96,18.69,,,21.76,,,,2026-06-30,APMI monthly report Jun 2026,
CARNELIAN BESPOKE PORTFOLIO,Carnelian Asset Management & Advisors Pvt Ltd,,3644.98,50,5.35,27.13,9.04,11.96,13.56,24.06,30.52,,26.47,,,,2026-06-30,APMI monthly report Jun 2026,
High Quality Consistent Compounders,Prescientcap Investment Advisors Llp,,405.42,50,5.32,21.88,8.84,13.29,9.11,20.87,25.78,,19.94,,,,2026-06-30,APMI monthly report Jun 2026,
Prosperity Discovery Fund,Prosperity Wealth Management Private Limited,,112.05,50,5.32,30.81,6.38,-2.35,-2.43,13.29,15.31,11.35,17.28,,,,2026-06-30,APMI monthly report Jun 2026,
Complete Circle Stellar Wealth PMS,Complete Circle Wealth Solutions Llp,,35.81,50,5.29,35.07,22.52,23.43,14.62,17.49,,,16.86,,,,2026-06-30,APMI monthly report Jun 2026,
CARNELIAN SHIFT STRATEGY,Carnelian Asset Management & Advisors Pvt Ltd,,5698.71,50,5.27,27.50,7.49,5.77,10.04,22.93,28.73,21.42,32.34,,,,2026-06-30,APMI monthly report Jun 2026,
Crest Value Fund,CREST CAPITAL MANAGEMENT PRIVATE LIMITED,,18.70,50,5.27,23.87,6.65,,,,,,3.93,,,,2026-06-30,APMI monthly report Jun 2026,
Wallfort KOSH Value Fund,Wallfort Fund Management Llp,,4.74,50,5.21,33.00,6.60,-1.93,0.00,,,,-4.32,,,,2026-06-30,APMI monthly report Jun 2026,
Aurum Micro Cap Opportunities,Nine Rivers Capital Holdings Private Limited,,1.43,50,5.20,31.94,2.53,-15.44,-11.50,-1.13,,,-1.11,,,,2026-06-30,APMI monthly report Jun 2026,
CENTRUM GOOD TO GREAT - T - NRI.,Centrum Investment Advisers Limited,,7.31,50,5.20,21.13,-2.86,-11.05,-6.11,9.54,11.14,9.46,11.61,,,,2026-06-30,APMI monthly report Jun 2026,
Wallfort Focus Fund,Wallfort Fund Management Llp,,1.80,50,5.16,15.08,-12.59,-14.95,-5.74,,,,-5.74,,,,2026-06-30,APMI monthly report Jun 2026,
Maxiom PMS - GEM Quality-Momentum,MAXIOM ASSET MANAGEMENT PRIVATE LIMITED,,5.30,50,5.14,29.90,21.78,1.88,-0.26,5.54,,,5.51,,,,2026-06-30,APMI monthly report Jun 2026,
EIML SMID,Emkay Investment Managers Limited,,124.03,50,5.14,26.90,3.69,-7.02,,,,,-4.91,,,,2026-06-30,APMI monthly report Jun 2026,
Sowilo Target Agressive Scheme,Sowilo Investment Managers LLP,,45.20,50,5.13,26.74,8.54,1.06,3.89,17.78,,,17.92,,,,2026-06-30,APMI monthly report Jun 2026,
DYNAMIC INVESTMENT APPROACH,Systematix Shares & Stocks (India) Limited,,149.96,50,5.08,24.44,13.00,12.00,10.63,23.88,27.31,20.82,11.34,,,,2026-06-30,APMI monthly report Jun 2026,
Growth at Reasonable Price (GARP),Courser Park Advisors LLP,,176.23,50,5.08,19.65,7.39,7.66,5.34,,,,9.46,,,,2026-06-30,APMI monthly report Jun 2026,
NARNOLIA FUSION OPPORTUNITY STRATEGY,Narnolia Financial Services Limited,,36.85,50,5.07,22.66,7.56,0.17,-0.26,12.99,,,15.40,,,,2026-06-30,APMI monthly report Jun 2026,
Long Term Growth,Dalal & Broacha Stock Broking Pvt. Ltd.,,1241.13,50,5.06,23.27,8.30,1.23,3.73,17.80,19.31,14.25,13.44,,,,2026-06-30,APMI monthly report Jun 2026,
Custom portfolio 19,Capitalmind Financial Services Private Limited,,21.81,50,5.03,13.01,-3.77,-5.30,-0.03,6.13,11.58,,10.55,,,,2026-06-30,APMI monthly report Jun 2026,
PREMIER,Ghalla Bhansali Stock Brokers Pvt Ltd,,4.39,50,5.00,39.49,7.09,3.32,-2.43,17.62,21.36,17.21,21.60,,,,2026-06-30,APMI monthly report Jun 2026,
360 ONE Large Value strategy PMS,360 ONE Asset Management Limited,,854.69,50,5.00,5.08,3.80,-9.11,64.83,,,,59.44,,,,2026-06-30,APMI monthly report Jun 2026,
dezerv. Alpha Focus Strategy,Dezerv Investments Private Limited,,1032.96,50,4.99,21.26,7.12,6.24,6.95,21.60,,,22.90,,,,2026-06-30,APMI monthly report Jun 2026,
RH-PERENNIAL,Right Horizons Portfolio Management Pvt Ltd,,34.21,50,4.99,28.24,4.90,11.03,2.68,14.09,19.46,12.53,13.61,,,,2026-06-30,APMI monthly report Jun 2026,
Bay Capital India First Portfolio,Bay Capital Investment Advisors Pvt. Ltd.,,5.40,50,4.96,13.24,-2.17,1.01,8.48,15.55,,,18.71,,,,2026-06-30,APMI monthly report Jun 2026,
White Oak India Pioneers Equity ESG Portfolio,Whiteoak Capital Asset Management Limited,,0.74,50,4.96,17.32,-2.15,-4.01,3.65,10.01,13.47,,7.32,,,,2026-06-30,APMI monthly report Jun 2026,
ACTIVE,Ghalla Bhansali Stock Brokers Pvt Ltd,,9.77,50,4.94,41.59,8.34,5.95,-1.42,18.90,22.72,18.47,22.46,,,,2026-06-30,APMI monthly report Jun 2026,
QUEST ALPHA OPPORTUNITIES,Quest Investment Managers Pvt Ltd,,4.62,50,4.93,25.37,5.69,3.57,6.53,,,,19.65,,,,2026-06-30,APMI monthly report Jun 2026,
ICICI Prudential PMS ACE Strategy,ICICI Prudential Asset Management Company Ltd,,1422.60,50,4.92,14.93,-0.30,2.41,6.27,19.32,20.62,15.58,14.39,,,,2026-06-30,APMI monthly report Jun 2026,
NAFA INDIA ALPHA FUND,Nafa Asset Managers Private Limited,,18.31,50,4.92,22.17,7.11,,,,,,6.28,,,,2026-06-30,APMI monthly report Jun 2026,
Phillip Signature India Portfolio,Phillipcapital (India) Pvt Ltd,,246.73,50,4.92,22.58,4.19,2.03,2.78,8.77,12.03,8.68,11.54,,,,2026-06-30,APMI monthly report Jun 2026,
RAW PEARL,Ghalla Bhansali Stock Brokers Pvt Ltd,,16.35,50,4.91,41.90,7.52,6.63,-0.93,19.23,22.93,18.85,23.26,,,,2026-06-30,APMI monthly report Jun 2026,
Valcreate Growing India,Valcreate Investment Managers LLP,,18.17,50,4.90,27.06,11.02,2.50,-0.75,12.67,,,15.44,,,,2026-06-30,APMI monthly report Jun 2026,
Invesco India Caterpillar Portfolio,Invesco Asset Management (India) Private Limited,,81.03,50,4.90,18.37,6.88,4.34,4.31,15.87,17.94,16.40,12.07,,,,2026-06-30,APMI monthly report Jun 2026,
EMKAY GEMS,Emkay Investment Managers Limited,,14.28,50,4.90,17.45,5.09,5.23,0.36,12.42,16.32,13.04,17.66,,,,2026-06-30,APMI monthly report Jun 2026,
EquiPoise New India Opportunities,EQUIPOISE CAPITAL MANAGEMENT PRIVATE LIMITED,,67.53,50,4.88,18.91,2.17,-1.21,,,,,1.32,,,,2026-06-30,APMI monthly report Jun 2026,
Phillip Ethical India Portfolio,Phillipcapital (India) Pvt Ltd,,10.56,50,4.88,23.89,5.95,-0.35,-0.95,7.39,10.24,7.98,10.54,,,,2026-06-30,APMI monthly report Jun 2026,
BeSpokeEquity,True Beacon Investment Advisors Llp,,115.03,50,4.86,17.06,1.85,9.41,10.24,16.07,,,16.37,,,,2026-06-30,APMI monthly report Jun 2026,
Impress Portfolio,Anand Rathi Advisors Limited,,851.69,50,4.85,29.97,11.52,-0.24,5.01,18.95,22.48,17.48,14.36,,,,2026-06-30,APMI monthly report Jun 2026,
DYNAMIC INVESTMENT APPROACH,Janak Merchant Securities Pvt.Ltd.,,1051.15,50,4.85,22.09,1.56,-0.67,2.65,19.18,25.72,23.81,19.00,,,,2026-06-30,APMI monthly report Jun 2026,
HIGH RISER,Ghalla Bhansali Stock Brokers Pvt Ltd,,22.11,50,4.84,40.15,15.04,7.95,4.35,18.90,22.79,18.00,19.50,,,,2026-06-30,APMI monthly report Jun 2026,
RH MINERVA INDIA UNDER-SERVED,Right Horizons Portfolio Management Pvt Ltd,,155.40,50,4.84,19.50,5.45,2.09,3.58,10.40,12.26,18.76,14.32,,,,2026-06-30,APMI monthly report Jun 2026,
Roha Emerging Champions Portfolio,ROHA ASSET MANAGERS LLP,,340.88,50,4.83,24.75,5.63,-4.65,0.60,15.25,20.94,16.32,27.48,,,,2026-06-30,APMI monthly report Jun 2026,
PROSPERO TREE INDIA EQUITY FUND,Prospero Tree Asset Management LLP,,484.94,50,4.82,30.02,10.80,7.54,,,,,30.13,,,,2026-06-30,APMI monthly report Jun 2026,
GREEN PORTFOLIO SUPER 30 DYNAMIC FUND,Green Portfolio Private Limited,,245.62,50,4.82,52.89,22.70,15.29,11.21,21.42,28.03,26.91,27.56,,,,2026-06-30,APMI monthly report Jun 2026,
Unicorn Portfolio,Burman Capital Management Private Limited,,473.30,50,4.78,19.53,-1.42,-16.83,0.29,7.60,16.85,19.86,21.45,,,,2026-06-30,APMI monthly report Jun 2026,
EquiPoise Emerging Stars,EQUIPOISE CAPITAL MANAGEMENT PRIVATE LIMITED,,9.20,50,4.77,26.99,6.34,-0.60,,,,,-1.59,,,,2026-06-30,APMI monthly report Jun 2026,
Julius Baer Premier Focused Portfolio,Julius Baer Wealth Advisors (India) Private Limited,,151.07,50,4.75,15.61,0.12,4.52,3.31,13.92,,,16.43,,,,2026-06-30,APMI monthly report Jun 2026,
Impress Portfolio - NRI,Anand Rathi Advisors Limited,,72.66,50,4.73,30.86,11.07,-0.03,5.42,18.93,22.53,17.45,15.54,,,,2026-06-30,APMI monthly report Jun 2026,
Ventura Multicap Portfolio Management Scheme,Ventura Securities Limited,,112.06,50,4.72,21.67,9.21,4.03,3.07,16.30,17.89,14.57,17.28,,,,2026-06-30,APMI monthly report Jun 2026,
Bluechip High Growth Low Valuation,Dynamic Equities Pvt Ltd,,84.33,50,4.72,23.26,14.15,9.26,9.49,,,,20.55,,,,2026-06-30,APMI monthly report Jun 2026,
Surge India-NRI,Capitalmind Financial Services Private Limited,,17.63,50,4.71,13.70,-0.03,-6.90,,,,,3.13,,,,2026-06-30,APMI monthly report Jun 2026,
Abakkus Emerging Opportunities Approach,Abakkus Asset Manager Private Limited,,5943.14,50,4.69,19.25,0.39,-1.69,4.55,17.34,22.67,16.32,26.43,,,,2026-06-30,APMI monthly report Jun 2026,
Julius Baer India Premier Opportunities Portfolio,Julius Baer Wealth Advisors (India) Private Limited,,326.49,50,4.69,15.39,-0.09,4.82,3.70,14.95,18.78,,13.17,,,,2026-06-30,APMI monthly report Jun 2026,
Motilal Oswal Microcap Multifactor Strategy,Motilal Oswal Asset Management Company Limited - Portfolio Managers,,3.83,50,4.68,19.58,2.73,-2.57,,,,,5.10,,,,2026-06-30,APMI monthly report Jun 2026,
QUEST LONG ODYSSEY,Quest Investment Managers Pvt Ltd,,4.14,50,4.68,18.53,-4.49,-6.83,-1.50,,,,3.38,,,,2026-06-30,APMI monthly report Jun 2026,
CORE and SATELLITE PORTFOLIO SCHEME 1,Aditya Birla Money Limited,,1.53,50,4.67,21.45,2.83,1.58,3.48,15.69,17.70,10.21,13.40,,,,2026-06-30,APMI monthly report Jun 2026,
ASK FINANCIAL OPPORTUNITIES PORTFOLIO STP,ASK Investment Managers Limited,,1.82,50,4.66,11.60,-9.72,-7.15,8.71,9.20,12.85,7.96,9.72,,,,2026-06-30,APMI monthly report Jun 2026,
Motilal Oswal Founders Portfolio,Motilal Oswal Asset Management Company Limited - Portfolio Managers,,4097.29,50,4.65,21.70,7.00,1.38,5.92,21.99,,,25.71,,,,2026-06-30,APMI monthly report Jun 2026,
EMKAY MULTICAP,Emkay Investment Managers Limited,,0.67,50,4.65,13.09,-2.56,4.06,8.24,16.42,19.43,15.51,4.45,,,,2026-06-30,APMI monthly report Jun 2026,
InCred India Ascend Portfolio,Incred Asset Management Private Limited,,18.95,50,4.64,22.28,,,,,,,-5.22,,,,2026-06-30,APMI monthly report Jun 2026,
SRE Inflection Idea,Sykes And Ray Equities India Limited,,9.11,50,4.64,19.83,1.78,-0.72,-0.70,,,,8.16,,,,2026-06-30,APMI monthly report Jun 2026,
Impetus Value Portfolio,Impetus Arthasutra Pvt Lted,,90.60,50,4.63,23.69,3.96,-3.07,-5.36,14.12,18.83,12.04,9.12,,,,2026-06-30,APMI monthly report Jun 2026,
Avestha Growth,Avestha Fund Management Llp,,1498.20,50,4.63,28.61,6.81,-2.76,7.40,15.29,20.66,19.27,16.35,,,,2026-06-30,APMI monthly report Jun 2026,
Long Horizon Fund,Sameeksha Capital Private Limited,,105.09,50,4.59,13.38,3.52,,,,,,3.01,,,,2026-06-30,APMI monthly report Jun 2026,
Motilal Oswal India Growth Strategy,Motilal Oswal Asset Management Company Limited - Portfolio Managers,,314.02,50,4.58,26.27,15.45,14.01,9.99,,,,20.95,,,,2026-06-30,APMI monthly report Jun 2026,
CENTRUM GOOD TO GREAT NRI.,Centrum Investment Advisers Limited,,11.01,50,4.58,20.71,-2.51,-9.24,-5.06,9.63,10.74,8.31,14.40,,,,2026-06-30,APMI monthly report Jun 2026,
IKIGAI Bespoke Small Cap Strategy,IKIGAI Asset Manager Holdings Private Limited,,93.61,50,4.57,25.75,16.55,,,,,,15.26,,,,2026-06-30,APMI monthly report Jun 2026,
MeritorQ,Marcellus Investment Managers Private Limited,,41.64,50,4.56,15.98,-1.64,-3.45,3.32,14.15,,,12.01,,,,2026-06-30,APMI monthly report Jun 2026,
Omni Victors,Omniscience Capital Advisors Private Limited,,1.41,50,4.54,25.67,2.12,,,,,,-3.04,,,,2026-06-30,APMI monthly report Jun 2026,
Renaissance Alpha Portfolio,Renaissance Investment Managers Private Limited,,96.83,50,4.54,21.56,13.42,30.86,21.31,26.27,27.70,22.97,17.54,,,,2026-06-30,APMI monthly report Jun 2026,
Care PMS Growth Plus Value,Care Portfolio Managers Private Limited,,972.43,50,4.51,22.06,8.81,2.86,1.67,19.66,18.61,16.04,20.32,,,,2026-06-30,APMI monthly report Jun 2026,
BCAD BREAKOUT 20,Unifi Capital P Ltd,,1940.15,50,4.51,17.67,-1.87,-7.06,-0.71,9.03,13.79,,10.76,,,,2026-06-30,APMI monthly report Jun 2026,
Maxiom PMS - SPARK Emerging Companies Quality-Growth,MAXIOM ASSET MANAGEMENT PRIVATE LIMITED,,20.51,50,4.51,26.96,2.53,-5.18,-1.06,10.40,,,10.33,,,,2026-06-30,APMI monthly report Jun 2026,
Core and Satellite Equity Portfolio,Aditya Birla Money Limited,,50.73,50,4.50,20.96,1.82,1.71,3.27,15.96,18.60,9.70,9.60,,,,2026-06-30,APMI monthly report Jun 2026,
ASK FINANCIAL OPPORTUNITIES PORTFOLIO,ASK Investment Managers Limited,,178.69,50,4.50,12.14,-8.44,-5.90,9.58,9.64,13.01,8.03,8.17,,,,2026-06-30,APMI monthly report Jun 2026,
Equinova Alpha Opportunities PMS,EQUINOVA INVESTMENT MANAGERS PRIVATE LIMITED,,19.50,50,4.49,27.17,,,,,,,13.89,,,,2026-06-30,APMI monthly report Jun 2026,
Compound 26 Capital,KAPM Ventures LLP,,115.24,50,4.49,36.18,29.12,2.82,5.94,,,,18.24,,,,2026-06-30,APMI monthly report Jun 2026,
Research Picks I Portfolio Approach,Whiteoak Capital Asset Management Limited,,0.37,50,4.49,17.73,-0.27,-3.67,5.67,10.06,,,11.58,,,,2026-06-30,APMI monthly report Jun 2026,
BB Bluechip,Bharat Bhushan Equity Traders Limited,,12.06,50,4.47,24.09,11.05,11.07,,,,,28.25,,,,2026-06-30,APMI monthly report Jun 2026,
Negen Special Situations & Dynamic Allocation Strategy,Negen Capital Services Private Lmited,,1451.43,50,4.46,25.26,5.19,-0.98,9.96,24.40,23.88,20.61,17.51,,,,2026-06-30,APMI monthly report Jun 2026,
Girik Multicap Strategy,Girik Wealth Advisors Private Limited,,1571.15,50,4.45,15.72,-1.08,-2.56,0.12,17.18,18.96,13.26,18.90,,,,2026-06-30,APMI monthly report Jun 2026,
Sowilo Multi Cap Fund,Sowilo Investment Managers LLP,,165.53,50,4.44,26.90,8.63,6.05,7.14,19.95,,,20.44,,,,2026-06-30,APMI monthly report Jun 2026,
BEACON PORTFOLIO,Geojit Financial Services Ltd,,183.55,50,4.43,22.06,4.25,2.77,,,,,-2.62,,,,2026-06-30,APMI monthly report Jun 2026,
EIML CAPITAL,Emkay Investment Managers Limited,,532.34,50,4.43,11.82,-4.27,2.67,7.48,15.84,19.88,15.84,12.61,,,,2026-06-30,APMI monthly report Jun 2026,
SageOne Mid & Small Cap,Sageone Investment Managers Llp,,4202.99,50,4.42,23.26,5.46,8.32,5.84,25.25,22.65,15.33,17.53,,,,2026-06-30,APMI monthly report Jun 2026,
Kotak Equity Portfolio Investment Approach,Kotak Mahindra Asset Management Company Ltd,,1.02,50,4.42,13.07,0.98,1.62,1.12,14.25,16.88,,15.29,,,,2026-06-30,APMI monthly report Jun 2026,
Little Champs,Marcellus Investment Managers Private Limited,,129.18,50,4.41,16.10,0.44,-6.34,-1.86,1.06,0.56,-0.22,11.02,,,,2026-06-30,APMI monthly report Jun 2026,
RHPMPL-RH India Business Leader Portfolio,Right Horizons Portfolio Management Pvt Ltd,,39.97,50,4.39,15.24,-3.15,-6.50,-0.70,11.15,13.84,10.44,10.45,,,,2026-06-30,APMI monthly report Jun 2026,
ICICI Prudential PMS Rising Stars Strategy,ICICI Prudential Asset Management Company Ltd,,130.17,50,4.38,19.36,,,,,,,10.85,,,,2026-06-30,APMI monthly report Jun 2026,
MULTICAP VALUE FUND,FORTUNE WEALTH MANAGEMENT CO INDIA P LTD,,370.58,50,4.36,21.17,4.99,7.19,5.01,,,,7.55,,,,2026-06-30,APMI monthly report Jun 2026,
Proud Portfolio,Ladderup Asset Managers Private Limited,,100.89,50,4.36,17.91,-8.08,-5.81,0.60,6.83,,,8.55,,,,2026-06-30,APMI monthly report Jun 2026,
Fident Guardian Select Equity,Fident Asset Management Private Limited,,20.84,50,4.35,,,,,,,,8.17,,,,2026-06-30,APMI monthly report Jun 2026,
Omni Services Corp,Omniscience Capital Advisors Private Limited,,1.24,50,4.35,20.88,-0.53,,,,,,-6.35,,,,2026-06-30,APMI monthly report Jun 2026,
SPECIAL SITUATION,Capgrow Capital Advisors Llp,,129.41,50,4.34,23.73,4.60,-6.39,1.56,11.91,17.85,12.23,15.78,,,,2026-06-30,APMI monthly report Jun 2026,
BB Money Plant,Bharat Bhushan Equity Traders Limited,,17.90,50,4.34,30.40,21.65,27.74,,,,,37.19,,,,2026-06-30,APMI monthly report Jun 2026,
TCG India Investment Opportunities Portfolio,TCG Advisory Services Private Limited,,2.45,50,4.34,28.81,23.32,19.80,,,,,15.34,,,,2026-06-30,APMI monthly report Jun 2026,
Abakkus Curated Personalized Portfolio Strategy,Abakkus Asset Manager Private Limited,,148.50,50,4.32,37.71,17.45,10.23,11.34,,,,26.01,,,,2026-06-30,APMI monthly report Jun 2026,
JEWEL,Ghalla Bhansali Stock Brokers Pvt Ltd,,42.64,50,4.30,39.49,3.55,-1.74,-6.22,17.62,24.76,18.79,14.67,,,,2026-06-30,APMI monthly report Jun 2026,
1729 Fundamental value Investing,1729 ADVISORS LLP,,410.18,50,4.30,24.79,9.23,6.06,13.19,,,,11.30,,,,2026-06-30,APMI monthly report Jun 2026,
Equirus Flexi Cap Fund,Equirus Wealth Private Limited,,110.01,50,4.30,21.21,8.16,,,,,,9.44,,,,2026-06-30,APMI monthly report Jun 2026,
RHPMPL- SUPER VALUE M&S CAP PORTFOLIO,Right Horizons Portfolio Management Pvt Ltd,,197.91,50,4.29,31.04,7.12,5.89,5.56,15.44,20.50,17.07,15.60,,,,2026-06-30,APMI monthly report Jun 2026,
Core Value Concentrated,Buglerock Capital Private Limited,,149.25,50,4.28,13.87,-4.86,-4.73,2.52,10.43,15.16,11.69,13.19,,,,2026-06-30,APMI monthly report Jun 2026,
Vallum India Discovery Strategy,Vallum Capital Advisors Private Limited,,1256.83,50,4.25,25.50,6.71,-2.16,-2.70,11.44,17.44,12.57,19.46,,,,2026-06-30,APMI monthly report Jun 2026,
BLENDED- RANGOLI,Unifi Capital P Ltd,,11426.63,50,4.25,18.00,-0.31,-5.53,0.90,9.88,13.67,11.25,17.60,,,,2026-06-30,APMI monthly report Jun 2026,
Master Trust India Growth Strategy,Master Portfolio Services Limited,,381.88,50,4.24,22.93,5.64,0.73,4.55,15.00,19.72,15.18,24.26,,,,2026-06-30,APMI monthly report Jun 2026,
EMKAYGOLDEN,Emkay Investment Managers Limited,,98.06,50,4.24,19.30,1.45,-0.28,7.06,,,,13.92,,,,2026-06-30,APMI monthly report Jun 2026,
Ohm Growth,Ohm Portfolio Equi Research Private Limited,,715.99,50,4.23,33.08,18.41,16.85,16.49,27.75,0.00,,25.22,,,,2026-06-30,APMI monthly report Jun 2026,
Purnartha Dynamic Midcap,Purnartha Investment Advisers Private Limited,,398.02,50,4.23,24.43,7.81,6.75,8.38,15.20,,,15.94,,,,2026-06-30,APMI monthly report Jun 2026,
InCred Select Opportunities Portfolio,Incred Asset Management Private Limited,,12.56,50,4.22,18.56,-2.24,-7.59,-5.11,8.61,16.76,,13.05,,,,2026-06-30,APMI monthly report Jun 2026,
Key Picks Portfolio Approach,Whiteoak Capital Asset Management Limited,,0.36,50,4.22,20.63,1.25,-2.97,3.01,9.51,,,11.41,,,,2026-06-30,APMI monthly report Jun 2026,
Ventura Siddhartha Best in Class,Ventura Securities Limited,,12.42,50,4.21,9.98,-8.88,-6.52,-1.00,2.70,5.30,5.10,8.39,,,,2026-06-30,APMI monthly report Jun 2026,
BRAINPOINT Future Winners,Brainpoint Investment Centre Pvt Ltd,,7204.89,50,4.21,23.34,7.49,5.67,4.84,19.01,21.05,,16.58,,,,2026-06-30,APMI monthly report Jun 2026,
Core and Satellite Equity Portfolio1,Aditya Birla Money Limited,,17.87,50,4.21,20.55,1.26,1.40,2.34,15.15,17.92,10.35,8.32,,,,2026-06-30,APMI monthly report Jun 2026,
Sensex Plus Portfolio,Wealth Managers (India) Pvt. Ltd.,,18.65,50,4.20,11.58,-2.86,-0.85,-0.10,,,,1.76,,,,2026-06-30,APMI monthly report Jun 2026,
GROWTHFINITI MAXIMISER,Growthfiniti Wealth Pvt Ltd,,13.30,50,4.20,16.96,-0.10,,,,,,0.01,,,,2026-06-30,APMI monthly report Jun 2026,
Value Migration Strategy,Motilal Oswal Asset Management Company Limited - Portfolio Managers,,3236.09,50,4.18,19.51,5.07,-6.00,3.24,19.25,19.88,14.76,18.94,,,,2026-06-30,APMI monthly report Jun 2026,
Magnus Focused Alpha Portfolio,GoldStandard Wealth Private Limited,,1.10,50,4.18,16.95,,,,,,,16.50,,,,2026-06-30,APMI monthly report Jun 2026,
SRE PLOUTOS FUND,Sykes And Ray Equities India Limited,,1.91,50,4.18,20.94,0.70,,,,,,-1.60,,,,2026-06-30,APMI monthly report Jun 2026,
Marcellus Rising Giants,Marcellus Investment Managers Private Limited,,91.98,50,4.18,15.91,-0.14,-6.96,1.01,5.59,6.67,,-0.56,,,,2026-06-30,APMI monthly report Jun 2026,
Valentis Multi-cap Fund,Valentis Advisors Private Limited,,293.27,50,4.17,22.13,10.54,5.27,1.29,12.31,16.41,14.12,17.80,,,,2026-06-30,APMI monthly report Jun 2026,
Motilal Oswal Mid to Mega Strategy,Motilal Oswal Asset Management Company Limited - Portfolio Managers,,2286.13,50,4.17,31.50,15.36,8.64,10.19,24.43,24.29,15.10,23.47,,,,2026-06-30,APMI monthly report Jun 2026,
RH Supervalue Aggressive,Right Horizons Portfolio Management Pvt Ltd,,91.75,50,4.16,29.09,5.52,5.86,6.54,16.86,,,22.60,,,,2026-06-30,APMI monthly report Jun 2026,
BEA India Growth Fund,Bhana Equity Advisors Llp,,502.51,50,4.15,28.10,4.13,-9.73,3.73,21.57,25.36,24.24,28.09,,,,2026-06-30,APMI monthly report Jun 2026,
Valentis Rising Star Opportunity Fund,Valentis Advisors Private Limited,,1078.06,50,4.15,28.36,15.66,10.76,3.68,13.71,19.35,16.16,17.28,,,,2026-06-30,APMI monthly report Jun 2026,
Invesco India R.I.S.E Portfolio,Invesco Asset Management (India) Private Limited,,337.50,50,4.12,12.60,2.74,8.24,5.24,17.97,20.50,14.81,14.01,,,,2026-06-30,APMI monthly report Jun 2026,
Ace Multicap,Asit C. Mehta Investment Interrmediates Ltd.,,116.96,50,4.11,15.08,-1.02,2.88,0.37,25.79,31.58,23.04,18.64,,,,2026-06-30,APMI monthly report Jun 2026,
Ionic Vantage Portfolio,Angel One Investment Managers & Advisors Private Limited,,1.65,50,4.10,,,,,,,,2.96,,,,2026-06-30,APMI monthly report Jun 2026,
Ohm Absolute,Ohm Portfolio Equi Research Private Limited,,47.19,50,4.08,16.80,3.59,2.77,9.64,11.11,19.44,16.18,17.25,,,,2026-06-30,APMI monthly report Jun 2026,
Girik PMS BluFIN X Equity Strategy,Girik Wealth Advisors Private Limited,,160.96,50,4.08,23.84,14.68,13.08,-3.54,,,,0.93,,,,2026-06-30,APMI monthly report Jun 2026,
Omni Amrit Kaal,Omniscience Capital Advisors Private Limited,,0.05,50,4.08,21.08,0.32,,,,,,-3.45,,,,2026-06-30,APMI monthly report Jun 2026,
PMS-2 Q5,Chona Financial Services Limited,,2.80,50,4.07,24.51,6.12,5.76,2.06,10.92,14.95,8.23,13.66,,,,2026-06-30,APMI monthly report Jun 2026,
CARNELIAN CAPITAL COMPOUNDER STRATEGY,Carnelian Asset Management & Advisors Pvt Ltd,,2094.18,50,4.05,22.33,3.77,12.04,11.84,23.52,25.21,17.57,19.35,,,,2026-06-30,APMI monthly report Jun 2026,
Ace Blue-chip,Asit C. Mehta Investment Interrmediates Ltd.,,4.45,50,4.02,12.50,0.80,5.70,5.26,19.11,20.05,16.76,12.83,,,,2026-06-30,APMI monthly report Jun 2026,
FORTUNA ONE,Fortuna Asset Managers LLP,,88.74,50,4.00,29.56,9.73,16.84,15.26,,,,28.66,,,,2026-06-30,APMI monthly report Jun 2026,
Agreya Value Momentum Strategy,Agreya Capital Advisors Llp,,1.16,50,3.97,29.58,14.41,13.81,,,,,21.28,,,,2026-06-30,APMI monthly report Jun 2026,
BCAD,Unifi Capital P Ltd,,230.80,50,3.93,15.75,-4.56,-8.33,-1.18,8.05,13.05,10.31,12.81,,,,2026-06-30,APMI monthly report Jun 2026,
Special Situations Portfolio,Buglerock Capital Private Limited,,79.59,50,3.93,22.05,7.12,1.66,0.99,18.89,,,25.94,,,,2026-06-30,APMI monthly report Jun 2026,
AWRIGA CORE STRATEGY,Awriga Capital Advisors Llp,,592.74,50,3.93,14.54,-6.74,-9.64,0.57,7.37,12.72,11.07,13.53,,,,2026-06-30,APMI monthly report Jun 2026,
Marcellus Curation-I,Marcellus Investment Managers Private Limited,,153.67,50,3.92,18.68,-1.54,-7.77,-1.08,,,,4.36,,,,2026-06-30,APMI monthly report Jun 2026,
Abakkus Select Edge Approach,Abakkus Asset Manager Private Limited,,40.66,50,3.91,34.09,0.00,,,,,,33.79,,,,2026-06-30,APMI monthly report Jun 2026,
Mystic Wealth Momentum Portfolio,GoldStandard Wealth Private Limited,,3.03,50,3.91,13.92,,,,,,,11.07,,,,2026-06-30,APMI monthly report Jun 2026,
Val-Q Mid Cap High Quality Fund,Val Q Investment Advisory Pvt Ltd,,52.90,50,3.90,24.00,1.72,-1.15,-2.31,9.05,14.90,10.10,10.68,,,,2026-06-30,APMI monthly report Jun 2026,
Sanctum Indian Titans,Sanctum Wealth Private Limited,,147.56,50,3.90,18.14,0.08,-2.42,1.15,8.40,11.79,9.79,12.54,,,,2026-06-30,APMI monthly report Jun 2026,
Alpha Equity,Jain Investment Advisors Pvt Ltd,,28.85,50,3.90,21.11,3.23,-2.64,1.97,20.49,24.35,18.64,13.72,,,,2026-06-30,APMI monthly report Jun 2026,
Vallum JAN Principles Approach,Vallum Capital Advisors Private Limited,,2.67,50,3.89,22.20,8.22,,,,,,7.17,,,,2026-06-30,APMI monthly report Jun 2026,
Motilal Oswal Ethical Strategy,Motilal Oswal Asset Management Company Limited - Portfolio Managers,,76.66,50,3.89,23.11,10.46,12.87,-0.54,15.08,17.03,12.38,13.14,,,,2026-06-30,APMI monthly report Jun 2026,
BADJATE MULTICAP FUND,Badjate Wealth Private Limited,,156.66,50,3.89,23.33,7.59,-0.67,2.85,24.73,25.51,,18.92,,,,2026-06-30,APMI monthly report Jun 2026,
CENTRUM BUILT TO GROW MULTICAP NRI.,Centrum Investment Advisers Limited,,1.40,50,3.88,16.43,-4.20,-8.27,-1.97,9.13,10.21,6.61,13.00,,,,2026-06-30,APMI monthly report Jun 2026,
Banyan Edhas Portfolio,Banyan Capital Advisors Llp,,49.06,50,3.87,21.57,8.51,11.78,10.59,18.27,,,18.52,,,,2026-06-30,APMI monthly report Jun 2026,
AXIS SECURITIES ETHICAL,Axis Securities Ltd,,16.00,50,3.86,15.17,1.03,-7.36,-4.80,13.04,,,10.65,,,,2026-06-30,APMI monthly report Jun 2026,
Equity Focused Discretionary PMS,Wealthbridge Capital Advisors Private Limited,,92.16,50,3.86,29.03,6.02,9.80,0.97,8.67,22.23,17.95,14.33,,,,2026-06-30,APMI monthly report Jun 2026,
IIFL Flagship Leaders Portfolio,IIFL Capital Asset Management Limited,,318.74,50,3.84,21.93,3.98,-3.22,,,,,0.27,,,,2026-06-30,APMI monthly report Jun 2026,
Concept Marvel,Concept Investwell Private Limited,,2.70,50,3.83,13.33,-7.46,-13.86,-4.11,5.12,8.27,4.58,9.15,,,,2026-06-30,APMI monthly report Jun 2026,
FCI LLP Opportunities,Fractal Capital Investments Llp,,35.56,50,3.82,21.62,-2.37,-8.76,2.65,13.90,18.92,,18.13,,,,2026-06-30,APMI monthly report Jun 2026,
InCred Multicap Portfolio,Incred Asset Management Private Limited,,187.92,50,3.82,16.71,-6.21,-9.38,-1.79,12.14,18.32,11.54,12.73,,,,2026-06-30,APMI monthly report Jun 2026,
NAFA EMERGING BLUE CHIP PORTFOLIO,Nafa Asset Managers Private Limited,,445.06,50,3.82,19.22,-0.55,-4.72,-2.18,12.83,17.29,15.75,14.89,,,,2026-06-30,APMI monthly report Jun 2026,
AAA Shariah PMS,AlfAccurate Advisors Pvt Ltd,,262.60,50,3.79,22.37,8.24,4.79,2.27,12.23,13.72,10.61,14.76,,,,2026-06-30,APMI monthly report Jun 2026,
QUESTPMS MULTI PORTFOLIO,Quest Investment Managers Pvt Ltd,,744.91,50,3.78,22.94,4.60,0.99,4.11,17.79,19.76,13.85,15.56,,,,2026-06-30,APMI monthly report Jun 2026,
ALPHA GROWTH,Reliance Wealth Management Limited,,16.95,50,3.76,20.97,5.51,2.17,6.13,18.74,18.72,15.45,16.67,,,,2026-06-30,APMI monthly report Jun 2026,
Bay India Opportunities Portfolio,Bay Capital Investment Advisors Pvt. Ltd.,,79.75,50,3.75,15.26,-8.21,-9.61,-1.47,6.18,,,10.74,,,,2026-06-30,APMI monthly report Jun 2026,
TCG ADVISORY SERVICES PVT LTD FUND 1,TCG Advisory Services Private Limited,,5.58,50,3.75,17.64,-2.86,-5.81,-6.17,11.68,13.51,8.14,12.08,,,,2026-06-30,APMI monthly report Jun 2026,
BONANZA EDGE,Bonanza Portfolio Limited,,97.84,50,3.75,25.60,9.37,-0.12,-0.83,19.36,22.78,21.44,18.91,,,,2026-06-30,APMI monthly report Jun 2026,
MULTICAP PORTFOLIO,NJ Asset Management Private Limited,,716.24,50,3.74,15.12,-0.72,-1.45,-2.61,18.57,20.98,16.24,14.08,,,,2026-06-30,APMI monthly report Jun 2026,
Trivantage Capital Resurgent Financials Equity Portfolio,Trivantage Capital Management India Private Limited,,21.86,50,3.73,15.04,-0.48,-1.25,4.86,8.65,13.36,9.01,11.90,,,,2026-06-30,APMI monthly report Jun 2026,
MONEYGROW LARGE MIDCAP,Moneygrow Asset Private Limited,,109.23,50,3.73,22.39,0.37,2.25,7.65,15.01,,,17.82,,,,2026-06-30,APMI monthly report Jun 2026,
AIAlpha Dynamic Equity Portfolio,AIALPHA Financial Advisory Services Private Limited,,8.14,50,3.72,12.30,-1.30,,,,,,3.43,,,,2026-06-30,APMI monthly report Jun 2026,
BEA SPECIALIZED PORTFOLIO,Bhana Equity Advisors Llp,,545.33,50,3.72,27.13,5.92,-11.70,2.74,19.89,23.32,21.32,24.95,,,,2026-06-30,APMI monthly report Jun 2026,
Q India Small Cap Strategy,Quantum Advisors Private Limited,,1.33,50,3.72,23.74,4.21,2.85,6.00,,,,10.56,,,,2026-06-30,APMI monthly report Jun 2026,
THE ALL-STAR PORTFOLIO,Clubmillionaire Financial Services Private Limited,,3036.76,50,3.71,18.46,-2.92,-3.45,7.58,11.04,13.30,9.62,15.33,,,,2026-06-30,APMI monthly report Jun 2026,
HSBC India Next Portfolio,HSBC Asset Management (India) Private Limited,,438.96,50,3.70,17.18,1.58,2.00,3.51,12.10,15.34,12.22,13.43,,,,2026-06-30,APMI monthly report Jun 2026,
QUESTPMS FLAGSHIP PORTFOLIO,Quest Investment Managers Pvt Ltd,,413.92,50,3.70,22.68,-1.66,-9.66,-1.60,11.20,13.49,8.58,15.15,,,,2026-06-30,APMI monthly report Jun 2026,
CENTRUM BUILT TO GROW MULTICAP PORTFOLIO.,Centrum Investment Advisers Limited,,1.71,50,3.69,15.37,-5.61,-9.11,-3.80,7.48,9.69,7.31,12.07,,,,2026-06-30,APMI monthly report Jun 2026,
Altitude,Capitalmind Financial Services Private Limited,,32.51,50,3.69,16.20,3.29,4.07,,,,,13.01,,,,2026-06-30,APMI monthly report Jun 2026,
Concept Legend Flexi,Concept Investwell Private Limited,,1.52,50,3.69,11.19,-2.13,-2.93,1.31,,,,5.05,,,,2026-06-30,APMI monthly report Jun 2026,
Globe Arbitrage/Special Situation,Globe Capital Market Ltd,,284.63,50,3.69,27.77,-1.34,4.61,1.36,13.57,14.84,13.05,14.38,,,,2026-06-30,APMI monthly report Jun 2026,
Multicap,Eureka Portfolio Management Services Pvt Ltd,,64.08,50,3.67,20.74,5.56,3.41,1.86,20.18,20.81,15.64,10.04,,,,2026-06-30,APMI monthly report Jun 2026,
Abakkus Diversified Alpha Approach,Abakkus Asset Manager Private Limited,,1327.89,50,3.67,21.42,6.35,8.81,6.96,,,,11.21,,,,2026-06-30,APMI monthly report Jun 2026,
Abakkus All Cap (FPI) Approach,Abakkus Asset Manager Private Limited,,4263.84,50,3.67,19.91,5.92,15.85,9.06,19.74,21.06,,14.78,,,,2026-06-30,APMI monthly report Jun 2026,
Value Investing,Equity Intelligence India Private Limited,,1165.63,50,3.66,30.30,-1.59,-22.87,-14.53,-1.99,8.64,6.14,17.48,,,,2026-06-30,APMI monthly report Jun 2026,
Emerging India Portfolio 1,Nippon Life India Asset Management Ltd,,29.31,50,3.66,20.13,6.46,4.94,5.82,17.68,20.62,15.77,13.97,,,,2026-06-30,APMI monthly report Jun 2026,
GUARDIAN FLEXICAP,Emkay Investment Managers Limited,,19.21,50,3.66,,,,,,,,10.03,,,,2026-06-30,APMI monthly report Jun 2026,
RISING STAR,Sundaram Alternate Assets Limited,,121.01,50,3.65,33.92,31.03,37.10,19.85,17.88,19.74,16.80,15.30,,,,2026-06-30,APMI monthly report Jun 2026,
ValPro Balanced (B) PMS,Value Prolific Investments & Consulting Private Limited,,9.05,50,3.65,23.61,9.47,13.05,7.57,16.64,11.94,,5.28,,,,2026-06-30,APMI monthly report Jun 2026,
DIVERSIFIED LONG TERM VALUE,COUNTER CYCLICAL INVESTMENTS PRIVATE LIMITED,,971.67,50,3.65,32.63,7.98,-2.88,5.82,21.68,27.61,30.95,44.75,,,,2026-06-30,APMI monthly report Jun 2026,
ARDEKO GROWTH FUND,Ardeko Asset Management Pvt Ltd,,175.76,50,3.64,17.41,-0.27,-1.69,,,,,-0.14,,,,2026-06-30,APMI monthly report Jun 2026,
TAMOHARA TRADE SANCHAY STRATEGY,Tamohara Investment Managers Pvt Ltd,,33.75,50,3.63,9.31,-5.33,-1.89,4.74,12.62,11.14,6.61,7.35,,,,2026-06-30,APMI monthly report Jun 2026,
INVESTVALUE INDIA WINNERS PORTFOLIO,INVESTVALUE CAPITAL PRIVATE LIMITED,,27.48,50,3.62,16.06,,,,,,,13.64,,,,2026-06-30,APMI monthly report Jun 2026,
Optimiser Small Cap,Wealth Managers (India) Pvt. Ltd.,,3.33,50,3.62,28.97,20.20,13.82,7.60,32.16,35.40,,25.94,,,,2026-06-30,APMI monthly report Jun 2026,
Apex,J M Financial Ltd,,638.11,50,3.60,23.71,9.31,9.38,4.77,17.48,,,18.76,,,,2026-06-30,APMI monthly report Jun 2026,
HSBC Evolve Portfolio,HSBC Asset Management (India) Private Limited,,45.16,50,3.60,17.87,0.69,,,,,,1.83,,,,2026-06-30,APMI monthly report Jun 2026,
Marcellus' Curation,Marcellus Investment Managers Private Limited,,72.33,50,3.60,15.36,-3.84,-10.04,-3.11,1.56,4.84,1.61,7.76,,,,2026-06-30,APMI monthly report Jun 2026,
WEALTH SPIRAL ( DYNAMIC SCHEME) 2,Way2Wealth Brokers Private Limited,,0.11,50,3.57,12.52,-14.28,-19.52,-17.76,-5.07,5.41,1.48,3.50,,,,2026-06-30,APMI monthly report Jun 2026,
InCred Healthcare Portfolio,Incred Asset Management Private Limited,,657.18,50,3.57,22.38,1.19,11.29,24.02,26.96,26.75,15.34,18.59,,,,2026-06-30,APMI monthly report Jun 2026,
OTHERS EQUITY,Unifi Capital P Ltd,,105.49,50,3.55,14.47,2.96,0.85,4.86,6.36,7.31,6.13,11.78,,,,2026-06-30,APMI monthly report Jun 2026,
ICICI Prudential PMS PIPE Strategy,ICICI Prudential Asset Management Company Ltd,,7829.58,50,3.55,17.09,4.49,6.48,5.13,19.93,25.90,22.18,25.05,,,,2026-06-30,APMI monthly report Jun 2026,
ICICI Prudential PMS Banking and Financial Services Strategy,ICICI Prudential Asset Management Company Ltd,,17.86,50,3.55,14.78,2.16,5.28,8.82,,,,12.41,,,,2026-06-30,APMI monthly report Jun 2026,
ABN Capital Flagship Equity Portfolio,ABN Capital Asset Managers LLP,,16.32,50,3.55,17.40,,,,,,,6.68,,,,2026-06-30,APMI monthly report Jun 2026,
AXIS SECURITIES SELECT NIFTY 50,Axis Securities Ltd,,9.48,50,3.54,9.94,-3.97,0.18,3.64,11.33,13.73,11.12,11.65,,,,2026-06-30,APMI monthly report Jun 2026,
GUARDIAN ASSET MANAGEMENT PVT LTD-MULTI CAP,Guardian Asset Management Private Limited,,57.95,50,3.53,13.69,-4.65,-5.51,0.80,7.13,11.18,7.55,10.61,,,,2026-06-30,APMI monthly report Jun 2026,
Research Picks II Portfolio Approach,Whiteoak Capital Asset Management Limited,,0.38,50,3.53,22.07,5.15,-1.27,5.02,11.03,,,12.72,,,,2026-06-30,APMI monthly report Jun 2026,
Emerging India Portfolio Systematic Rebalancing Option,Nippon Life India Asset Management Ltd,,4.29,50,3.52,20.02,6.22,5.03,5.80,17.73,20.39,15.31,16.93,,,,2026-06-30,APMI monthly report Jun 2026,
Mojo Soul,Markets MoJo Asset Management Private Limited,,626.85,50,3.51,16.91,6.05,1.81,-2.94,6.27,,,6.26,,,,2026-06-30,APMI monthly report Jun 2026,
Omni Capital Creators,Omniscience Capital Advisors Private Limited,,1.80,50,3.51,15.82,0.80,,,,,,-0.42,,,,2026-06-30,APMI monthly report Jun 2026,
Ambit CALIBER H Portfolio,Ambit Wealth Private Limited,,10.49,50,3.51,14.85,0.22,2.05,1.19,14.44,15.26,10.42,13.25,,,,2026-06-30,APMI monthly report Jun 2026,
ACE Equity Portfolio,ICICI Securities Limited,,252.64,50,3.50,15.15,1.83,1.70,-2.10,16.18,18.13,14.01,14.55,,,,2026-06-30,APMI monthly report Jun 2026,
Ambit CALIBER Portfolio - STP,Ambit Wealth Private Limited,,6.03,50,3.47,14.75,0.18,3.54,0.63,14.80,,,14.62,,,,2026-06-30,APMI monthly report Jun 2026,
VOYAGER,Sundaram Alternate Assets Limited,,218.29,50,3.46,34.96,24.03,27.04,21.16,24.26,23.48,18.51,15.75,,,,2026-06-30,APMI monthly report Jun 2026,
IME Digital Disruption,IME Portfolio Managers LLP,,17.10,50,3.46,15.36,-6.51,,,,,,-4.84,,,,2026-06-30,APMI monthly report Jun 2026,
ALPHA,Ithought Financial Consulting Llp,,399.75,50,3.46,13.34,-1.41,1.48,4.89,17.14,21.37,,18.89,,,,2026-06-30,APMI monthly report Jun 2026,
Karma Capital Magnolia,Karma Capital Advisors Pvt Ltd.,,13.55,50,3.46,20.69,3.30,0.88,3.46,13.11,,,13.28,,,,2026-06-30,APMI monthly report Jun 2026,
THE HERON,Allegro Securities Pvt Ltd,,15.78,50,3.45,14.48,4.57,3.77,,,,,6.72,,,,2026-06-30,APMI monthly report Jun 2026,
DRChoksey Focused Advantage,Drchoksey Finserv Private Limited,,20.30,50,3.44,17.40,-1.07,-10.09,-5.42,4.92,7.98,,4.64,,,,2026-06-30,APMI monthly report Jun 2026,
CENTRUM FLEXICAP PORTFOLIO T,Centrum Investment Advisers Limited,,46.37,50,3.44,12.78,-5.48,-3.23,-0.46,12.20,13.11,,8.36,,,,2026-06-30,APMI monthly report Jun 2026,
Prudent Financial Resurgence Portfolio FRP,Prudent Investment Managers LLP,,8.31,50,3.44,24.32,-1.59,-4.11,,,,,11.94,,,,2026-06-30,APMI monthly report Jun 2026,
IIFL Select Custom Portfolio,IIFL Capital Asset Management Limited,,0.85,50,3.44,20.34,6.28,,,,,,5.49,,,,2026-06-30,APMI monthly report Jun 2026,
Mystic Wealth Value Portfolio,GoldStandard Wealth Private Limited,,1.28,50,3.43,11.51,,,,,,,8.64,,,,2026-06-30,APMI monthly report Jun 2026,
The Opportunistic,J M Financial Ltd,,9.83,50,3.42,21.02,17.31,15.90,12.90,25.19,26.54,18.56,9.48,,,,2026-06-30,APMI monthly report Jun 2026,
FINDOC VANTAGE FUND,Findoc Investmart Private Limited,,2.46,50,3.42,,,,,,,,12.32,,,,2026-06-30,APMI monthly report Jun 2026,
CENTRUM FLEXICAP PORTFOLIO.,Centrum Investment Advisers Limited,,29.93,50,3.42,13.06,-5.41,-2.23,0.47,13.16,14.16,11.05,12.30,,,,2026-06-30,APMI monthly report Jun 2026,
AAA India Opportunity PMS,AlfAccurate Advisors Pvt Ltd,,2227.97,50,3.42,15.56,-1.52,-1.61,3.02,13.90,17.03,13.03,17.40,,,,2026-06-30,APMI monthly report Jun 2026,
SageOne Small Cap,Sageone Investment Managers Llp,,1221.09,50,3.41,26.20,10.88,2.10,3.55,13.11,15.52,12.03,21.84,,,,2026-06-30,APMI monthly report Jun 2026,
Ambit CALIBER Portfolio,Ambit Wealth Private Limited,,99.12,50,3.40,14.67,0.38,3.92,1.57,15.03,15.63,10.87,14.34,,,,2026-06-30,APMI monthly report Jun 2026,
India Growth,Lakewater Advisors Private Limited,,32.54,50,3.39,27.18,7.50,8.97,6.29,8.93,11.45,5.37,10.49,,,,2026-06-30,APMI monthly report Jun 2026,
FYERS Genesis Fund,FYERS ASSET MANAGEMENT PRIVATE LIMITED,,16.43,50,3.36,15.39,-2.51,-2.95,,,,,1.47,,,,2026-06-30,APMI monthly report Jun 2026,
Consortium Securities Value PMS,Consortium Securities Pvt Ltd,,104.23,50,3.34,17.07,4.64,11.55,8.18,20.88,25.56,19.67,26.72,,,,2026-06-30,APMI monthly report Jun 2026,
GROWTH,Capgrow Capital Advisors Llp,,44.14,50,3.30,17.12,-5.75,-9.42,-2.20,4.94,9.46,5.90,9.59,,,,2026-06-30,APMI monthly report Jun 2026,
INSIDER SHADOW STRATEGY,Unifi Capital P Ltd,,88.24,50,3.30,14.74,-0.36,-1.82,-1.67,7.26,9.98,7.95,13.72,,,,2026-06-30,APMI monthly report Jun 2026,
FORT DYNAMIC,FORT CAPITAL INVESTMENT ADVISORY PRIVATE LIMITED,,198.13,50,3.30,14.42,-2.70,4.85,9.07,,,,17.17,,,,2026-06-30,APMI monthly report Jun 2026,
BM LEGACY BUILDERS,Basant Maheshwari Wealth Advisers Llp,,25.01,50,3.30,15.08,-4.97,-9.16,,,,,-8.27,,,,2026-06-30,APMI monthly report Jun 2026,
Emerging India Portfolio,Nippon Life India Asset Management Ltd,,32.07,50,3.28,19.70,5.87,4.92,4.91,17.27,20.41,16.05,15.20,,,,2026-06-30,APMI monthly report Jun 2026,
SYNERGY FOCUSED APPROACH FOR LONG TERM,Harmoney Finserv India Private Limited,,35.06,50,3.27,13.70,0.10,-0.08,6.22,10.04,14.11,11.17,7.01,,,,2026-06-30,APMI monthly report Jun 2026,
ATOM,PL Asset Management Private Ltd,,5.60,50,3.27,19.26,,,,,,,19.21,,,,2026-06-30,APMI monthly report Jun 2026,
"HDFC AMC ""MF Select"" Portfolio - Equity (Formerly Portfolio of MF Schemes/ETFs)",HDFC Asset Management Company Limited,,21.96,50,3.26,10.28,-3.12,0.79,5.06,17.25,20.88,18.17,12.07,,,,2026-06-30,APMI monthly report Jun 2026,
Prithvi Balance portfolio,Prithvi Finmart Pvt.Ltd.,,186.55,50,3.22,33.51,22.23,13.52,7.41,,,,22.77,,,,2026-06-30,APMI monthly report Jun 2026,
Long Term Growth Stock,ELIXIR EQUITIES PVT LTD,,17.57,50,3.21,12.29,-2.76,3.92,2.11,6.46,9.95,7.13,6.78,,,,2026-06-30,APMI monthly report Jun 2026,
Infinity Core Equity Approach,Nuvama Asset Management Limited,,148.92,50,3.21,18.32,0.41,3.74,2.67,12.81,15.74,11.95,16.97,,,,2026-06-30,APMI monthly report Jun 2026,
White Oak India Pioneers Equity Portfolio,Whiteoak Capital Asset Management Limited,,2946.26,50,3.20,14.80,-3.42,-5.14,1.55,9.87,12.94,8.47,14.54,,,,2026-06-30,APMI monthly report Jun 2026,
EQUENTIS MULTI CAP PORTFOLIO,Equentis Wealth Advisory Services Limited,,84.71,50,3.19,12.68,-1.34,-1.65,,,,,0.11,,,,2026-06-30,APMI monthly report Jun 2026,
Moderate Compounders,Moat Financial Services Private Limited,,18.13,50,3.19,19.01,1.62,-6.91,-3.81,11.68,15.38,13.02,10.88,,,,2026-06-30,APMI monthly report Jun 2026,
Complete Circle Digital compounders,Complete Circle Wealth Solutions Llp,,575.71,50,3.19,21.64,3.94,0.49,2.98,14.88,14.80,,13.52,,,,2026-06-30,APMI monthly report Jun 2026,
Diversified Portfolio - Equity,HDFC Asset Management Company Limited,,571.42,50,3.19,10.62,-3.47,-0.69,4.12,17.88,22.60,19.99,18.99,,,,2026-06-30,APMI monthly report Jun 2026,
AXIS SECURITIES PURE GROWTH,Axis Securities Ltd,,805.01,50,3.18,17.25,4.59,3.21,5.84,15.52,19.22,16.84,17.16,,,,2026-06-30,APMI monthly report Jun 2026,
Sundaram Voyager Global Portfolio,Sundaram Alternate Assets Limited,,245.06,50,3.17,35.00,25.10,28.46,20.61,22.41,22.05,16.49,20.06,,,,2026-06-30,APMI monthly report Jun 2026,
ICICI Prudential PMS Growth Leaders Strategy,ICICI Prudential Asset Management Company Ltd,,1621.61,50,3.17,12.16,-0.78,0.96,2.25,15.90,19.16,14.74,12.02,,,,2026-06-30,APMI monthly report Jun 2026,
High Growth Fund,Jain Investment Advisors Pvt Ltd,,76.65,50,3.17,10.61,4.14,0.43,-1.62,11.23,12.34,11.38,15.01,,,,2026-06-30,APMI monthly report Jun 2026,
ICICI Prudential PMS Enterprising India Strategy,ICICI Prudential Asset Management Company Ltd,,4.64,50,3.15,12.42,0.26,2.51,-0.18,10.06,17.90,13.46,10.54,,,,2026-06-30,APMI monthly report Jun 2026,
BONANZA MULTICAP,Bonanza Portfolio Limited,,8.16,50,3.15,23.99,7.30,-0.41,0.63,19.52,25.06,16.79,20.33,,,,2026-06-30,APMI monthly report Jun 2026,
InCred Active Momentum Portfolio,Incred Asset Management Private Limited,,15.87,50,3.14,12.65,-1.51,-5.29,,,,,-0.17,,,,2026-06-30,APMI monthly report Jun 2026,
AXIS SECURITIES GROWAN,Axis Securities Ltd,,10.09,50,3.13,17.88,3.15,1.23,5.07,14.30,18.06,15.24,15.18,,,,2026-06-30,APMI monthly report Jun 2026,
Abakkus All Cap (Shariah) Approach,Abakkus Asset Manager Private Limited,,14.71,50,3.13,16.25,1.93,0.66,0.94,14.45,19.55,,12.40,,,,2026-06-30,APMI monthly report Jun 2026,
SUNIOP,Sundaram Alternate Assets Limited,,0.46,50,3.12,8.18,-6.97,-6.44,-1.08,2.66,6.97,6.04,7.93,,,,2026-06-30,APMI monthly report Jun 2026,
NDPMS,Samvitti Capital Private Limited,,92.62,50,3.11,19.71,3.91,2.29,5.25,14.00,15.99,12.47,12.46,,,,2026-06-30,APMI monthly report Jun 2026,
NARNOLIA MULTI-ASSET STRATEGY,Narnolia Financial Services Limited,,3.36,50,3.10,8.77,2.15,3.90,5.32,13.06,15.59,12.26,15.50,,,,2026-06-30,APMI monthly report Jun 2026,
FREEDOM PORTFOLIO,NJ Asset Management Private Limited,,143.00,50,3.10,15.83,0.93,0.33,3.67,15.26,17.71,13.24,12.84,,,,2026-06-30,APMI monthly report Jun 2026,
AAA Focus PMS,AlfAccurate Advisors Pvt Ltd,,4.18,50,3.09,11.59,-6.04,-4.27,1.29,9.42,13.24,10.43,12.92,,,,2026-06-30,APMI monthly report Jun 2026,
KARMA CAPITAL HIGHLY DIVERSIFIED,Karma Capital Advisors Pvt Ltd.,,17.90,50,3.09,16.08,1.16,,,,,,1.97,,,,2026-06-30,APMI monthly report Jun 2026,
AIAlpha Bluechip Equity Portfolio,AIALPHA Financial Advisory Services Private Limited,,21.57,50,3.08,9.90,-4.61,,,,,,0.84,,,,2026-06-30,APMI monthly report Jun 2026,
Incredible India,JHP Securities Private Limited,,135.29,50,3.08,30.38,16.73,8.84,5.36,21.34,25.77,21.34,14.28,,,,2026-06-30,APMI monthly report Jun 2026,
Business Cycle Fund,Ckredence Wealth Management Pvt Ltd,,184.64,50,3.08,25.19,9.20,9.31,11.67,,,,17.04,,,,2026-06-30,APMI monthly report Jun 2026,
Pure Alpha,Wave Asset Private Limited,,24.11,50,3.08,20.40,9.62,14.35,15.17,,,,14.59,,,,2026-06-30,APMI monthly report Jun 2026,
Tailored Discretionary Portfolio - Aggressive,Sanctum Wealth Private Limited,,108.69,50,3.08,17.38,1.12,-0.91,0.72,10.32,13.58,10.03,10.54,,,,2026-06-30,APMI monthly report Jun 2026,
MNC Portfolio - NRI,Anand Rathi Advisors Limited,,12.55,50,3.07,20.81,7.14,-1.13,-2.40,9.60,11.42,9.65,12.96,,,,2026-06-30,APMI monthly report Jun 2026,
ALPHA STAR,Ghalla Bhansali Stock Brokers Pvt Ltd,,11.52,50,3.07,17.76,3.28,-3.92,-4.12,5.53,8.02,4.64,11.72,,,,2026-06-30,APMI monthly report Jun 2026,
ValueQuest Vision,Valuequest Investment Advisors Pvt. Ltd.,,1080.56,50,3.07,21.44,7.91,4.85,14.65,30.57,34.43,26.09,29.76,,,,2026-06-30,APMI monthly report Jun 2026,
Maxiom PMS - JEWEL Flexi Cap Quality-Growth,MAXIOM ASSET MANAGEMENT PRIVATE LIMITED,,66.32,50,3.07,17.78,1.00,0.47,0.27,7.12,,,7.15,,,,2026-06-30,APMI monthly report Jun 2026,
Dolat Quantum Leap Strategy,Dolat Capital Market Private Limited,,20.22,50,3.06,16.79,,,,,,,7.83,,,,2026-06-30,APMI monthly report Jun 2026,
ICICI Prudential PMS Wellness Strategy,ICICI Prudential Asset Management Company Ltd,,12.51,50,3.06,11.54,2.96,2.24,7.54,16.75,15.93,10.03,13.37,,,,2026-06-30,APMI monthly report Jun 2026,
CENTRUM FLEXICAP PORTFOLIO T NRI.,Centrum Investment Advisers Limited,,0.78,50,3.04,11.53,-7.30,-5.01,-0.83,13.64,14.27,,9.75,,,,2026-06-30,APMI monthly report Jun 2026,
Roha Titans Equity Portfolio,ROHA ASSET MANAGERS LLP,,0.48,50,3.04,16.18,-2.11,,,,,,-3.51,,,,2026-06-30,APMI monthly report Jun 2026,
Digital compounders PMS,Complete Circle Wealth Solutions Llp,,31.88,50,3.04,21.02,3.97,-1.27,,,,,5.14,,,,2026-06-30,APMI monthly report Jun 2026,
Valtrust Momentum,Valtrust Partners Llp,,79.43,50,3.03,22.12,5.52,4.30,-2.86,19.86,,,22.71,,,,2026-06-30,APMI monthly report Jun 2026,
Chanakya Multi-Cap,Chanakya Capital Services Private Limited,,337.25,50,3.02,17.79,3.00,7.06,9.16,18.22,24.09,18.56,15.82,,,,2026-06-30,APMI monthly report Jun 2026,
Omni India Inc,Omniscience Capital Advisors Private Limited,,0.03,50,3.01,13.78,4.25,,,,,,2.61,,,,2026-06-30,APMI monthly report Jun 2026,
India Portfolio Builder,JHP Securities Private Limited,,8.29,50,3.00,16.77,-3.13,3.56,4.23,12.14,14.78,12.69,9.97,,,,2026-06-30,APMI monthly report Jun 2026,
White Oak India Pioneers Equity Portfolio STP Plan,Whiteoak Capital Asset Management Limited,,63.14,50,2.99,14.40,-3.79,-5.79,1.33,9.61,12.67,7.95,10.86,,,,2026-06-30,APMI monthly report Jun 2026,
Alchemy Ascent,Alchemy Capital Management Pvt Ltd,,246.51,50,2.98,16.67,6.12,1.24,-9.13,10.10,13.60,8.75,13.41,,,,2026-06-30,APMI monthly report Jun 2026,
Guardian Multicap Strategy Passive,Guardian Asset Management Private Limited,,4.57,50,2.98,19.39,1.07,4.24,,,,,14.13,,,,2026-06-30,APMI monthly report Jun 2026,
NARNOLIA MID AND SMALL CAP STRATEGY,Narnolia Financial Services Limited,,141.31,50,2.97,12.01,-0.06,-3.34,4.08,14.77,18.16,13.07,17.75,,,,2026-06-30,APMI monthly report Jun 2026,
Unique Focused Fund,Unique Asset Management Llp,,1190.80,50,2.97,23.18,13.33,7.34,17.47,18.41,20.31,15.40,17.09,,,,2026-06-30,APMI monthly report Jun 2026,
QUEST PMS TIMES,Quest Investment Managers Pvt Ltd,,0.46,50,2.97,23.26,3.63,-1.36,,,,,-3.46,,,,2026-06-30,APMI monthly report Jun 2026,
ALLWEATHER,MARFATIA STOCK BROKING PRIVATE LIMITED,,86.60,50,2.94,0.00,0.00,11.47,0.00,0.00,0.00,0.00,0.00,,,,2026-06-30,APMI monthly report Jun 2026,
KSEMA WEALTH MULTICAP - INDIA OPPORTUNITIES FUND,Ksema Wealth Pvt Ltd,,83.87,50,2.94,13.97,0.82,0.02,1.24,14.20,19.10,15.03,17.59,,,,2026-06-30,APMI monthly report Jun 2026,
The Alpha I Strategy,Anand Rathi Advisors Limited,,10.12,50,2.92,16.03,1.02,0.52,2.09,14.97,,,17.67,,,,2026-06-30,APMI monthly report Jun 2026,
Next Trillion Dollar Opportunity Strategy,Motilal Oswal Asset Management Company Limited - Portfolio Managers,,4490.15,50,2.92,17.39,1.79,-1.64,1.36,14.14,13.44,9.04,14.08,,,,2026-06-30,APMI monthly report Jun 2026,
Sameeksha India Diversified Investment Strategy,Sameeksha Capital Private Limited,,15.94,50,2.92,17.32,2.96,,,,,,2.37,,,,2026-06-30,APMI monthly report Jun 2026,
Omni Captains,Omniscience Capital Advisors Private Limited,,0.03,50,2.91,17.75,4.85,,,,,,4.34,,,,2026-06-30,APMI monthly report Jun 2026,
METAMORPHOSIS FUND,SINCERE SYNDICATION AND CORPORATE SERVICES LLP,,335.33,50,2.90,20.83,-0.12,-0.24,-2.67,10.54,,,10.46,,,,2026-06-30,APMI monthly report Jun 2026,
Complete Circle India Rising,Complete Circle Wealth Solutions Llp,,2.47,50,2.90,23.63,5.10,-1.22,1.12,,,,1.09,,,,2026-06-30,APMI monthly report Jun 2026,
VSPARTANS MULTICAP PORTFOLIO,VSPARTANS CONSULTANTS PRIVATE LIMITED,,254.64,50,2.89,18.48,3.16,3.69,,,,,6.56,,,,2026-06-30,APMI monthly report Jun 2026,
New Berry Capitals Private Limites Seeking ALpha Strategy,New Berry Capitals Private Limited,,8.92,50,2.89,20.08,5.50,8.24,9.18,20.25,29.61,27.34,6.94,,,,2026-06-30,APMI monthly report Jun 2026,
India Super Focus,JHP Securities Private Limited,,0.94,50,2.89,30.45,17.00,8.04,6.04,21.04,25.57,19.25,10.08,,,,2026-06-30,APMI monthly report Jun 2026,
GROWTHFINITI ENHANCER,Growthfiniti Wealth Pvt Ltd,,3.43,50,2.89,11.14,-1.92,,,,,,-0.01,,,,2026-06-30,APMI monthly report Jun 2026,
Kotak India Focus Portfolio Investment Approach,Kotak Mahindra Asset Management Company Ltd,,840.85,50,2.89,11.56,0.84,4.60,5.77,17.13,19.15,15.01,15.03,,,,2026-06-30,APMI monthly report Jun 2026,
Phillip Alpha Creation Equity Strategy,Phillipcapital (India) Pvt Ltd,,202.56,50,2.89,12.06,3.58,4.73,3.60,9.98,13.07,9.48,13.05,,,,2026-06-30,APMI monthly report Jun 2026,
FCI LLP Wealth Builder,Fractal Capital Investments Llp,,45.95,50,2.88,16.99,-3.56,-8.14,1.84,12.83,21.05,14.86,15.65,,,,2026-06-30,APMI monthly report Jun 2026,
Trivantage Capital Emerging Leaders Portfolio,Trivantage Capital Management India Private Limited,,31.31,50,2.88,24.30,12.13,3.77,,,,,12.85,,,,2026-06-30,APMI monthly report Jun 2026,
KSEMA WEALTH ALPHA -INDIA OPPORTUNITIES,Ksema Wealth Pvt Ltd,,15.60,50,2.88,12.54,-2.19,-1.58,1.23,13.32,17.12,13.63,15.18,,,,2026-06-30,APMI monthly report Jun 2026,
EMKAY LEAD,Emkay Investment Managers Limited,,2.53,50,2.88,10.19,-4.91,-4.56,-0.20,5.56,7.99,4.61,7.43,,,,2026-06-30,APMI monthly report Jun 2026,
PMS-3 Q5,Chona Financial Services Limited,,47.34,50,2.85,16.87,0.72,-2.38,-0.25,11.43,14.93,10.48,11.87,,,,2026-06-30,APMI monthly report Jun 2026,
Prudent Focused PMS,Prudent Investment Managers LLP,,49.42,50,2.85,21.21,2.56,1.07,7.15,15.49,18.28,,15.54,,,,2026-06-30,APMI monthly report Jun 2026,
Invesco India Large Cap Core Portfolio,Invesco Asset Management (India) Private Limited,,2.15,50,2.85,10.23,-4.50,-4.62,0.04,11.22,12.03,7.73,9.05,,,,2026-06-30,APMI monthly report Jun 2026,
360 ONE Multicap Advantage PMS,360 ONE Asset Management Limited,,2.03,50,2.84,12.45,-0.81,4.35,4.71,12.37,14.55,10.50,10.86,,,,2026-06-30,APMI monthly report Jun 2026,
Julius Baer India Equity Opportunities Portfolio,Julius Baer Wealth Advisors (India) Private Limited,,23.13,50,2.84,16.57,-1.86,-3.21,2.46,,,,5.53,,,,2026-06-30,APMI monthly report Jun 2026,
CAPSTOCKS-PMS,Capstocks And Securities India Private Limited,,77.75,50,2.83,14.00,2.29,2.65,3.52,17.36,20.11,12.09,13.63,,,,2026-06-30,APMI monthly report Jun 2026,
JOINDRE VALUE FUND,Joindre Capital Services Limited,,55.16,50,2.82,14.28,-5.45,-9.51,-2.77,7.94,9.97,5.40,10.87,,,,2026-06-30,APMI monthly report Jun 2026,
FORT VALUE,FORT CAPITAL INVESTMENT ADVISORY PRIVATE LIMITED,,12.05,50,2.82,23.74,12.95,7.98,6.33,11.52,16.82,16.71,14.90,,,,2026-06-30,APMI monthly report Jun 2026,
RHPMPL- FLEXICAP PORTFOLIO,Right Horizons Portfolio Management Pvt Ltd,,345.12,50,2.82,20.87,-1.15,-4.64,-3.14,8.07,12.01,10.54,10.28,,,,2026-06-30,APMI monthly report Jun 2026,
PATERSON CUSTOMISED,PATERSON SECURITIES PRIVATE LIMITED,,82.98,50,2.82,12.46,-0.06,2.45,0.00,,,,0.19,,,,2026-06-30,APMI monthly report Jun 2026,
PGIM INDIA EQUITY PORTFOLIO,PGIM India Asset Management Private Limited,,88.69,50,2.81,22.78,-4.06,-10.53,-4.03,6.97,,,10.79,,,,2026-06-30,APMI monthly report Jun 2026,
Trivantage Capital Diversified Equity Portfolio,Trivantage Capital Management India Private Limited,,5.83,50,2.81,15.71,3.63,1.64,3.74,14.75,18.04,9.94,8.76,,,,2026-06-30,APMI monthly report Jun 2026,
White Oak India Select Equity Portfolio,Whiteoak Capital Asset Management Limited,,11.88,50,2.80,19.05,-1.76,-10.10,3.37,10.13,14.10,9.11,11.13,,,,2026-06-30,APMI monthly report Jun 2026,
The Great India Opportunity,JHP Securities Private Limited,,1.67,50,2.79,30.78,16.78,7.66,5.16,19.76,24.21,20.26,11.33,,,,2026-06-30,APMI monthly report Jun 2026,
360 ONE Phoenix Portfolio,360 ONE Asset Management Limited,,1754.40,50,2.79,14.76,-1.89,0.34,2.32,15.72,19.70,16.20,17.56,,,,2026-06-30,APMI monthly report Jun 2026,
BMW Multi Cap Fund,Basant Maheshwari Wealth Advisers Llp,,229.32,50,2.79,17.04,-3.77,-10.78,-8.16,5.52,5.78,0.94,11.39,,,,2026-06-30,APMI monthly report Jun 2026,
MAS Growth,Moneylife Advisory Services Pvt Ltd,,146.37,50,2.78,20.90,6.04,1.33,0.46,17.07,19.19,13.88,21.94,,,,2026-06-30,APMI monthly report Jun 2026,
PMSLONG,Samvitti Capital Private Limited,,243.76,50,2.77,25.89,15.91,14.68,10.00,16.22,20.26,15.82,16.00,,,,2026-06-30,APMI monthly report Jun 2026,
Equity Flexi Cap,Progressive Share Brokers Private Limited,,3.85,50,2.77,28.55,-0.20,-7.37,,,,,-7.86,,,,2026-06-30,APMI monthly report Jun 2026,
Neo Club - Equity Dedicated Product,Neo Asset Management Private Limited,,332.71,50,2.77,16.38,-0.28,-4.10,1.72,13.32,,,17.25,,,,2026-06-30,APMI monthly report Jun 2026,
White Oak India Equity Portfolio Approach,Whiteoak Capital Asset Management Limited,,2.90,50,2.77,15.26,-2.10,0.31,8.92,13.83,16.65,11.47,14.69,,,,2026-06-30,APMI monthly report Jun 2026,
MNC Portfolio,Anand Rathi Advisors Limited,,127.12,50,2.76,20.83,7.16,-2.18,-1.98,9.29,11.40,9.79,11.20,,,,2026-06-30,APMI monthly report Jun 2026,
dezerv. Equity Revival Strategy,Dezerv Investments Private Limited,,6973.16,50,2.76,12.30,-2.90,-0.66,2.83,14.60,16.92,,16.60,,,,2026-06-30,APMI monthly report Jun 2026,
Enam India Equity Portfolio,Enam Asset Management Company Private Limited,,21708.57,50,2.76,13.48,-0.72,2.29,0.62,12.10,17.59,13.04,17.26,,,,2026-06-30,APMI monthly report Jun 2026,
Omni Industry Inc,Omniscience Capital Advisors Private Limited,,0.57,50,2.76,25.00,-2.08,,,,,,-7.26,,,,2026-06-30,APMI monthly report Jun 2026,
Just Invest AllCap Portfolio,GoldStandard Wealth Private Limited,,0.52,50,2.76,,,,,,,,4.30,,,,2026-06-30,APMI monthly report Jun 2026,
Happiness Portfolio,Moat Financial Services Private Limited,,3.42,50,2.76,21.95,0.27,,,,,,-2.16,,,,2026-06-30,APMI monthly report Jun 2026,
Surge India,Capitalmind Financial Services Private Limited,,671.22,50,2.75,16.11,1.46,-5.50,0.78,19.48,19.40,17.32,11.39,,,,2026-06-30,APMI monthly report Jun 2026,
IIFLBLUEALPHA,IIFL Capital Asset Management Limited,,255.47,50,2.74,18.49,2.48,9.40,,,,,10.95,,,,2026-06-30,APMI monthly report Jun 2026,
ABSL India Equity Services Portfolio STP,Aditya Birla Sun Life Amc Limited,,1.68,50,2.74,13.34,-7.24,-10.93,-4.58,,,,-1.72,,,,2026-06-30,APMI monthly report Jun 2026,
Prime Velocity,PrimeInvestor Financial Research Private Limited,,43.35,50,2.72,13.67,1.01,,,,,,1.01,,,,2026-06-30,APMI monthly report Jun 2026,
NARNOLIA MULTI CAP STRATEGY,Narnolia Financial Services Limited,,332.27,50,2.71,10.60,-4.62,-1.27,-0.45,7.60,10.51,8.52,14.49,,,,2026-06-30,APMI monthly report Jun 2026,
NS Multicap Advised Model Portfolio - PMS-Shreyas PMS,R. Wadiwala Securities Private Limited,,47.82,50,2.71,10.42,-4.18,-2.02,-0.47,8.57,11.37,9.03,11.37,,,,2026-06-30,APMI monthly report Jun 2026,
Alchemy Select Stock,Alchemy Capital Management Pvt Ltd,,4874.80,50,2.71,22.84,6.34,5.26,7.95,19.14,20.15,16.85,19.59,,,,2026-06-30,APMI monthly report Jun 2026,
Profit Mantra,Turtle Wealth Management Pvt. Ltd.,,72.53,50,2.71,16.58,7.92,20.29,6.28,24.27,28.51,,21.21,,,,2026-06-30,APMI monthly report Jun 2026,
Custom Portfolio 24,Capitalmind Financial Services Private Limited,,11.02,50,2.71,13.59,-0.55,,,,,,0.55,,,,2026-06-30,APMI monthly report Jun 2026,
ABSL India Equity Services,Aditya Birla Sun Life Amc Limited,,1.32,50,2.71,13.39,-6.94,-10.38,-4.83,,,,4.91,,,,2026-06-30,APMI monthly report Jun 2026,
Flexicap Strategy,Anand Rathi Advisors Limited,,1.38,50,2.70,15.13,0.50,1.69,3.16,,,,13.07,,,,2026-06-30,APMI monthly report Jun 2026,
Helios India Rising Core Equity Portfolio,Helios Capital Asset Management (India) Pvt. Ltd,,1.10,50,2.70,12.43,,,,,,,6.16,,,,2026-06-30,APMI monthly report Jun 2026,
Kotak India Focus Portfolio Investment Approach Customised,Kotak Mahindra Asset Management Company Ltd,,50.75,50,2.70,11.22,0.45,2.38,-6.61,7.77,12.73,10.76,8.60,,,,2026-06-30,APMI monthly report Jun 2026,
Prudent Multicap PMS,Prudent Investment Managers LLP,,383.11,50,2.69,20.92,1.51,-0.68,7.45,15.63,19.70,,15.31,,,,2026-06-30,APMI monthly report Jun 2026,
White Oak India Digital Leaders,Whiteoak Capital Asset Management Limited,,60.68,50,2.69,18.70,-6.52,-9.91,1.66,9.01,11.17,,2.54,,,,2026-06-30,APMI monthly report Jun 2026,
Fund of Funds,Itus Capital Advisors Private Limited,,2.86,50,2.68,14.38,-1.73,-2.86,1.73,9.89,12.13,8.78,11.43,,,,2026-06-30,APMI monthly report Jun 2026,
Trivantage Capital Edge Portfolio,Trivantage Capital Management India Private Limited,,131.63,50,2.67,16.01,4.54,2.75,4.50,14.98,18.34,13.47,18.42,,,,2026-06-30,APMI monthly report Jun 2026,
ICICI Prudential PMS Defined Tenure Series Strategy,ICICI Prudential Asset Management Company Ltd,,17.86,50,2.66,12.06,0.46,4.48,3.07,16.23,20.33,16.92,14.71,,,,2026-06-30,APMI monthly report Jun 2026,
All Cap Portfolio - DPMS,HDFC Asset Management Company Limited,,51.36,50,2.66,12.67,-4.64,-4.06,0.66,11.04,,,13.37,,,,2026-06-30,APMI monthly report Jun 2026,
SERENITY WEALTH,RBSA Investment Manager LLP,,10.51,50,2.65,27.52,3.96,-7.74,-2.24,,,,1.89,,,,2026-06-30,APMI monthly report Jun 2026,
EMKAYS 12,Emkay Investment Managers Limited,,2.70,50,2.65,10.40,-4.16,-1.07,4.25,9.39,12.15,8.66,10.50,,,,2026-06-30,APMI monthly report Jun 2026,
NARNOLIA LARGE CAP STRATEGY,Narnolia Financial Services Limited,,116.22,50,2.64,9.71,-5.46,-2.21,4.46,11.87,14.87,10.67,15.36,,,,2026-06-30,APMI monthly report Jun 2026,
Citrus Mutual Fund Strategy(Aggressive),Citrus Advisors Private Limited,,1.89,50,2.64,16.24,1.79,2.87,3.62,,,,4.92,,,,2026-06-30,APMI monthly report Jun 2026,
GREEN PORTFOLIO DIVIDEND YIELD FUND,Green Portfolio Private Limited,,31.19,50,2.64,24.10,11.45,15.73,13.90,28.00,31.36,25.11,29.74,,,,2026-06-30,APMI monthly report Jun 2026,
RH AlphaBots India Midcap 29,Right Horizons Portfolio Management Pvt Ltd,,3.09,50,2.63,17.63,2.76,0.32,4.35,15.77,,,14.80,,,,2026-06-30,APMI monthly report Jun 2026,
Multicap Strategy,Zen Wealth Management Services Ltd,,282.68,50,2.62,11.88,1.01,0.44,2.91,13.72,17.64,15.02,14.50,,,,2026-06-30,APMI monthly report Jun 2026,
Sanctum Indian Olympians,Sanctum Wealth Private Limited,,63.93,50,2.61,12.93,-1.89,-0.26,3.62,8.75,11.84,8.69,10.74,,,,2026-06-30,APMI monthly report Jun 2026,
360 ONE Multicap PMS,360 ONE Asset Management Limited,,3069.55,50,2.60,16.50,-1.61,-3.80,-0.51,9.97,13.72,10.02,19.46,,,,2026-06-30,APMI monthly report Jun 2026,
Deltabet Equity Approach,Entrust Family Office Investment Advisors Pvt Ltd,,21.65,50,2.59,23.57,0.06,-11.02,-8.85,-0.57,6.34,,3.26,,,,2026-06-30,APMI monthly report Jun 2026,
Top 200 Core Equity Portfolio NR,Aditya Birla Sun Life Amc Limited,,21.46,50,2.59,9.72,-7.14,-7.80,-2.09,8.74,13.14,10.85,11.00,,,,2026-06-30,APMI monthly report Jun 2026,
Hxgon Partners Quality Opportunities Portfolio,GoldStandard Wealth Private Limited,,1.00,50,2.58,,,,,,,,0.22,,,,2026-06-30,APMI monthly report Jun 2026,
Special Opportunities,Moat Financial Services Private Limited,,11.55,50,2.58,18.01,1.27,-6.27,-2.85,9.62,12.36,9.99,14.07,,,,2026-06-30,APMI monthly report Jun 2026,
Phillip Star Portfolio,Phillipcapital (India) Pvt Ltd,,8.90,50,2.58,13.11,-0.72,0.71,4.57,14.59,16.72,13.23,13.90,,,,2026-06-30,APMI monthly report Jun 2026,
S.I.T.P,Sundaram Alternate Assets Limited,,10.68,50,2.57,35.70,24.91,29.39,21.37,,,,25.04,,,,2026-06-30,APMI monthly report Jun 2026,
Custom Portfolio 25,Capitalmind Financial Services Private Limited,,1.84,50,2.57,3.20,2.59,8.03,10.11,8.62,5.94,,5.91,,,,2026-06-30,APMI monthly report Jun 2026,
Concept Symphony,Concept Investwell Private Limited,,1.03,50,2.56,11.77,-1.54,0.23,,,,,0.23,,,,2026-06-30,APMI monthly report Jun 2026,
Value Driven Approach,Globe Capital Market Ltd,,1209.54,50,2.56,29.54,-1.55,0.01,0.84,16.66,20.81,15.25,14.15,,,,2026-06-30,APMI monthly report Jun 2026,
High Conviction Equity Portfolio 1,Nippon Life India Asset Management Ltd,,7.04,50,2.56,13.34,-1.44,1.63,0.91,13.77,16.66,12.72,11.14,,,,2026-06-30,APMI monthly report Jun 2026,
QRC - Long Term Opportunities Portfolio,QRC Investment Advisors LLP,,87.40,50,2.55,17.57,7.16,4.46,3.66,12.58,14.72,12.67,12.61,,,,2026-06-30,APMI monthly report Jun 2026,
Karma Wealth Builder,Karma Capital Advisors Pvt Ltd.,,285.52,50,2.55,19.08,1.67,-1.03,5.75,16.54,19.22,13.55,12.75,,,,2026-06-30,APMI monthly report Jun 2026,
Plantrich Alpha Edge VALUE PMS,Sykes And Ray Equities India Limited,,1.01,50,2.55,,,,,,,,-0.13,,,,2026-06-30,APMI monthly report Jun 2026,
BB Micro-Mega,Bharat Bhushan Equity Traders Limited,,74.10,50,2.53,25.35,14.56,18.15,,,,,23.36,,,,2026-06-30,APMI monthly report Jun 2026,
TOP 200 CORE EQUITY PORTFOLIO STP,Aditya Birla Sun Life Amc Limited,,30.84,50,2.53,9.53,-7.46,-8.38,-2.47,7.71,11.87,9.80,12.21,,,,2026-06-30,APMI monthly report Jun 2026,
ADVANTAGE PORTFOLIO,Geojit Financial Services Ltd,,1216.90,50,2.52,17.32,4.59,4.53,2.30,10.83,14.98,13.81,20.93,,,,2026-06-30,APMI monthly report Jun 2026,
FREEDOM PORTFOLIO,Geojit Financial Services Ltd,,179.38,50,2.52,13.23,-2.98,-2.17,-1.60,5.21,9.87,7.70,12.83,,,,2026-06-30,APMI monthly report Jun 2026,
STALLION ASSET CORE FUND,Stallion Asset Private Limited,,8102.31,50,2.52,29.76,10.84,12.43,17.11,36.27,35.73,24.63,28.10,,,,2026-06-30,APMI monthly report Jun 2026,
TAMOHARA Q STRATEGY,Tamohara Investment Managers Pvt Ltd,,9.63,50,2.52,17.54,5.31,2.17,-1.55,9.70,11.23,,10.65,,,,2026-06-30,APMI monthly report Jun 2026,
WhiteOak India Business Leaders PMS,Whiteoak Capital Asset Management Limited,,65.07,50,2.52,12.26,-3.40,-3.90,2.71,9.91,12.99,8.77,10.63,,,,2026-06-30,APMI monthly report Jun 2026,
CA MFM Multi Cap,Pioneer Client Associates Pvt Ltd,,1.90,50,2.51,10.64,-4.21,-4.77,1.23,4.07,7.96,,2.67,,,,2026-06-30,APMI monthly report Jun 2026,
KARMA CAPITAL JASMINE,Karma Capital Advisors Pvt Ltd.,,22.04,50,2.51,19.14,1.37,-1.04,2.62,,,,10.18,,,,2026-06-30,APMI monthly report Jun 2026,
Emerging Corporates India Portfolio,Multi-Act Equity Consultancy Private Limited,,176.92,50,2.50,19.67,8.75,9.91,18.66,16.64,17.02,11.35,14.55,,,,2026-06-30,APMI monthly report Jun 2026,
Top 200 Core Equity Portfolio,Aditya Birla Sun Life Amc Limited,,38.87,50,2.50,9.43,-7.41,-8.43,-2.71,8.26,12.51,10.23,11.29,,,,2026-06-30,APMI monthly report Jun 2026,
Motilal Oswal Midcap Multifactor Strategy,Motilal Oswal Asset Management Company Limited - Portfolio Managers,,1.98,50,2.49,18.12,8.93,13.03,4.94,27.18,25.68,,17.68,,,,2026-06-30,APMI monthly report Jun 2026,
High Conviction Equity Portfolio Systematic Rebalancing Option,Nippon Life India Asset Management Ltd,,73.51,50,2.49,13.11,-1.57,1.42,0.91,13.76,16.79,12.70,14.37,,,,2026-06-30,APMI monthly report Jun 2026,
HARVEST,SMIFS LIMITED,,17.80,50,2.48,23.52,10.77,-1.93,-1.23,14.14,20.51,15.84,14.82,,,,2026-06-30,APMI monthly report Jun 2026,
CA Equity Multi-Manager Portfolio,Pioneer Client Associates Pvt Ltd,,1.11,50,2.48,11.54,-2.80,-2.00,2.27,,,,5.50,,,,2026-06-30,APMI monthly report Jun 2026,
UNICORN Flexi Cap Quant Portfolio,UNICORN INVESTMENT MANAGERS LLP,,1.55,50,2.48,22.84,7.58,,,,,,7.14,,,,2026-06-30,APMI monthly report Jun 2026,
Sanctum Multi Asset Portfolios - Generation Plus,Sanctum Wealth Private Limited,Hybrid,18.86,50,2.48,10.82,-2.99,,,,,,-1.50,,,,2026-06-30,APMI monthly report Jun 2026,
The Indian Economic Transformation Portfolio Systematic Rebalancing Option,Nippon Life India Asset Management Ltd,,178.62,50,2.48,15.63,0.86,3.03,3.21,14.15,15.99,11.45,12.78,,,,2026-06-30,APMI monthly report Jun 2026,
Buoyant Opportunities PMS,Buoyant Capital Private Limited,,11548.39,50,2.48,11.72,-0.10,5.08,9.72,17.97,23.51,20.20,20.75,,,,2026-06-30,APMI monthly report Jun 2026,
NARNOLIA 5TX5T,Narnolia Financial Services Limited,,57.28,50,2.47,9.83,-1.70,-0.19,-0.05,10.21,14.37,10.51,14.69,,,,2026-06-30,APMI monthly report Jun 2026,
WEALTH DOMINION,Way2Wealth Brokers Private Limited,,0.14,50,2.47,9.69,-2.65,-2.98,2.18,10.87,9.67,,8.96,,,,2026-06-30,APMI monthly report Jun 2026,
Invesco India DAWN Portfolio,Invesco Asset Management (India) Private Limited,,217.53,50,2.47,8.94,-6.02,-6.78,-4.82,8.76,13.78,11.27,8.89,,,,2026-06-30,APMI monthly report Jun 2026,
Omni SuperNormal India,Omniscience Capital Advisors Private Limited,,33.80,50,2.45,18.11,0.14,,,,,,-2.81,,,,2026-06-30,APMI monthly report Jun 2026,
Growth at Reasonable Price,Banyan Tree Advisors Pvt Ltd,,5315.66,50,2.45,11.14,-9.08,-10.14,1.04,7.77,11.70,8.98,14.42,,,,2026-06-30,APMI monthly report Jun 2026,
Karma Capital Lotus,Karma Capital Advisors Pvt Ltd.,,23.00,50,2.45,14.69,-1.81,1.76,7.31,18.38,,,22.15,,,,2026-06-30,APMI monthly report Jun 2026,
Strategic Equity,Jain Investment Advisors Pvt Ltd,,1235.85,50,2.45,17.16,1.71,-4.45,1.18,16.88,18.83,14.45,11.74,,,,2026-06-30,APMI monthly report Jun 2026,
Concentrated Growth Portfolio,Dwaith Advisory Private Limited,,188.81,50,2.44,23.52,2.58,19.12,12.47,,,,12.47,,,,2026-06-30,APMI monthly report Jun 2026,
Sohum India Opportunities Investment Approach,SOHUM ASSET MANAGERS PRIVATE LIMITED,,112.85,50,2.43,10.95,-2.50,2.60,4.08,,,,12.06,,,,2026-06-30,APMI monthly report Jun 2026,
1UP MultiManager FOF,Ladderup Asset Managers Private Limited,,59.48,50,2.43,14.29,0.64,0.49,,,,,9.55,,,,2026-06-30,APMI monthly report Jun 2026,
Aristos Equity Portfolio,GoldStandard Wealth Private Limited,,563.41,50,2.42,18.51,-1.38,,,,,,-2.55,,,,2026-06-30,APMI monthly report Jun 2026,
Consistent Compounders,Marcellus Investment Managers Private Limited,,1666.34,50,2.42,17.51,-0.78,-6.29,-0.60,4.70,8.23,4.41,11.80,,,,2026-06-30,APMI monthly report Jun 2026,
The Indian Economic Transformation Portfolio,Nippon Life India Asset Management Ltd,,44.85,50,2.41,15.44,0.56,2.81,2.84,14.01,16.01,11.46,14.73,,,,2026-06-30,APMI monthly report Jun 2026,
Trivantage Capital Select Diversified Equity Portfolio,Trivantage Capital Management India Private Limited,,3.11,50,2.40,15.84,4.59,3.19,3.79,12.34,16.14,10.36,20.45,,,,2026-06-30,APMI monthly report Jun 2026,
IME Concentrated Microtrends,IME Portfolio Managers LLP,,39.69,50,2.39,16.33,-0.44,,,,,,6.51,,,,2026-06-30,APMI monthly report Jun 2026,
MULTI FACTOR PORTFOLIO - LARGE and MID CAP ALLOCATOR,Waterfield Financial And Investment Advisors Private Limited,,3.60,50,2.39,12.46,-0.97,2.38,0.00,,,,2.64,,,,2026-06-30,APMI monthly report Jun 2026,
ALMONDZ AIM MULTICAP INVESTMENT APPROACH,ALMONDZ FINANCIAL SERVICES LIMITED,,6.61,50,2.38,21.79,-0.42,-7.21,,,,,-7.25,,,,2026-06-30,APMI monthly report Jun 2026,
SISOP,Sundaram Alternate Assets Limited,,1864.55,50,2.38,34.15,23.82,30.80,23.53,24.93,24.73,18.46,18.94,,,,2026-06-30,APMI monthly report Jun 2026,
Val-Q Large Cap Blue Chip Fund,Val Q Investment Advisory Pvt Ltd,,47.06,50,2.37,13.13,-3.02,3.15,4.14,11.64,15.21,11.91,10.08,,,,2026-06-30,APMI monthly report Jun 2026,
Sohum India Focus 10 Investment Approach,SOHUM ASSET MANAGERS PRIVATE LIMITED,,23.86,50,2.37,15.73,2.23,10.89,8.18,,,,24.40,,,,2026-06-30,APMI monthly report Jun 2026,
ASK Wealth - AI & Strategic Infrastructure Portfolio,Ask Wealth Advisors Private Limited,,24.70,50,2.37,,,,,,,,7.91,,,,2026-06-30,APMI monthly report Jun 2026,
Absolute Freedom Portfolio,Nippon Life India Asset Management Ltd,,8.32,50,2.37,13.31,-2.45,2.42,2.26,14.20,16.93,13.59,14.20,,,,2026-06-30,APMI monthly report Jun 2026,
MAAP,Nippon Life India Asset Management Ltd,,0.85,50,2.37,13.26,-2.60,1.99,1.06,13.22,16.34,12.98,10.39,,,,2026-06-30,APMI monthly report Jun 2026,
Allegro - High Growth,Allegro Securities Pvt Ltd,,8.09,50,2.35,21.00,2.44,1.00,3.99,11.01,13.84,9.90,11.44,,,,2026-06-30,APMI monthly report Jun 2026,
Maxima,LGT Wealth India Private Limited,,5.24,50,2.35,14.04,-0.80,-0.35,-2.98,7.19,,,8.47,,,,2026-06-30,APMI monthly report Jun 2026,
Tactical Asset Allocation Plan TAAP,Nippon Life India Asset Management Ltd,,9.05,50,2.35,13.25,-2.51,2.26,0.88,13.16,16.34,13.16,10.97,,,,2026-06-30,APMI monthly report Jun 2026,
Absolute Freedom Portfolio Systematic Rebalancing Option,Nippon Life India Asset Management Ltd,,2.16,50,2.34,13.21,-1.82,3.27,2.50,14.29,16.56,12.83,12.67,,,,2026-06-30,APMI monthly report Jun 2026,
WhiteOak Capital Research Select Equity Portfolio Approach,Whiteoak Capital Asset Management Limited,,22.36,50,2.33,11.83,-3.84,-4.73,2.17,,,,5.05,,,,2026-06-30,APMI monthly report Jun 2026,
BB All-Seasons,Bharat Bhushan Equity Traders Limited,,88.23,50,2.32,21.03,8.41,11.72,,,,,15.21,,,,2026-06-30,APMI monthly report Jun 2026,
Optima,LGT Wealth India Private Limited,,60.75,50,2.32,14.39,-0.84,-0.82,-4.50,3.26,9.19,,5.56,,,,2026-06-30,APMI monthly report Jun 2026,
Mega Trends - Multicap Growth,Marathontrends Advisory Pvt Ltd,,113.75,50,2.30,12.84,-1.42,-0.43,-5.82,10.77,15.42,9.38,9.43,,,,2026-06-30,APMI monthly report Jun 2026,
EquityFactorQuant,True Beacon Investment Advisors Llp,,153.57,50,2.30,11.86,-1.42,-6.29,-5.99,12.42,,,13.39,,,,2026-06-30,APMI monthly report Jun 2026,
Innovation Portfolio,Aditya Birla Sun Life Amc Limited,,111.73,50,2.30,14.42,-4.24,-9.62,0.58,11.46,16.16,12.72,15.58,,,,2026-06-30,APMI monthly report Jun 2026,
Core Value Regular,Buglerock Capital Private Limited,,1136.22,50,2.29,13.78,-5.12,-5.01,0.13,11.86,16.38,12.99,14.54,,,,2026-06-30,APMI monthly report Jun 2026,
DELPHI 4C ADVANTAGE PORTFOLIO,Motilal Oswal Wealth Limited,,790.31,50,2.29,12.52,-1.52,0.70,4.71,14.78,17.57,12.66,14.50,,,,2026-06-30,APMI monthly report Jun 2026,
Omni Rail & Mobility,Omniscience Capital Advisors Private Limited,,0.02,50,2.29,20.00,-3.00,,,,,,-6.97,,,,2026-06-30,APMI monthly report Jun 2026,
Omni Energy Transition,Omniscience Capital Advisors Private Limited,,0.03,50,2.28,25.80,12.09,,,,,,4.07,,,,2026-06-30,APMI monthly report Jun 2026,
AI Dynamic,Concept Investwell Private Limited,,3.27,50,2.27,11.03,-0.14,2.42,-2.59,5.81,11.33,8.93,13.44,,,,2026-06-30,APMI monthly report Jun 2026,
GUARDIAN ASSET MANAGEMENT PVT LTD-MULTI ASSETS,Guardian Asset Management Private Limited,Hybrid,62.54,50,2.26,10.24,0.16,2.00,4.90,,,,10.42,,,,2026-06-30,APMI monthly report Jun 2026,
Absolute Freedom Portfolio 1,Nippon Life India Asset Management Ltd,,21.63,50,2.26,12.93,-2.95,1.60,1.50,13.09,16.11,12.83,9.75,,,,2026-06-30,APMI monthly report Jun 2026,
High Conviction Equity Portfolio,Nippon Life India Asset Management Ltd,,27.33,50,2.26,12.34,-2.81,-0.48,0.20,13.25,16.41,12.27,15.79,,,,2026-06-30,APMI monthly report Jun 2026,
Purnartha Vision,Purnartha Investment Advisers Private Limited,,203.56,50,2.25,16.99,9.02,3.78,3.85,14.86,15.07,10.08,11.01,,,,2026-06-30,APMI monthly report Jun 2026,
IME Bespoke Equity,IME Portfolio Managers LLP,,9.07,50,2.24,14.43,-3.95,,,,,,1.68,,,,2026-06-30,APMI monthly report Jun 2026,
KABIR CAPITAL TWO RULE VALUE FUND,KABIR CAPITAL ADVISORS LLP,,35.63,50,2.24,16.82,,,,,,,11.34,,,,2026-06-30,APMI monthly report Jun 2026,
EQUENTIS SPECIAL OPPORTUNITIES PORTFOLIO,Equentis Wealth Advisory Services Limited,,7.04,50,2.22,16.09,0.54,-3.60,,,,,1.00,,,,2026-06-30,APMI monthly report Jun 2026,
All Weather Equity,Capitalmind Financial Services Private Limited,,289.74,50,2.22,13.05,-0.33,0.85,3.73,15.11,,,16.54,,,,2026-06-30,APMI monthly report Jun 2026,
2Point2 Long Term Value Fund,2point2 Capital Advisors Llp,,2041.79,50,2.21,12.65,-2.98,-3.74,10.15,15.95,23.03,17.21,18.92,,,,2026-06-30,APMI monthly report Jun 2026,
INNOVATION PORTFOLIO STP,Aditya Birla Sun Life Amc Limited,,8.69,50,2.21,14.09,-4.80,-10.58,-0.08,9.72,13.44,10.13,10.71,,,,2026-06-30,APMI monthly report Jun 2026,
India Equity,Jain Investment Advisors Pvt Ltd,,8.91,50,2.21,19.73,0.84,-5.24,0.29,15.40,17.83,13.97,12.26,,,,2026-06-30,APMI monthly report Jun 2026,
Alpha Value,Cosmea Portfolio Management Private Limited,,1.28,50,2.20,16.28,0.83,2.66,1.43,,,,6.06,,,,2026-06-30,APMI monthly report Jun 2026,
Dezerv Capital Reserve Strategy - Equity,Dezerv Investments Private Limited,,353.86,50,2.19,13.30,-0.30,0.53,,,,,5.51,,,,2026-06-30,APMI monthly report Jun 2026,
Arthya Growth Plus Portfolio,Arthya Wealth And Investments Private Limited,,2.57,50,2.19,14.06,1.34,2.96,,,,,7.30,,,,2026-06-30,APMI monthly report Jun 2026,
DELPHI ALPHA EDGE DISCRETIONARY PMS,Motilal Oswal Wealth Limited,,20.44,50,2.19,,,,,,,,2.18,,,,2026-06-30,APMI monthly report Jun 2026,
EMERGING TITANS,SMIFS LIMITED,,6.37,50,2.18,19.41,6.10,-1.19,0.87,14.99,,,16.44,,,,2026-06-30,APMI monthly report Jun 2026,
ICICI Prudential PMS ETF Strategy,ICICI Prudential Asset Management Company Ltd,,13.58,50,2.18,6.57,-9.68,-7.43,-1.22,8.45,11.90,9.99,8.67,,,,2026-06-30,APMI monthly report Jun 2026,
IIFL Bespoke Porfolio,IIFL Capital Asset Management Limited,,0.31,50,2.18,,,,,,,,2.18,,,,2026-06-30,APMI monthly report Jun 2026,
Innovation Portfolio NR,Aditya Birla Sun Life Amc Limited,,24.89,50,2.18,14.13,-4.83,-10.84,-0.73,10.12,14.58,11.23,20.24,,,,2026-06-30,APMI monthly report Jun 2026,
Mid Cap Equity FOF,Allegro Securities Pvt Ltd,,2.06,50,2.17,14.70,0.70,0.42,3.12,16.40,19.68,15.59,14.03,,,,2026-06-30,APMI monthly report Jun 2026,
Mojo Power,Markets MoJo Asset Management Private Limited,,187.33,50,2.17,14.75,4.48,2.44,-2.88,,,,7.13,,,,2026-06-30,APMI monthly report Jun 2026,
Bonanza Prima Fund-Aggressive,Bonanza Portfolio Limited,,51.19,50,2.16,12.59,5.11,6.37,5.05,,,,11.68,,,,2026-06-30,APMI monthly report Jun 2026,
Omni Emperors,Omniscience Capital Advisors Private Limited,,0.53,50,2.16,15.78,1.64,,,,,,1.61,,,,2026-06-30,APMI monthly report Jun 2026,
Trend Following - Flexicap Growth,Marathontrends Advisory Pvt Ltd,,349.44,50,2.15,12.16,-2.10,-0.35,-3.08,12.39,,,17.77,,,,2026-06-30,APMI monthly report Jun 2026,
ECLECTIC STRATEGY,Steadfort Investment Managers LLP,,94.48,50,2.14,14.96,,,,,,,9.34,,,,2026-06-30,APMI monthly report Jun 2026,
Bespoke Accounts,HDFC Asset Management Company Limited,,102.96,50,2.14,8.06,-7.63,-5.17,1.41,6.91,9.71,7.87,9.70,,,,2026-06-30,APMI monthly report Jun 2026,
VRDDHI,Ithought Financial Consulting Llp,,367.63,50,2.12,20.94,2.96,-10.99,-4.84,7.97,17.92,15.45,17.55,,,,2026-06-30,APMI monthly report Jun 2026,
360 ONE Open - Enhancer Series - Blended Equity Enhancer,360 One Portfolio Managers Limited (Formerly Known As Iifl Wealth Portfolio Managers Limited),,44.36,50,2.12,14.32,-1.27,0.25,,,,,1.44,,,,2026-06-30,APMI monthly report Jun 2026,
Julius Baer India Flexi Index Portfolio,Julius Baer Wealth Advisors (India) Private Limited,,86.24,50,2.11,11.10,-3.91,-2.38,0.66,11.17,,,13.31,,,,2026-06-30,APMI monthly report Jun 2026,
Acepro Large Cap Strategy,Acepro Advisors Private Limited,,2.54,50,2.10,7.84,-9.40,-10.47,0.39,8.25,10.62,8.76,11.15,,,,2026-06-30,APMI monthly report Jun 2026,
dezerv. Alpha Equity Strategy,Dezerv Investments Private Limited,,335.51,50,2.10,13.77,0.01,1.69,4.28,15.98,17.54,,15.88,,,,2026-06-30,APMI monthly report Jun 2026,
First Global India Super 50 (FG-IS50),First Global Finance Private Limited,,187.44,50,2.10,12.22,-3.84,-4.67,-3.08,7.89,11.71,8.49,16.65,,,,2026-06-30,APMI monthly report Jun 2026,
Revelation India Opportunities Portfolio I,Revelation Portfolio Management Pvt Ltd,,122.82,50,2.07,18.03,2.38,-2.60,0.96,11.13,,,14.55,,,,2026-06-30,APMI monthly report Jun 2026,
Core Equity Portfolio,Aditya Birla Sun Life Amc Limited,,167.80,50,2.06,9.85,-5.95,-4.32,-0.94,7.21,11.20,8.90,17.61,,,,2026-06-30,APMI monthly report Jun 2026,
SMC-Moderate,SMC Global Securities Limited,,1.78,50,2.05,9.10,-5.25,-1.16,0.09,9.58,15.59,13.99,14.44,,,,2026-06-30,APMI monthly report Jun 2026,
dezerv. Alpha Beta Equity Strategy,Dezerv Investments Private Limited,,4.65,50,2.05,11.65,-2.97,-1.22,1.96,13.54,15.26,,14.37,,,,2026-06-30,APMI monthly report Jun 2026,
360 ONE Open - Managed Solutions All Equity,360 One Portfolio Managers Limited (Formerly Known As Iifl Wealth Portfolio Managers Limited),,110.80,50,2.04,14.39,-1.67,-0.56,2.17,12.52,15.11,11.26,11.32,,,,2026-06-30,APMI monthly report Jun 2026,
CORE EQUITY PORTFOLIO STP,Aditya Birla Sun Life Amc Limited,,6.57,50,2.04,9.87,-6.18,-4.49,-1.10,6.99,10.76,8.67,11.19,,,,2026-06-30,APMI monthly report Jun 2026,
DIVERSIFIED MULTICAP,Ckredence Wealth Management Pvt Ltd,,124.68,50,2.03,22.99,6.19,13.62,8.73,19.78,21.77,17.51,17.71,,,,2026-06-30,APMI monthly report Jun 2026,
HPMG Multicap Fund,HPMG SHARES AND SECURITIES PVT LTD,,35.45,50,2.02,19.45,5.25,-0.88,3.86,13.67,,,16.33,,,,2026-06-30,APMI monthly report Jun 2026,
ASK INDIA SELECT PORTFOLIO,ASK Investment Managers Limited,,999.07,50,2.00,8.88,-9.27,-9.59,-7.02,4.31,7.92,4.41,13.10,,,,2026-06-30,APMI monthly report Jun 2026,
Innovative Business,Jain Investment Advisors Pvt Ltd,,28.28,50,2.00,19.00,0.07,-6.39,0.45,15.81,17.52,12.42,11.09,,,,2026-06-30,APMI monthly report Jun 2026,
Trivantage Capital Small & Mid Cap Financials Portfolio,Trivantage Capital Management India Private Limited,,31.29,50,1.99,17.29,5.56,5.20,11.81,15.24,,,19.03,,,,2026-06-30,APMI monthly report Jun 2026,
EquiPoise India Select,EQUIPOISE CAPITAL MANAGEMENT PRIVATE LIMITED,,19.61,50,1.99,10.16,-2.66,-1.27,,,,,2.03,,,,2026-06-30,APMI monthly report Jun 2026,
ALPHA LARGE CAP,Reliance Wealth Management Limited,,0.67,50,1.99,13.66,1.22,-2.02,7.86,20.95,20.89,16.77,14.68,,,,2026-06-30,APMI monthly report Jun 2026,
Advisory Services,Samvitti Capital Private Limited,,167.89,50,1.98,12.81,1.84,2.57,6.06,17.54,18.39,15.18,15.70,,,,2026-06-30,APMI monthly report Jun 2026,
InCred Omni Alpha Multi-Manager Equity Portfolio,Incred Capital Wealth Portfolio Managers Private Limited,,15.33,50,1.98,11.84,-0.45,2.09,,,,,7.48,,,,2026-06-30,APMI monthly report Jun 2026,
Core Equity Portfolio NR,Aditya Birla Sun Life Amc Limited,,11.81,50,1.98,9.74,-6.04,-4.47,-0.74,7.38,11.35,9.04,12.44,,,,2026-06-30,APMI monthly report Jun 2026,
JAINAM VALUE MAXIMA,JAINAM BROKING LIMITED,,0.52,50,1.97,,,,,,,,3.39,,,,2026-06-30,APMI monthly report Jun 2026,
Concept Legend,Concept Investwell Private Limited,,20.38,50,1.97,6.77,-3.97,-3.57,-0.43,6.77,9.23,4.59,11.03,,,,2026-06-30,APMI monthly report Jun 2026,
WEALTH FOCUS AXIS,Way2Wealth Brokers Private Limited,,9.04,50,1.96,6.25,-7.53,-8.66,-3.78,12.92,13.35,8.51,10.89,,,,2026-06-30,APMI monthly report Jun 2026,
TCG All Cap Opportunities Portfolio,TCG Advisory Services Private Limited,,5.49,50,1.96,14.11,-3.14,,,,,,-1.45,,,,2026-06-30,APMI monthly report Jun 2026,
Unicorn MF Alpha Portfolio,UNICORN INVESTMENT MANAGERS LLP,,0.79,50,1.96,10.92,-2.76,-0.37,,,,,3.09,,,,2026-06-30,APMI monthly report Jun 2026,
Alphagen,Accuracap Consultancy Services Private Limited,,49.28,50,1.96,18.40,5.91,6.32,3.20,14.41,16.51,11.66,12.94,,,,2026-06-30,APMI monthly report Jun 2026,
ASK GROWTH PORTFOLIO STP,ASK Investment Managers Limited,,3.93,50,1.96,8.58,-10.26,-10.92,-7.87,4.20,7.79,4.03,8.63,,,,2026-06-30,APMI monthly report Jun 2026,
"Nucleus ""Equity"" Multi-Cap Allocator",Waterfield Financial And Investment Advisors Private Limited,,54.65,50,1.96,8.31,-0.90,1.16,4.46,0.00,,,10.88,,,,2026-06-30,APMI monthly report Jun 2026,
NAFA NEW & CLEAN TECH,Nafa Asset Managers Private Limited,,17.17,50,1.95,29.68,19.37,10.66,1.65,22.82,25.11,,23.55,,,,2026-06-30,APMI monthly report Jun 2026,
Fident All-Season India Resilient Portfolio (FAIR),Fident Asset Management Private Limited,,11.45,50,1.94,16.58,4.71,5.30,9.13,,,,12.64,,,,2026-06-30,APMI monthly report Jun 2026,
AXIS SECURITIES CUSTOMISED,Axis Securities Ltd,,519.64,50,1.94,20.41,5.83,1.98,2.26,16.88,18.76,14.85,15.98,,,,2026-06-30,APMI monthly report Jun 2026,
BELLWETHER LONG TERM GROWTH,Bellwether Capital Private Limited,,2629.87,50,1.94,14.47,-0.81,-10.01,-2.89,11.06,17.66,13.04,21.69,,,,2026-06-30,APMI monthly report Jun 2026,
Omni Barons,Omniscience Capital Advisors Private Limited,,0.07,50,1.93,19.46,9.85,,,,,,7.78,,,,2026-06-30,APMI monthly report Jun 2026,
HALO DPMS,Avendus Wealth Management Private Limited,,85.13,50,1.91,13.50,-1.58,,,,,,1.21,,,,2026-06-30,APMI monthly report Jun 2026,
S.E.L.F,Sundaram Alternate Assets Limited,,1027.23,50,1.90,34.81,27.40,32.45,21.24,23.32,22.93,17.42,18.36,,,,2026-06-30,APMI monthly report Jun 2026,
Prudent Equity Growth Strategy,Prudent Equity Private Limited,,30.12,50,1.90,19.87,5.29,2.60,,,,,0.67,,,,2026-06-30,APMI monthly report Jun 2026,
Citrus Wealth Fusion Fund,Citrus Advisors Private Limited,,5.65,50,1.90,11.86,-0.29,4.23,,,,,6.59,,,,2026-06-30,APMI monthly report Jun 2026,
GENIUS,Harmoney Finserv India Private Limited,,11.95,50,1.89,14.30,-5.79,-3.76,,,,,-1.61,,,,2026-06-30,APMI monthly report Jun 2026,
FOCUSSED MULTICAP,Ghalla Bhansali Stock Brokers Pvt Ltd,,22.22,50,1.89,16.07,-0.29,-3.65,-0.75,8.17,10.94,7.37,12.87,,,,2026-06-30,APMI monthly report Jun 2026,
ASK GROWTH PORTFOLIO,ASK Investment Managers Limited,,757.65,50,1.89,9.03,-9.34,-9.76,-6.85,4.96,8.35,4.39,16.97,,,,2026-06-30,APMI monthly report Jun 2026,
Mid & Small cap & Special Situations Portfolio,Multi-Act Equity Consultancy Private Limited,,295.93,50,1.88,19.06,4.50,0.25,7.84,14.28,21.91,17.78,16.45,,,,2026-06-30,APMI monthly report Jun 2026,
Nippon India Royal Portfolio,Nippon Life India Asset Management Ltd,,3.31,50,1.88,12.23,-2.16,-0.87,0.21,12.34,16.67,11.68,12.43,,,,2026-06-30,APMI monthly report Jun 2026,
HSBC Aspire Portfolio,HSBC Asset Management (India) Private Limited,,51.95,50,1.87,17.55,0.79,0.18,-1.55,,,,9.78,,,,2026-06-30,APMI monthly report Jun 2026,
Dynamic High Growth,Jain Investment Advisors Pvt Ltd,,262.02,50,1.87,6.72,3.35,1.83,0.37,8.64,,,9.78,,,,2026-06-30,APMI monthly report Jun 2026,
EQUENTIS CONCENTRATED PORTFOLIO,Equentis Wealth Advisory Services Limited,,22.55,50,1.86,12.20,-1.07,-3.25,,,,,2.61,,,,2026-06-30,APMI monthly report Jun 2026,
Neo Core Multicap Equity Strategy,Neo Asset Management Private Limited,,56.21,50,1.86,12.55,2.71,,,,,,-4.62,,,,2026-06-30,APMI monthly report Jun 2026,
DARASHAW PMS DISC,Darashaw And Company Private Limited,,39.42,50,1.84,9.25,-6.56,-8.06,-3.80,7.89,9.64,8.11,13.39,,,,2026-06-30,APMI monthly report Jun 2026,
ICICI Prudential PMS Largecap Strategy,ICICI Prudential Asset Management Company Ltd,,878.99,50,1.83,12.92,-1.48,1.62,3.63,18.39,21.56,16.02,15.82,,,,2026-06-30,APMI monthly report Jun 2026,
Lighthouse,LGT Wealth India Private Limited,,62.60,50,1.83,8.66,-7.66,-7.16,-4.48,4.46,,,3.00,,,,2026-06-30,APMI monthly report Jun 2026,
ASK INDIA SELECT PORTFOLIO STP,ASK Investment Managers Limited,,2.33,50,1.82,8.39,-10.36,-11.36,-8.42,3.40,7.11,3.62,7.14,,,,2026-06-30,APMI monthly report Jun 2026,
Pelican PE Fund,Pelican Holdings Private Limited,,51.57,50,1.80,10.79,-6.61,0.59,1.67,9.01,12.08,9.15,10.20,,,,2026-06-30,APMI monthly report Jun 2026,
TRINITY,PL Asset Management Private Ltd,,2.56,50,1.80,10.46,,,,,,,10.42,,,,2026-06-30,APMI monthly report Jun 2026,
SPICE ROUTE VOYAGER,SPICE ROUTE ADVISORS LLP,,16.20,50,1.79,16.98,1.94,2.43,,,,,4.71,,,,2026-06-30,APMI monthly report Jun 2026,
EQUITY DEBT HYBRID,Atlas Integrated Finance Ltd,Hybrid,45.13,50,1.78,11.20,-5.47,-8.86,-0.74,15.17,17.53,14.43,23.39,,,,2026-06-30,APMI monthly report Jun 2026,
MAPL Value Investing Fund,Mittal Analytics Private Limited,,439.39,50,1.74,34.03,16.56,19.26,11.80,23.10,27.77,24.36,30.72,,,,2026-06-30,APMI monthly report Jun 2026,
Solitaire,Ithought Financial Consulting Llp,,1750.44,50,1.74,12.07,-3.08,-4.68,0.69,15.15,19.00,17.57,19.36,,,,2026-06-30,APMI monthly report Jun 2026,
Citrus Sayam Approach,Citrus Advisors Private Limited,,3.48,50,1.74,28.70,,,,,,,12.73,,,,2026-06-30,APMI monthly report Jun 2026,
QUESTPMS FOCUS PORTFOLIO,Quest Investment Managers Pvt Ltd,,25.58,50,1.74,22.00,5.87,1.01,3.58,15.89,16.07,9.70,12.82,,,,2026-06-30,APMI monthly report Jun 2026,
Moats and Special Situations Portfolio,Multi-Act Equity Consultancy Private Limited,,709.11,50,1.73,12.88,-6.05,-4.74,4.23,11.56,14.73,11.30,13.97,,,,2026-06-30,APMI monthly report Jun 2026,
ICICI Prudential PMS Multi-Manager - India Equity Opportunities Strategy,ICICI Prudential Asset Management Company Ltd,,42.58,50,1.73,11.19,-2.58,,,,,,-2.61,,,,2026-06-30,APMI monthly report Jun 2026,
Revelation India Opportunities Portfolio II,Revelation Portfolio Management Pvt Ltd,,102.09,50,1.72,16.30,0.32,-2.36,-0.94,11.75,,,14.51,,,,2026-06-30,APMI monthly report Jun 2026,
Concept Sepcial,Concept Investwell Private Limited,,21.43,50,1.72,5.92,-6.64,-4.25,-0.63,9.81,11.07,13.12,11.80,,,,2026-06-30,APMI monthly report Jun 2026,
Platina Select,LGT Wealth India Private Limited,,2.66,50,1.72,15.62,0.54,-0.54,,,,,0.97,,,,2026-06-30,APMI monthly report Jun 2026,
Bluechip Equity FOF,Allegro Securities Pvt Ltd,,7.21,50,1.71,8.30,-1.99,0.13,3.25,11.32,15.77,12.29,11.97,,,,2026-06-30,APMI monthly report Jun 2026,
ICICI Prudential PMS Prime Strategy,ICICI Prudential Asset Management Company Ltd,,1021.04,50,1.69,13.53,1.71,7.04,7.33,,,,23.44,,,,2026-06-30,APMI monthly report Jun 2026,
Citrus Sector Leaders,Citrus Advisors Private Limited,,46.37,50,1.66,13.35,-2.24,-0.61,2.50,,,,10.13,,,,2026-06-30,APMI monthly report Jun 2026,
WEALTH GUARDIAN FUND,Stalwart Investment Advisors Llp,,199.15,50,1.66,27.71,4.08,-0.06,0.25,13.12,,,16.33,,,,2026-06-30,APMI monthly report Jun 2026,
Wright Factor Fund,Wryght Research And Capital Private Limited,,224.03,50,1.66,19.10,7.39,9.51,-1.46,,,,19.07,,,,2026-06-30,APMI monthly report Jun 2026,
DELTA FUND,PATERSON SECURITIES PRIVATE LIMITED,,21.11,50,1.64,7.74,-5.19,-2.77,-1.79,,,,0.45,,,,2026-06-30,APMI monthly report Jun 2026,
MARKET LEADERS PORTFOLIO - LARGE CAP ALLOCATOR,Waterfield Financial And Investment Advisors Private Limited,,4.51,50,1.64,11.88,-2.89,-7.11,-5.17,,,,-0.28,,,,2026-06-30,APMI monthly report Jun 2026,
Wright Alpha Fund,Wryght Research And Capital Private Limited,,44.24,50,1.63,16.79,2.02,-5.99,-12.84,,,,5.04,,,,2026-06-30,APMI monthly report Jun 2026,
Customised Discretionary Portfolio - Equity,360 ONE Asset Management Limited,,14727.93,50,1.62,13.69,-0.95,0.32,3.02,14.73,17.04,12.53,13.47,,,,2026-06-30,APMI monthly report Jun 2026,
PRIME PICKS,Sharekhan Limited,,265.53,50,1.60,9.75,-5.09,-7.38,-4.39,9.09,13.46,8.98,10.03,,,,2026-06-30,APMI monthly report Jun 2026,
GLC Growth Fund,Green Lantern Capital LLP,,1769.40,50,1.60,18.19,9.39,8.56,6.10,35.25,37.74,33.66,23.16,,,,2026-06-30,APMI monthly report Jun 2026,
Purnartha Pratham,Purnartha Investment Advisers Private Limited,,1690.25,50,1.59,15.57,9.68,4.94,3.03,14.94,16.62,10.37,12.10,,,,2026-06-30,APMI monthly report Jun 2026,
Kotak Evolv Equity Investment Approach,Kotak Mahindra Asset Management Company Ltd,,67.06,50,1.59,13.59,-1.20,-1.60,-0.15,,,,2.86,,,,2026-06-30,APMI monthly report Jun 2026,
India Special Opportunities Portfolio NR,Aditya Birla Sun Life Amc Limited,,232.49,50,1.59,11.69,-3.89,-7.54,-3.17,10.63,14.76,11.34,12.65,,,,2026-06-30,APMI monthly report Jun 2026,
India Ascent Portfolio - DPMS,HDFC Asset Management Company Limited,,5.80,50,1.58,14.40,-1.23,-2.47,-0.80,9.91,,,10.11,,,,2026-06-30,APMI monthly report Jun 2026,
Enhanced Portfolio 1,HDFC Asset Management Company Limited,,6.05,50,1.57,10.24,-7.53,-5.34,-1.76,8.21,12.15,10.96,9.79,,,,2026-06-30,APMI monthly report Jun 2026,
IME Wealth Bespoke,IME Portfolio Managers LLP,,55.23,50,1.56,7.89,-1.81,,,,,,-1.72,,,,2026-06-30,APMI monthly report Jun 2026,
Vansh Equity Master Approach,Vansh Capital Private Limited,,0.30,50,1.56,5.53,,,,,,,4.17,,,,2026-06-30,APMI monthly report Jun 2026,
India Special Opportunities Portfolio,Aditya Birla Sun Life Amc Limited,,416.51,50,1.56,11.60,-3.92,-7.62,-3.22,10.34,14.49,11.14,14.00,,,,2026-06-30,APMI monthly report Jun 2026,
360 ONE Mandate - Equity,360 One Portfolio Managers Limited (Formerly Known As Iifl Wealth Portfolio Managers Limited),,1448.20,50,1.55,11.77,-3.50,-1.04,2.87,12.04,14.08,10.41,13.76,,,,2026-06-30,APMI monthly report Jun 2026,
Maxiom PMS - DIAMOND Diversified Mutual Funds Retirement Planning,MAXIOM ASSET MANAGEMENT PRIVATE LIMITED,,1.19,50,1.55,4.68,-0.85,2.17,,,,,6.02,,,,2026-06-30,APMI monthly report Jun 2026,
INDIA SPECIAL OPPORTUNITIES PORTFOLIO STP,Aditya Birla Sun Life Amc Limited,,516.16,50,1.55,11.65,-3.88,-7.54,-2.98,10.02,14.06,10.78,13.50,,,,2026-06-30,APMI monthly report Jun 2026,
AXIS SECURITIES PURE CONTRA,Axis Securities Ltd,,1561.08,50,1.54,15.91,-0.99,-6.15,-3.03,15.46,19.87,16.39,19.38,,,,2026-06-30,APMI monthly report Jun 2026,
AXIS SECURITIES CONTRARIAN,Axis Securities Ltd,,9.59,50,1.54,15.00,-0.89,-5.91,-3.25,18.70,21.25,14.86,18.01,,,,2026-06-30,APMI monthly report Jun 2026,
ALL WEATHER,Ckredence Wealth Management Pvt Ltd,,233.32,50,1.53,17.68,5.23,14.00,9.38,17.58,20.05,15.17,15.17,,,,2026-06-30,APMI monthly report Jun 2026,
Abakkus All Cap Approach,Abakkus Asset Manager Private Limited,,7766.83,50,1.52,12.57,0.01,5.29,4.77,15.32,19.39,14.51,22.95,,,,2026-06-30,APMI monthly report Jun 2026,
Dhanvesttor Faith Fund,Driv Drisht LLP,,25.82,50,1.51,14.18,-2.27,-7.14,0.76,,,,4.86,,,,2026-06-30,APMI monthly report Jun 2026,
DB India Multicap Equities / Long-term capital growth,Deutsche Investments India Private Limited,,49.97,50,1.51,5.21,-6.79,-0.80,2.68,12.22,14.82,11.23,15.27,,,,2026-06-30,APMI monthly report Jun 2026,
PATERSON SOUTHERN SPICE,PATERSON SECURITIES PRIVATE LIMITED,,8.55,50,1.51,18.04,3.41,,,,,,1.24,,,,2026-06-30,APMI monthly report Jun 2026,
DAKSHIN PORTFOLIO,Geojit Financial Services Ltd,,42.52,50,1.50,20.41,-1.17,-7.95,-7.24,5.40,10.52,6.85,9.78,,,,2026-06-30,APMI monthly report Jun 2026,
FOCUS MULTICAP,Ckredence Wealth Management Pvt Ltd,,92.09,50,1.50,17.68,3.44,9.80,8.10,16.91,19.69,14.90,14.52,,,,2026-06-30,APMI monthly report Jun 2026,
SageOne LargeCap,Sageone Investment Managers Llp,,210.41,50,1.50,15.10,-1.61,-2.83,4.42,,,,16.04,,,,2026-06-30,APMI monthly report Jun 2026,
Wonder Companies,Jain Investment Advisors Pvt Ltd,,45.56,50,1.50,10.09,-5.30,-4.71,-0.92,17.25,18.61,13.74,13.00,,,,2026-06-30,APMI monthly report Jun 2026,
Focus,J M Financial Ltd,,325.04,50,1.48,10.99,3.47,-0.05,2.57,14.67,17.29,9.99,15.09,,,,2026-06-30,APMI monthly report Jun 2026,
ALPHA,Sundaram Alternate Assets Limited,,0.43,50,1.48,10.61,-1.72,-12.70,-6.81,5.20,7.09,3.91,8.30,,,,2026-06-30,APMI monthly report Jun 2026,
Customised Portfolio Approach 6,Trivantage Capital Management India Private Limited,,2.75,50,1.48,7.31,-5.69,-4.13,-0.30,11.87,,,14.07,,,,2026-06-30,APMI monthly report Jun 2026,
BB Curated Care,Bharat Bhushan Equity Traders Limited,,0.56,50,1.48,10.03,-0.39,3.00,,,,,6.53,,,,2026-06-30,APMI monthly report Jun 2026,
ICICI Prudential PMS SMART Strategy,ICICI Prudential Asset Management Company Ltd,,134.66,50,1.46,10.30,-1.87,2.49,3.35,20.17,22.65,20.03,14.42,,,,2026-06-30,APMI monthly report Jun 2026,
ETHICAL PORTFOLIO,Geojit Financial Services Ltd,,10.96,50,1.45,16.18,0.93,-3.68,-4.63,5.16,8.81,,5.30,,,,2026-06-30,APMI monthly report Jun 2026,
360 ONE Open - Enhancer Series - Active Equity Enhancer,360 One Portfolio Managers Limited (Formerly Known As Iifl Wealth Portfolio Managers Limited),,46.62,50,1.44,12.84,-2.96,-1.53,1.73,,,,2.36,,,,2026-06-30,APMI monthly report Jun 2026,
EVERGREEN,SMIFS LIMITED,,6.65,50,1.42,18.25,6.71,3.30,-1.27,15.41,19.52,12.38,12.16,,,,2026-06-30,APMI monthly report Jun 2026,
CENTRUM FLEXICAP NRI.,Centrum Investment Advisers Limited,,11.61,50,1.42,12.20,-2.72,0.35,2.00,14.18,15.28,11.65,11.18,,,,2026-06-30,APMI monthly report Jun 2026,
QUANT,Sundaram Alternate Assets Limited,,56.32,50,1.41,8.79,-1.58,2.44,2.41,8.52,10.81,9.09,8.64,,,,2026-06-30,APMI monthly report Jun 2026,
WEALTH OPTIMISER ( AGGRESSIVE SCHEME)1,Way2Wealth Brokers Private Limited,,0.54,50,1.41,2.00,-16.39,-16.83,-9.08,0.81,4.15,1.53,-0.79,,,,2026-06-30,APMI monthly report Jun 2026,
WEALTH WEAVER GROWTH PORTFOLIO AXIS,Way2Wealth Brokers Private Limited,,0.89,50,1.39,10.13,-1.11,-4.05,-4.93,5.00,8.08,7.58,5.31,,,,2026-06-30,APMI monthly report Jun 2026,
Tailwind Alpha Edge PMS,Tailwind Financial Services Private Limited,,51.34,50,1.39,14.05,-0.89,-1.34,,,,,-3.52,,,,2026-06-30,APMI monthly report Jun 2026,
Adaptive Momentum,Capitalmind Financial Services Private Limited,,239.71,50,1.39,15.23,1.43,-3.88,-8.87,10.76,12.42,8.61,17.31,,,,2026-06-30,APMI monthly report Jun 2026,
Bonanza OPTIMA Strategy,Bonanza Portfolio Limited,,23.03,50,1.38,10.95,2.09,4.78,3.71,,,,3.71,,,,2026-06-30,APMI monthly report Jun 2026,
Renaissance India Next Portfolio,Renaissance Investment Managers Private Limited,,889.63,50,1.37,10.08,-8.92,-10.28,-0.65,11.76,17.76,17.01,13.15,,,,2026-06-30,APMI monthly report Jun 2026,
Omni Strategic Defence,Omniscience Capital Advisors Private Limited,,0.02,50,1.36,22.93,3.80,,,,,,-0.08,,,,2026-06-30,APMI monthly report Jun 2026,
Maxiom PMS-EMERALD-E Diversified Mutual Funds (Equity),MAXIOM ASSET MANAGEMENT PRIVATE LIMITED,,10.09,50,1.36,8.61,-4.62,-2.91,,,,,2.61,,,,2026-06-30,APMI monthly report Jun 2026,
Banyan Yield Plus,Banyan Capital Advisors Llp,,104.31,50,1.36,24.56,-2.96,-5.77,2.72,16.80,21.66,16.94,19.84,,,,2026-06-30,APMI monthly report Jun 2026,
Wealth First Nifty 100 Index Strategy,Wealth First Portfolio Managers Limited,,7.88,50,1.34,8.24,-7.08,,,,,,-5.12,,,,2026-06-30,APMI monthly report Jun 2026,
Renaissance Midcap Portfolio,Renaissance Investment Managers Private Limited,,115.29,50,1.34,14.32,-8.02,-10.48,-4.30,8.46,15.69,12.89,10.44,,,,2026-06-30,APMI monthly report Jun 2026,
IDPL Wealthy Nivesh Multi Asset,Indniveza Distributors Private Limited,Hybrid,7.89,50,1.33,9.33,1.83,,,,,,2.13,,,,2026-06-30,APMI monthly report Jun 2026,
AMSEC LIFE,Asian Markets Securities Private Limited,,14.57,50,1.31,8.12,-8.45,-16.37,-8.17,2.04,5.30,4.24,7.95,,,,2026-06-30,APMI monthly report Jun 2026,
FE Securities Focused Approach,FE SECURITIES PRIVATE LIMITED,,40.96,50,1.31,35.37,1.87,-15.69,,,,,-15.73,,,,2026-06-30,APMI monthly report Jun 2026,
ProfitGate Fund of Funds Strategy,PROFITGATE CAPITAL SERVICES LLP,,2.67,50,1.30,11.58,,,,,,,-0.45,,,,2026-06-30,APMI monthly report Jun 2026,
KARMA CAPITAL KWB SELECT PMS,Karma Capital Advisors Pvt Ltd.,,6339.43,50,1.30,15.70,-6.83,-7.42,,,,,11.58,,,,2026-06-30,APMI monthly report Jun 2026,
Customised Equity Portfolio,Aditya Birla Sun Life Amc Limited,,108.00,50,1.30,12.18,2.53,-0.05,,,,,5.77,,,,2026-06-30,APMI monthly report Jun 2026,
ICICI Prudential PMS Multi-Manager - Thematic Strategy,ICICI Prudential Asset Management Company Ltd,,71.01,50,1.29,11.63,-4.00,-2.72,4.00,13.49,16.78,13.37,16.65,,,,2026-06-30,APMI monthly report Jun 2026,
Focused Opportunities Strategy,Motilal Oswal Asset Management Company Limited - Portfolio Managers,,71.14,50,1.28,21.88,10.81,9.59,8.63,25.71,30.14,23.76,19.45,,,,2026-06-30,APMI monthly report Jun 2026,
Select Direct Growth Portfolio,Wealth Managers (India) Pvt. Ltd.,,134.54,50,1.27,12.77,0.73,7.31,7.00,17.11,19.11,14.84,17.44,,,,2026-06-30,APMI monthly report Jun 2026,
Growth Opportunities Portfolio,Buglerock Capital Private Limited,,2.61,50,1.27,13.04,1.47,-1.74,-4.03,7.47,,,8.44,,,,2026-06-30,APMI monthly report Jun 2026,
Barclays Wealth Dynamic Opportunities portfolio,Barclays Securities (India) Private Limited,,147.75,50,1.26,14.26,-1.57,-7.89,-1.88,10.33,11.23,7.33,6.02,,,,2026-06-30,APMI monthly report Jun 2026,
Large Cap Opportunistic Portfolio Series I (A3),Infinity Alternatives Investment Managers Private Limited,,10.84,50,1.25,8.16,-3.25,5.79,8.63,23.90,27.01,20.64,16.58,,,,2026-06-30,APMI monthly report Jun 2026,
CENTRUM BUILT TO LAST NRI.,Centrum Investment Advisers Limited,,4.79,50,1.24,6.68,-8.88,-6.87,1.55,7.41,10.79,4.34,5.90,,,,2026-06-30,APMI monthly report Jun 2026,
Emerging Moat,Moat Financial Services Private Limited,,56.69,50,1.24,15.43,-0.46,-8.26,-4.13,11.29,,,11.96,,,,2026-06-30,APMI monthly report Jun 2026,
Diversified equity,Sharekhan Limited,,4.76,50,1.22,10.62,-1.12,-1.96,-2.27,9.57,12.64,9.22,-4.02,,,,2026-06-30,APMI monthly report Jun 2026,
Axis Pure Contra Portfolio,Axis Asset Management Company Limited,,38.31,50,1.22,16.81,-0.41,,,,,,0.24,,,,2026-06-30,APMI monthly report Jun 2026,
INDIA STORY CONSISTENT COMPOUNDER,Harmoney Finserv India Private Limited,,11.55,50,1.21,11.37,-2.86,-2.30,5.41,8.79,11.71,8.86,5.29,,,,2026-06-30,APMI monthly report Jun 2026,
ASTEYA LARGE & MID CAP FUND - DPMS,Asteya Investment Managers Llp,,50.54,50,1.21,,,,,,,,5.31,,,,2026-06-30,APMI monthly report Jun 2026,
ICICI Prudential PMS India Recovery Strategy,ICICI Prudential Asset Management Company Ltd,,9.85,50,1.20,22.81,15.52,20.69,7.37,27.52,34.70,34.20,30.73,,,,2026-06-30,APMI monthly report Jun 2026,
TruBlu,Ithought Financial Consulting Llp,,87.62,50,1.19,7.14,-10.23,-7.45,2.18,7.65,11.83,9.34,9.29,,,,2026-06-30,APMI monthly report Jun 2026,
Prosperity Fund of Funds,Prosperity Wealth Management Private Limited,,12.30,50,1.19,6.10,0.97,2.32,5.04,,,,10.91,,,,2026-06-30,APMI monthly report Jun 2026,
Financial Freedom,Hedge Equities Ltd,,32.28,50,1.17,15.50,4.58,4.28,9.40,17.99,17.21,,12.72,,,,2026-06-30,APMI monthly report Jun 2026,
Monarch Wealth Creator Fund,MONARCH NETWORTH CAPITAL LIMITED,,260.63,50,1.15,22.07,11.78,,,,,,12.35,,,,2026-06-30,APMI monthly report Jun 2026,
Vansh Equity Multi Cap Approach,Vansh Capital Private Limited,,11.24,50,1.14,11.97,,,,,,,2.85,,,,2026-06-30,APMI monthly report Jun 2026,
Agreya Total Return,Agreya Capital Advisors Llp,,322.77,50,1.12,29.65,12.36,17.14,11.35,19.43,19.41,15.18,20.69,,,,2026-06-30,APMI monthly report Jun 2026,
R. Wadiwala Ingenious Equity Portfolio-Ingenious,R. Wadiwala Securities Private Limited,,10.16,50,1.12,9.98,-6.65,-7.66,0.00,0.00,0.00,0.00,0.17,,,,2026-06-30,APMI monthly report Jun 2026,
Wealth Mantra Fund,Turtle Wealth Management Pvt. Ltd.,,260.94,50,1.10,13.17,3.01,17.05,8.13,22.97,22.72,17.26,16.98,,,,2026-06-30,APMI monthly report Jun 2026,
Compass TrueNorth Portfolio,GoldStandard Wealth Private Limited,,0.11,50,1.10,10.55,0.16,,,,,,6.19,,,,2026-06-30,APMI monthly report Jun 2026,
QUANTFIN GROWTH,Ghalla Bhansali Stock Brokers Pvt Ltd,,3.44,50,1.09,7.81,-6.01,-4.45,0.18,8.97,12.16,7.61,10.38,,,,2026-06-30,APMI monthly report Jun 2026,
ICICI Prudential PMS Emerging Leaders Strategy,ICICI Prudential Asset Management Company Ltd,,239.85,50,1.09,12.86,1.97,7.81,5.44,,,,9.46,,,,2026-06-30,APMI monthly report Jun 2026,
Ambit Coffee Can Portfolio,Ambit Investment Advisors Private Limited,,1127.18,50,1.09,8.95,-5.25,-6.08,3.22,8.30,11.83,8.07,12.76,,,,2026-06-30,APMI monthly report Jun 2026,
Barclays Wealth Creator,Barclays Securities (India) Private Limited,,71.48,50,1.09,12.85,-0.92,-6.31,-2.46,6.64,9.09,6.13,10.96,,,,2026-06-30,APMI monthly report Jun 2026,
FREEDOM ETF PORTFOLIO,NJ Asset Management Private Limited,,307.86,50,1.07,13.08,-2.14,-0.35,1.47,12.18,14.70,10.31,10.69,,,,2026-06-30,APMI monthly report Jun 2026,
Agreya Total return Enhancer,Agreya Capital Advisors Llp,,96.39,50,1.05,24.75,6.48,7.88,8.17,17.63,19.47,15.22,15.91,,,,2026-06-30,APMI monthly report Jun 2026,
BONANZA VALUE,Bonanza Portfolio Limited,,31.26,50,1.05,16.70,13.37,4.35,-3.14,17.32,20.04,12.96,18.65,,,,2026-06-30,APMI monthly report Jun 2026,
Maxiom PMS - CORAL Cyclical,MAXIOM ASSET MANAGEMENT PRIVATE LIMITED,,2.22,50,1.05,11.06,-4.57,-3.93,,,,,-2.64,,,,2026-06-30,APMI monthly report Jun 2026,
Q India Responsible Returns Strategy,Quantum Advisors Private Limited,,1.26,50,1.03,10.95,-5.90,-6.54,0.11,8.67,11.84,8.30,9.81,,,,2026-06-30,APMI monthly report Jun 2026,
ICICI Prudential PMS Contra Strategy,ICICI Prudential Asset Management Company Ltd,,13837.43,50,1.01,10.73,-1.44,2.04,2.76,16.61,22.91,17.47,18.02,,,,2026-06-30,APMI monthly report Jun 2026,
SRE PE SHIELD,Sykes And Ray Equities India Limited,,32.94,50,1.01,14.09,-0.61,0.03,-0.32,8.97,11.17,8.43,13.23,,,,2026-06-30,APMI monthly report Jun 2026,
Flexi-Cap Wealth Creator Portfolio (A5),Infinity Alternatives Investment Managers Private Limited,,119.76,50,0.99,10.96,-3.81,4.04,7.04,21.04,25.06,18.59,16.84,,,,2026-06-30,APMI monthly report Jun 2026,
Ionic Summit Portfolio - Equity,Angel One Investment Managers & Advisors Private Limited,,0.51,50,0.99,,,,,,,,1.68,,,,2026-06-30,APMI monthly report Jun 2026,
Select Equity Strategy,True Beacon Investment Advisors Llp,,22.28,50,0.99,11.37,-1.81,-0.38,,,,,2.00,,,,2026-06-30,APMI monthly report Jun 2026,
dezerv. Arbitrage Strategy,Dezerv Investments Private Limited,,85.68,50,0.97,1.50,3.18,6.36,6.86,7.22,,,7.22,,,,2026-06-30,APMI monthly report Jun 2026,
Arbitrage,Capitalmind Financial Services Private Limited,,18.20,50,0.96,1.43,3.08,6.21,6.61,,,,6.51,,,,2026-06-30,APMI monthly report Jun 2026,
Ionic Navigator Portfolio,Angel One Investment Managers & Advisors Private Limited,,0.07,50,0.96,7.58,-6.79,-13.74,,,,,-10.82,,,,2026-06-30,APMI monthly report Jun 2026,
Ionic Navigator Portfolio-Midcap,Angel One Investment Managers & Advisors Private Limited,,0.07,50,0.96,7.58,-6.79,-13.84,,,,,-11.86,,,,2026-06-30,APMI monthly report Jun 2026,
Concentrated Portfolio,Nippon Life India Asset Management Ltd,,14.24,50,0.96,6.83,-8.43,-7.47,-3.25,9.04,13.35,9.52,8.51,,,,2026-06-30,APMI monthly report Jun 2026,
BONANZA AEGIS,Bonanza Portfolio Limited,,104.82,50,0.95,19.20,17.33,9.28,4.85,20.86,23.91,,22.44,,,,2026-06-30,APMI monthly report Jun 2026,
Customised Portfolio Approach 12,Trivantage Capital Management India Private Limited,,12.89,50,0.94,14.07,5.58,-1.14,,,,,-3.21,,,,2026-06-30,APMI monthly report Jun 2026,
SAMMAAN INDIA,Laurel Securities Private Limited,,4.75,50,0.93,27.88,0.55,,,,,,1.75,,,,2026-06-30,APMI monthly report Jun 2026,
India Indices,Capitalmind Financial Services Private Limited,,214.78,50,0.91,13.31,-1.98,0.08,3.35,15.12,17.20,12.23,14.46,,,,2026-06-30,APMI monthly report Jun 2026,
360 ONE Open - Enhancer Series - Dynamic Passive Equity,360 One Portfolio Managers Limited (Formerly Known As Iifl Wealth Portfolio Managers Limited),,41.00,50,0.90,12.22,-2.96,-1.62,0.69,,,,10.15,,,,2026-06-30,APMI monthly report Jun 2026,
Bonanza Prima Fund-Conservative,Bonanza Portfolio Limited,,1.20,50,0.90,5.73,-0.17,3.44,3.44,,,,7.30,,,,2026-06-30,APMI monthly report Jun 2026,
Axis Customized Portfolio,Axis Asset Management Company Limited,,85.47,50,0.90,18.84,1.42,,,,,,1.22,,,,2026-06-30,APMI monthly report Jun 2026,
ASK DOMESTIC RESURGENCE PORTFOLIO,ASK Investment Managers Limited,,516.18,50,0.90,8.94,-5.75,-2.07,-2.62,7.89,12.90,8.41,10.60,,,,2026-06-30,APMI monthly report Jun 2026,
Renaissance Sterling Portfolio,Renaissance Investment Managers Private Limited,,28.20,50,0.90,8.96,-11.05,,,,,,-5.77,,,,2026-06-30,APMI monthly report Jun 2026,
GL Alpha Fund,Green Lantern Capital LLP,,63.33,50,0.89,18.60,10.94,13.71,8.44,28.96,31.25,24.82,30.93,,,,2026-06-30,APMI monthly report Jun 2026,
VSPARTANS ETF PORTFOLIO,VSPARTANS CONSULTANTS PRIVATE LIMITED,,1.99,50,0.88,,,,,,,,-0.50,,,,2026-06-30,APMI monthly report Jun 2026,
ALPHA HARVESTERS,SMIFS LIMITED,,15.65,50,0.88,19.15,9.92,5.83,3.89,15.99,,,17.52,,,,2026-06-30,APMI monthly report Jun 2026,
Renaissance Opportunities Portfolio,Renaissance Investment Managers Private Limited,,576.94,50,0.88,7.55,-8.65,-8.56,-1.38,9.10,14.41,13.28,10.80,,,,2026-06-30,APMI monthly report Jun 2026,
Funds India Dynamo Strategy,WEALTH INDIA FINANCIAL SERVICES PRIVATE LIMITED,,54.33,50,0.88,11.01,-4.52,,,,,,-0.41,,,,2026-06-30,APMI monthly report Jun 2026,
R Wadiwala Agile PE Ratio Portfolio - Master,R. Wadiwala Securities Private Limited,,3.70,50,0.87,4.88,-11.05,-13.35,-6.12,9.26,13.62,11.36,9.64,,,,2026-06-30,APMI monthly report Jun 2026,
Acepro Galaxy Strategy,Acepro Advisors Private Limited,,0.38,50,0.86,2.59,-1.63,-1.08,-1.95,3.57,4.34,3.36,3.52,,,,2026-06-30,APMI monthly report Jun 2026,
360 ONE Open - Enhancer Series - Passive Equity Enhancer,360 One Portfolio Managers Limited (Formerly Known As Iifl Wealth Portfolio Managers Limited),,176.36,50,0.85,12.15,-2.51,-1.17,1.16,,,,10.33,,,,2026-06-30,APMI monthly report Jun 2026,
ASK Wealth Core Equity,Ask Wealth Advisors Private Limited,,55.64,50,0.84,10.99,-1.88,0.03,2.18,,,,5.71,,,,2026-06-30,APMI monthly report Jun 2026,
India Ultra-Focussed Mid-Cap Growth Portfolio Series II (A2),Infinity Alternatives Investment Managers Private Limited,,23.83,50,0.82,15.56,-2.34,6.35,5.63,19.76,23.35,16.25,13.89,,,,2026-06-30,APMI monthly report Jun 2026,
Growth and Value,J M Financial Ltd,,85.14,50,0.81,9.77,-0.04,-1.99,0.77,13.11,15.71,8.68,13.39,,,,2026-06-30,APMI monthly report Jun 2026,
Sterling Portfolio- Growth Portfolio,ICICI Securities Limited,,108.42,50,0.81,8.28,-2.93,0.76,3.99,13.62,,,13.16,,,,2026-06-30,APMI monthly report Jun 2026,
Core Domestic Equity,Marcellus Investment Managers Private Limited,,0.05,50,0.81,,,,,,,,-0.43,,,,2026-06-30,APMI monthly report Jun 2026,
Ultima Select,LGT Wealth India Private Limited,,9.76,50,0.80,7.71,-6.79,-3.65,1.46,6.86,,,7.53,,,,2026-06-30,APMI monthly report Jun 2026,
Wright Factor Fund- NRI,Wryght Research And Capital Private Limited,,0.80,50,0.80,19.48,9.60,12.04,7.28,,,,19.08,,,,2026-06-30,APMI monthly report Jun 2026,
BLUECHIP,T Ram Financial Services Private Limited,,273.21,50,0.79,7.03,-10.61,-8.77,-3.00,5.92,9.67,6.86,8.68,,,,2026-06-30,APMI monthly report Jun 2026,
UNICORN MID - SMALL CAP ALPHA PORTFOLIO,UNICORN INVESTMENT MANAGERS LLP,,5.82,50,0.79,14.08,7.19,14.40,,,,,8.72,,,,2026-06-30,APMI monthly report Jun 2026,
ASK INDIA VISION PORTFOLIO,ASK Investment Managers Limited,,55.97,50,0.79,8.91,-6.05,-2.84,-4.37,4.73,8.29,5.37,8.88,,,,2026-06-30,APMI monthly report Jun 2026,
Cognito,Parag Parikh Financial Advisory Services Limited,,44.12,50,0.79,6.67,-8.68,-10.93,1.84,13.87,15.79,14.33,17.87,,,,2026-06-30,APMI monthly report Jun 2026,
Future Stars,Magadh Capital Advisors Llp,,82.74,50,0.78,17.69,7.35,9.47,9.43,26.39,29.65,,21.04,,,,2026-06-30,APMI monthly report Jun 2026,
KUNVARJI FINSTOCK PRIVATE LIMITED,Kunvarji Finstock Pvt. Ltd.,,1.19,50,0.77,6.13,-8.24,-9.37,-2.66,3.92,6.75,3.64,8.96,,,,2026-06-30,APMI monthly report Jun 2026,
InCred Focused Healthcare Equity,Incred Asset Management Private Limited,,149.30,50,0.76,23.88,-4.85,7.36,28.75,,,,36.44,,,,2026-06-30,APMI monthly report Jun 2026,
Citrus Index Plus Fund Strategy,Citrus Advisors Private Limited,,2.28,50,0.74,10.29,-4.65,-4.87,-1.90,,,,0.84,,,,2026-06-30,APMI monthly report Jun 2026,
Long Term Growth Strategy,Divya Capital One Private Limited,,1.52,50,0.73,11.96,-3.54,-3.56,4.55,,,,4.39,,,,2026-06-30,APMI monthly report Jun 2026,
JPMS INDIAS FRONT RUNNERS FUND,JAINAM BROKING LIMITED,,7.07,50,0.73,10.18,-8.28,-12.98,-4.79,6.33,8.88,,8.07,,,,2026-06-30,APMI monthly report Jun 2026,
AXIS SECURITIES PURE LIQUID C,Axis Securities Ltd,,,50,0.72,1.90,3.37,5.93,6.49,,,,6.51,,,,2026-06-30,APMI monthly report Jun 2026,
CM Flexi Cap Strategy,Capitalmind Financial Services Private Limited,,197.13,50,0.71,5.54,-2.46,,,,,,1.51,,,,2026-06-30,APMI monthly report Jun 2026,
ASK EDGE PORTFOLIO,ASK Investment Managers Limited,,3.54,50,0.71,8.71,-6.13,-2.74,-3.46,4.76,8.37,,7.27,,,,2026-06-30,APMI monthly report Jun 2026,
Shree Smart Market Plan,Shree Rama Managers Llp,,49.98,50,0.69,12.93,-0.81,0.60,,,,,6.51,,,,2026-06-30,APMI monthly report Jun 2026,
ICICI Prudential PMS Multi-Manager - Core Equity Strategy,ICICI Prudential Asset Management Company Ltd,,222.56,50,0.67,10.02,-3.85,-1.40,2.91,11.97,14.99,13.00,12.73,,,,2026-06-30,APMI monthly report Jun 2026,
Diversified,Allegro Securities Pvt Ltd,,3.86,50,0.63,7.99,0.96,2.45,4.07,13.93,29.43,22.45,20.17,,,,2026-06-30,APMI monthly report Jun 2026,
Vireya - Emerging Leaders,Vireya Capital Management LLP,,10.49,50,0.63,,,,,,,,3.08,,,,2026-06-30,APMI monthly report Jun 2026,
Sterling Portfolio- Aggressive Portfolio,ICICI Securities Limited,,349.55,50,0.63,9.52,-3.72,0.57,3.98,15.68,,,15.37,,,,2026-06-30,APMI monthly report Jun 2026,
RH AlphaBots India 100,Right Horizons Portfolio Management Pvt Ltd,,6.89,50,0.62,12.26,-3.32,-0.92,3.03,14.89,,,11.71,,,,2026-06-30,APMI monthly report Jun 2026,
PMS-1 Q8,Chona Financial Services Limited,,1.36,50,0.61,11.30,-0.44,0.87,2.26,11.08,15.29,11.15,9.63,,,,2026-06-30,APMI monthly report Jun 2026,
STRUCTURED PRODUCT SERIES I,Bay Capital Investment Advisors Pvt. Ltd.,,0.01,50,0.61,0.61,1.22,2.47,2.68,2.77,2.82,-109.76,-150.23,,,,2026-06-30,APMI monthly report Jun 2026,
Optimiser Mid & small Cap,Wealth Managers (India) Pvt. Ltd.,,17.56,50,0.61,22.17,12.51,14.37,1.76,27.82,28.74,,21.10,,,,2026-06-30,APMI monthly report Jun 2026,
ASK DOMESTIC RESURGENCE PORTFOLIO STP,ASK Investment Managers Limited,,3.79,50,0.60,8.72,-6.05,-2.48,-3.27,7.26,12.41,8.01,11.10,,,,2026-06-30,APMI monthly report Jun 2026,
ICICI Prudential PMS Quanti-FI Strategy,ICICI Prudential Asset Management Company Ltd,,38.05,50,0.59,8.99,-4.14,-0.71,-1.10,,,,4.62,,,,2026-06-30,APMI monthly report Jun 2026,
WEALTH FOCUS,Way2Wealth Brokers Private Limited,,0.33,50,0.58,5.10,-8.62,-8.53,-3.51,5.09,6.81,2.30,4.32,,,,2026-06-30,APMI monthly report Jun 2026,
Legend Jain,Concept Investwell Private Limited,,1.39,50,0.56,7.07,-7.69,-9.24,-3.47,7.22,9.53,6.21,9.32,,,,2026-06-30,APMI monthly report Jun 2026,
Avendus Olivo Core Equity Portfolio,Avendus Investment Managers Private Limited,,255.50,50,0.55,9.66,-4.37,-7.47,-2.97,10.86,16.74,10.49,14.74,,,,2026-06-30,APMI monthly report Jun 2026,
Pelican Top100 Fund,Pelican Holdings Private Limited,,1.60,50,0.52,6.89,-9.22,-8.19,-4.13,6.56,,,7.34,,,,2026-06-30,APMI monthly report Jun 2026,
GROWTH,Molecule Ventures Limited Liability Partnership,,935.97,50,0.51,28.14,4.60,16.98,8.40,23.35,29.95,,25.83,,,,2026-06-30,APMI monthly report Jun 2026,
AXIS SECURITIES PURE LIQUID G,Axis Securities Ltd,,,50,0.51,1.68,3.24,6.09,6.48,,,,6.57,,,,2026-06-30,APMI monthly report Jun 2026,
ProfitGate Classic Compounders Equity Strategy,PROFITGATE CAPITAL SERVICES LLP,,684.31,50,0.51,17.42,2.89,2.37,2.57,,,,13.70,,,,2026-06-30,APMI monthly report Jun 2026,
Eterna Wealth Core Portfolio,GoldStandard Wealth Private Limited,,16.17,50,0.50,19.90,1.88,,,,,,-2.16,,,,2026-06-30,APMI monthly report Jun 2026,
CENTRUM BUILT TO LAST PORTFOLIO.,Centrum Investment Advisers Limited,,2.43,50,0.49,7.67,-9.10,-7.63,0.07,7.12,10.25,7.22,8.96,,,,2026-06-30,APMI monthly report Jun 2026,
Itus Fundamental Value Fund,Itus Capital Advisors Private Limited,,900.95,50,0.47,12.27,0.64,4.81,3.30,11.52,14.47,10.39,17.17,,,,2026-06-30,APMI monthly report Jun 2026,
ICICI Prudential PMS Value Strategy,ICICI Prudential Asset Management Company Ltd,,1148.22,50,0.46,9.39,1.15,8.29,4.56,20.95,28.91,21.37,13.01,,,,2026-06-30,APMI monthly report Jun 2026,
Alpha10,Accuracap Consultancy Services Private Limited,,88.58,50,0.46,13.37,1.94,1.57,1.69,9.16,12.98,8.98,13.12,,,,2026-06-30,APMI monthly report Jun 2026,
CENTRUM BUILT TO LAST T.,Centrum Investment Advisers Limited,,0.64,50,0.45,7.74,-11.55,-12.35,-2.14,6.55,9.95,7.19,7.07,,,,2026-06-30,APMI monthly report Jun 2026,
360 ONE Equity Large Cap Oriented,360 One Portfolio Managers Limited (Formerly Known As Iifl Wealth Portfolio Managers Limited),,25.04,50,0.45,7.79,-8.13,-4.57,-0.13,7.94,10.96,7.79,9.59,,,,2026-06-30,APMI monthly report Jun 2026,
QUANT,Molecule Ventures Limited Liability Partnership,,2.30,50,0.44,42.95,12.61,13.65,6.11,,,,8.09,,,,2026-06-30,APMI monthly report Jun 2026,
SilverArch India Equity Portfolio,Silverarch Investment Advisers Private Limited,,49.64,50,0.44,20.39,10.21,5.44,2.55,21.85,23.76,17.09,12.83,,,,2026-06-30,APMI monthly report Jun 2026,
ProfitGate Focused Equity Strategy,PROFITGATE CAPITAL SERVICES LLP,,17.69,50,0.44,10.44,6.13,,,,,,5.20,,,,2026-06-30,APMI monthly report Jun 2026,
ICICI Prudential PMS T.I.M.E Strategy,ICICI Prudential Asset Management Company Ltd,,60.29,50,0.42,10.10,-2.35,0.70,1.67,18.67,24.26,21.63,23.22,,,,2026-06-30,APMI monthly report Jun 2026,
Valtrust Equity Funds,Valtrust Partners Llp,,3.19,50,0.41,14.09,6.53,12.81,8.44,20.00,,,23.15,,,,2026-06-30,APMI monthly report Jun 2026,
Q India Value Equity Strategy - Constrained V,Quantum Advisors Private Limited,,15673.55,50,0.41,8.37,-6.90,-4.67,0.56,12.98,15.68,11.62,16.19,,,,2026-06-30,APMI monthly report Jun 2026,
Bloom,Wave Asset Private Limited,,7.52,50,0.39,-1.21,-6.97,0.16,12.84,,,,14.38,,,,2026-06-30,APMI monthly report Jun 2026,
ABANS SMART BETA PORTFOLIO,Abans Broking Services Private Limited,,3.00,50,0.35,17.18,4.81,11.82,-3.93,13.40,17.60,11.28,14.26,,,,2026-06-30,APMI monthly report Jun 2026,
Money Multiplier,A C CHOKSI SHARE BROKERS PRIVATE LIMITED,,38.54,50,0.34,12.32,-5.03,-8.30,-3.97,7.90,7.43,5.53,12.20,,,,2026-06-30,APMI monthly report Jun 2026,
Growth Enabled Mid & Smallcap,Shriram Asset Management Company Limited,,0.36,50,0.31,11.70,5.19,20.21,,,,,31.62,,,,2026-06-30,APMI monthly report Jun 2026,
ASK EMERGING OPPORTUNITIES PORTFOLIO,ASK Investment Managers Limited,,266.77,50,0.31,7.70,-6.47,-12.48,-5.05,5.86,9.89,5.38,9.35,,,,2026-06-30,APMI monthly report Jun 2026,
DRChoksey Alpha Invest,Drchoksey Finserv Private Limited,,96.73,50,0.30,15.36,-2.75,-11.09,-7.00,5.88,9.41,7.23,4.88,,,,2026-06-30,APMI monthly report Jun 2026,
Unicorn Scientific AI Factor Equity (SAFE) Portfolio,UNICORN INVESTMENT MANAGERS LLP,,0.51,50,0.30,10.63,-0.12,,,,,,2.26,,,,2026-06-30,APMI monthly report Jun 2026,
Alchemy Alpha 100,Alchemy Capital Management Pvt Ltd,,17.21,50,0.29,13.50,-1.21,2.03,1.12,,,,11.91,,,,2026-06-30,APMI monthly report Jun 2026,
ASK Wealth CICERO Smart Beta,Ask Wealth Advisors Private Limited,,24.99,50,0.29,11.08,-2.81,-1.54,,,,,-1.33,,,,2026-06-30,APMI monthly report Jun 2026,
Dynamic Opportunity,BLUE ASHVA INDIA LLP,,23.51,50,0.27,,,,,,,,0.71,,,,2026-06-30,APMI monthly report Jun 2026,
Dynamic Business Leader,Jain Investment Advisors Pvt Ltd,,126.74,50,0.25,9.63,0.20,-0.99,3.23,8.64,,,8.21,,,,2026-06-30,APMI monthly report Jun 2026,
ASK STRATEGIC PORTFOLIO,ASK Investment Managers Limited,,33.00,50,0.24,7.54,-6.55,-12.37,-4.72,6.03,10.14,5.64,13.10,,,,2026-06-30,APMI monthly report Jun 2026,
DIIPL- DB India Alpha Factor Equities,Deutsche Investments India Private Limited,,22.64,50,0.23,9.31,-5.12,-3.82,-5.02,,,,0.15,,,,2026-06-30,APMI monthly report Jun 2026,
BLUECHIP PORTFOLIO,NJ Asset Management Private Limited,,1584.70,50,0.23,12.62,-3.35,-8.71,-0.42,8.81,10.43,7.03,11.79,,,,2026-06-30,APMI monthly report Jun 2026,
KEDIA PMS MULTI CAP,KEDIA SHARES & STOCKS BROKERS LIMITED,,111.84,50,0.22,14.46,3.41,-0.77,2.58,15.30,19.95,15.68,16.54,,,,2026-06-30,APMI monthly report Jun 2026,
ArthAlpha Signature Wealth,ArthAlpha LLP,,10.41,50,0.21,9.46,0.41,2.00,,,,,4.66,,,,2026-06-30,APMI monthly report Jun 2026,
ALLEGRO SIGNATURE,Allegro Securities Pvt Ltd,,71.06,50,0.20,1.43,,,,,,,0.22,,,,2026-06-30,APMI monthly report Jun 2026,
BONANZA PULSE SECTOR FUND,Bonanza Portfolio Limited,,9.78,50,0.19,1.93,-2.90,-2.53,,,,,4.29,,,,2026-06-30,APMI monthly report Jun 2026,
ICICI Prudential PMS Growth Leaders Shariah Strategy,ICICI Prudential Asset Management Company Ltd,,62.98,50,0.18,10.50,-3.84,0.23,-0.56,15.16,,,17.41,,,,2026-06-30,APMI monthly report Jun 2026,
Select Sector Portfolio NR,Aditya Birla Sun Life Amc Limited,,115.09,50,0.17,19.93,9.14,5.89,9.93,22.13,23.06,17.27,16.11,,,,2026-06-30,APMI monthly report Jun 2026,
Select Large Cap Portfolio,Wealth Managers (India) Pvt. Ltd.,,27.43,50,0.16,16.43,4.62,7.41,1.64,,,,12.03,,,,2026-06-30,APMI monthly report Jun 2026,
VALUE,Reliance Wealth Management Limited,,0.68,50,0.16,4.60,-6.88,-2.15,1.50,13.08,14.65,12.26,14.60,,,,2026-06-30,APMI monthly report Jun 2026,
Long Term Focused Value,Compound Everyday Capital Management Llp,,79.00,50,0.14,12.41,2.08,11.75,13.95,18.53,17.53,12.78,15.41,,,,2026-06-30,APMI monthly report Jun 2026,
Smart Beta Portfolio,Wealth Managers (India) Pvt. Ltd.,,4.49,50,0.14,9.95,-5.39,-6.86,-3.66,,,,3.42,,,,2026-06-30,APMI monthly report Jun 2026,
PlantRich Heritage Value PMS,Sykes And Ray Equities India Limited,,3.34,50,0.13,0.16,,,,,,,-0.27,,,,2026-06-30,APMI monthly report Jun 2026,
SELECT SECTOR PORTFOLIO STP,Aditya Birla Sun Life Amc Limited,,12.40,50,0.13,20.53,9.84,6.74,13.01,23.55,24.14,17.93,17.09,,,,2026-06-30,APMI monthly report Jun 2026,
ArthAlpha Machine Learning (Equity) Quant,ArthAlpha LLP,,62.00,50,0.12,13.49,5.18,0.36,,,,,5.70,,,,2026-06-30,APMI monthly report Jun 2026,
AXIS SECURITIES ALPHASENSE AI,Axis Securities Ltd,,3.74,50,0.11,6.87,-3.92,-6.84,-8.05,,,,4.50,,,,2026-06-30,APMI monthly report Jun 2026,
Avendus Margin Of Safety,Avendus Investment Managers Private Limited,,315.07,50,0.08,8.50,-5.68,-9.04,,,,,-3.19,,,,2026-06-30,APMI monthly report Jun 2026,
WILLOW LONG TERM VALUE STRATEGY,Willow Advisors Llp,,295.07,50,0.07,11.63,-4.65,-4.76,-2.05,5.96,10.51,6.22,8.48,,,,2026-06-30,APMI monthly report Jun 2026,
Vireya - Growth Anchors,Vireya Capital Management LLP,,9.35,50,0.06,,,,,,,,0.01,,,,2026-06-30,APMI monthly report Jun 2026,
SELECT SECTOR PORTFOLIO,Aditya Birla Sun Life Amc Limited,,587.94,50,0.05,20.39,9.69,6.43,13.43,26.26,26.59,19.86,17.25,,,,2026-06-30,APMI monthly report Jun 2026,
CENTRUM DEEP VALUE MULTIBAGGER PORTFOLIO,Centrum Investment Advisers Limited,,103.81,50,0.04,22.71,-0.52,,,,,,1.21,,,,2026-06-30,APMI monthly report Jun 2026,
Vivekam Large Cap Growth Plus,VIVEKAM FINANCIAL SERVICES PRIVATE LIMITED,,8.08,50,0.04,16.15,3.00,,,,,,4.91,,,,2026-06-30,APMI monthly report Jun 2026,
KRIIS COMPOUNDERS PORTFOLIO STRATEGY,KRIIS PORTFOLIO PRIVATE LIMITED,,,50,0.00,0.00,0.00,0.00,7.99,25.00,,,27.69,,,,2026-06-30,APMI monthly report Jun 2026,
Microsec Wealth Management Ltd.,Microsec Wealth Management Limited,,,50,0.00,0.00,0.00,0.00,-0.34,11.54,14.84,10.13,12.52,,,,2026-06-30,APMI monthly report Jun 2026,
ValPro Conserve (C) PMS,Value Prolific Investments & Consulting Private Limited,,,50,0.00,0.00,0.00,-4.66,-1.52,10.38,11.69,6.16,5.90,,,,2026-06-30,APMI monthly report Jun 2026,
PMS MOPE I,MO Alternate Investment Advisors Private Limited,,220.79,50,0.00,0.00,4.48,11.34,11.16,10.82,7.43,6.79,4.49,,,,2026-06-30,APMI monthly report Jun 2026,
SilverArch India Mid & Small Cap Equity Portfolio,Silverarch Investment Advisers Private Limited,,,50,0.00,0.00,0.00,0.00,0.16,18.39,22.41,15.43,11.28,,,,2026-06-30,APMI monthly report Jun 2026,
Trend Following -Large Cap,Marathontrends Advisory Pvt Ltd,,,50,0.00,0.00,0.00,0.00,,,,,-5.71,,,,2026-06-30,APMI monthly report Jun 2026,
Ventura Micro Cap Thematic Portfolio Management Scheme,Ventura Securities Limited,,,50,0.00,0.00,0.00,0.00,0.00,0.00,,,0.00,,,,2026-06-30,APMI monthly report Jun 2026,
IME Bespoke Wealth,Valcreate Investment Managers LLP,,,50,0.00,0.00,0.00,0.00,0.00,0.00,,,0.00,,,,2026-06-30,APMI monthly report Jun 2026,
IME Concentrated Microtrends,Valcreate Investment Managers LLP,,,50,0.00,0.00,0.00,0.00,0.00,0.00,,,0.00,,,,2026-06-30,APMI monthly report Jun 2026,
IME Digital Disruption,Valcreate Investment Managers LLP,,,50,0.00,0.00,0.00,0.00,0.00,0.00,,,0.00,,,,2026-06-30,APMI monthly report Jun 2026,
IME Equity Bespoke,Valcreate Investment Managers LLP,,,50,0.00,0.00,0.00,0.00,0.00,0.00,,,0.00,,,,2026-06-30,APMI monthly report Jun 2026,
QODE FUTURE HORIZONS,Qode Advisors LLP,,,50,0.00,17.15,12.10,0.55,,,,,-6.42,,,,2026-06-30,APMI monthly report Jun 2026,
Discover Value Strategy,Motilal Oswal Asset Management Company Limited - Portfolio Managers,,,50,0.00,0.00,0.00,0.00,0.00,0.00,0.00,0.00,0.00,,,,2026-06-30,APMI monthly report Jun 2026,
Deep Value Strategy,Motilal Oswal Asset Management Company Limited - Portfolio Managers,,,50,0.00,0.00,0.00,0.00,0.00,0.00,0.00,0.00,0.00,,,,2026-06-30,APMI monthly report Jun 2026,
Focused (Series V) A Contra Strategy,Motilal Oswal Asset Management Company Limited - Portfolio Managers,,,50,0.00,0.00,0.00,0.00,0.00,0.00,0.00,0.00,0.00,,,,2026-06-30,APMI monthly report Jun 2026,
India Invest Opportunity Portfolio Strategy,Motilal Oswal Asset Management Company Limited - Portfolio Managers,,,50,0.00,0.00,0.00,0.00,0.00,0.00,0.00,0.00,0.00,,,,2026-06-30,APMI monthly report Jun 2026,
India Invest Opportunity Portfolio Strategy V2,Motilal Oswal Asset Management Company Limited - Portfolio Managers,,,50,0.00,0.00,0.00,0.00,0.00,0.00,0.00,0.00,0.00,,,,2026-06-30,APMI monthly report Jun 2026,
India Opportunity Portfolio Strategy,Motilal Oswal Asset Management Company Limited - Portfolio Managers,,,50,0.00,0.00,0.00,0.00,0.00,0.00,0.00,0.00,0.00,,,,2026-06-30,APMI monthly report Jun 2026,
India Opportunity Portfolio Strategy - V2,Motilal Oswal Asset Management Company Limited - Portfolio Managers,,,50,0.00,0.00,0.00,0.00,0.00,0.00,0.00,0.00,0.00,,,,2026-06-30,APMI monthly report Jun 2026,
Large Cap Growth Strategy,Motilal Oswal Asset Management Company Limited - Portfolio Managers,,,50,0.00,0.00,0.00,0.00,0.00,0.00,0.00,0.00,0.00,,,,2026-06-30,APMI monthly report Jun 2026,
Motilal Oswal 25-for-25 Strategy,Motilal Oswal Asset Management Company Limited - Portfolio Managers,,,50,0.00,0.00,0.00,0.00,0.00,0.00,0.00,0.00,0.00,,,,2026-06-30,APMI monthly report Jun 2026,
Motilal Oswal All cap Growth Strategy,Motilal Oswal Asset Management Company Limited - Portfolio Managers,,,50,0.00,0.00,0.00,0.00,0.00,0.00,0.00,0.00,0.00,,,,2026-06-30,APMI monthly report Jun 2026,
Motilal Oswal Business Opportunities Portfolio Strategy,Motilal Oswal Asset Management Company Limited - Portfolio Managers,,,50,0.00,0.00,0.00,0.00,0.00,0.00,0.00,0.00,0.00,,,,2026-06-30,APMI monthly report Jun 2026,
Motilal Oswal Emerging Business Strategy,Motilal Oswal Asset Management Company Limited - Portfolio Managers,,,50,0.00,0.00,0.00,0.00,0.00,0.00,0.00,0.00,0.00,,,,2026-06-30,APMI monthly report Jun 2026,
Motilal Oswal Emerging Stars Portfolio,Motilal Oswal Asset Management Company Limited - Portfolio Managers,,,50,0.00,0.00,0.00,0.00,0.00,,,,0.00,,,,2026-06-30,APMI monthly report Jun 2026,
Motilal Oswal Hockey Stick Small Cap Portfolio,Motilal Oswal Asset Management Company Limited - Portfolio Managers,,,50,0.00,0.00,0.00,0.00,0.00,,,,0.00,,,,2026-06-30,APMI monthly report Jun 2026,
Motilal Oswal Hockey Stick Mid Cap Portfolio,Motilal Oswal Asset Management Company Limited - Portfolio Managers,,,50,0.00,0.00,0.00,0.00,0.00,,,,0.00,,,,2026-06-30,APMI monthly report Jun 2026,
Motilal Oswal Hockey Stick Mini Cap Portfolio,Motilal Oswal Asset Management Company Limited - Portfolio Managers,,,50,0.00,0.00,0.00,0.00,,,,,0.00,,,,2026-06-30,APMI monthly report Jun 2026,
Motilal Oswal Hockey Stick Micro Cap Portfolio,Motilal Oswal Asset Management Company Limited - Portfolio Managers,,,50,0.00,0.00,0.00,0.00,,,,,0.00,,,,2026-06-30,APMI monthly report Jun 2026,
Motilal Oswal Multicap Opportunities Strategy,Motilal Oswal Asset Management Company Limited - Portfolio Managers,,,50,0.00,0.00,0.00,0.00,0.00,0.00,0.00,0.00,0.00,,,,2026-06-30,APMI monthly report Jun 2026,
Motilal Oswal Mid and Smallcap Opportunities Strategy,Motilal Oswal Asset Management Company Limited - Portfolio Managers,,,50,0.00,0.00,0.00,0.00,0.00,0.00,0.00,0.00,0.00,,,,2026-06-30,APMI monthly report Jun 2026,
PLUS strategy,Motilal Oswal Asset Management Company Limited - Portfolio Managers,,,50,0.00,0.00,0.00,0.00,0.00,0.00,0.00,0.00,0.00,,,,2026-06-30,APMI monthly report Jun 2026,
CA MFM Large cap,Pioneer Client Associates Pvt Ltd,,,50,0.00,0.00,0.00,-22.75,-10.13,-4.08,1.76,,-0.91,,,,2026-06-30,APMI monthly report Jun 2026,
CA MFM MID CAP,Pioneer Client Associates Pvt Ltd,,,50,0.00,0.00,0.00,-53.48,-30.92,-16.78,-7.54,,-10.17,,,,2026-06-30,APMI monthly report Jun 2026,
OAKS Co-investment Portfolio,Oaks Asset Management Private Limited,,76.82,50,0.00,-0.50,-0.92,-1.86,1.92,0.76,0.33,,0.33,,,,2026-06-30,APMI monthly report Jun 2026,
Structure Product Series 3 (Hero Electric),Oaks Asset Management Private Limited,,,50,0.00,0.00,0.00,0.00,0.00,0.00,0.00,0.00,0.00,,,,2026-06-30,APMI monthly report Jun 2026,
FINDOC Equity Fund,Findoc Investmart Private Limited,,0.41,50,0.00,21.34,-6.72,-22.96,,,,,-14.42,,,,2026-06-30,APMI monthly report Jun 2026,
Findoc Large cap fund,Findoc Investmart Private Limited,,,50,0.00,11.39,,,,,,,1.06,,,,2026-06-30,APMI monthly report Jun 2026,
Findoc Emerging Midcap and Small Cap Fund,Findoc Investmart Private Limited,,,50,0.00,18.52,,,,,,,10.97,,,,2026-06-30,APMI monthly report Jun 2026,
STRUCTERED PRODUCT SERIES VIII,Bay Capital Investment Advisors Pvt. Ltd.,,1.87,50,0.00,0.00,0.00,0.55,0.28,0.82,0.61,0.49,0.08,,,,2026-06-30,APMI monthly report Jun 2026,
CENTRUM DEEP VALUE IV NRI.,Centrum Investment Advisers Limited,,,50,0.00,0.00,0.00,0.00,0.00,0.00,0.00,0.00,0.00,,,,2026-06-30,APMI monthly report Jun 2026,
ALPHA MUTUAL F-of-F,Reliance Wealth Management Limited,,,50,0.00,0.00,0.00,0.00,0.00,4.30,7.73,5.87,12.34,,,,2026-06-30,APMI monthly report Jun 2026,
EMERGING BUSINESS OPPORTUNITY PORTFOLIO - 1,Reliance Wealth Management Limited,,,50,0.00,0.00,0.00,0.00,0.00,0.00,6.74,5.32,5.33,,,,2026-06-30,APMI monthly report Jun 2026,
MINT,Reliance Wealth Management Limited,,,50,0.00,0.00,0.00,-3.89,1.96,13.09,16.61,12.12,16.94,,,,2026-06-30,APMI monthly report Jun 2026,
AXIS SECURITIES PURE LIQUID K,Axis Securities Ltd,,,50,0.00,0.94,2.07,4.72,5.88,,,,5.82,,,,2026-06-30,APMI monthly report Jun 2026,
AXIS SECURITIES MF MAXIMIZER EQUITY,Axis Securities Ltd,,,50,0.00,0.00,0.00,0.00,0.00,-51.92,-39.47,,-34.42,,,,2026-06-30,APMI monthly report Jun 2026,
ADITYA BIRLA MONEY LTD R B P RULE BASED PORTFOLIO,Aditya Birla Money Limited,,,50,0.00,0.00,0.00,0.00,0.00,0.00,,,0.00,,,,2026-06-30,APMI monthly report Jun 2026,
ICICI Prudential PMS Enterprising India Strategy Series II,ICICI Prudential Asset Management Company Ltd,,,50,0.00,0.00,0.00,0.00,-5.75,11.95,17.47,15.73,11.88,,,,2026-06-30,APMI monthly report Jun 2026,
Concentrated Portfolio Approach,Swyom Advisors Limited,,,50,0.00,0.00,-0.43,-6.21,,,,,-2.18,,,,2026-06-30,APMI monthly report Jun 2026,
dezerv. Momentum Strategy,Dezerv Investments Private Limited,,,50,0.00,0.00,0.00,-2.61,,,,,-13.06,,,,2026-06-30,APMI monthly report Jun 2026,
Arthya Multicap Portfolio,Arthya Wealth And Investments Private Limited,,,50,0.00,0.00,0.00,0.00,0.00,0.00,0.00,,0.00,,,,2026-06-30,APMI monthly report Jun 2026,
Arthya Opportunities Portfolio,Arthya Wealth And Investments Private Limited,,,50,0.00,0.00,0.00,0.00,0.00,0.00,0.00,,0.00,,,,2026-06-30,APMI monthly report Jun 2026,
Arthya ALL-STAR Multi-Cap Shariah Portfolio,Arthya Wealth And Investments Private Limited,,,50,0.00,0.00,0.00,0.00,0.00,0.00,0.00,,0.00,,,,2026-06-30,APMI monthly report Jun 2026,
Arthya Leaders Portfolio,Arthya Wealth And Investments Private Limited,,,50,0.00,0.00,0.00,0.00,0.00,,,,0.00,,,,2026-06-30,APMI monthly report Jun 2026,
Arthya Emerging Stars Portfolio,Arthya Wealth And Investments Private Limited,,,50,0.00,0.00,0.00,0.00,0.00,,,,0.00,,,,2026-06-30,APMI monthly report Jun 2026,
ARTHYA Core Portfolio,Arthya Wealth And Investments Private Limited,,,50,0.00,0.00,0.00,0.00,0.00,,,,0.00,,,,2026-06-30,APMI monthly report Jun 2026,
NAFA Pharma Portfolio,Nafa Asset Managers Private Limited,,,50,0.00,0.00,0.00,0.00,0.00,0.00,-2.55,-7.69,-0.95,,,,2026-06-30,APMI monthly report Jun 2026,
Custom Portfolio 7,Capitalmind Financial Services Private Limited,,0.41,50,0.00,0.00,0.00,0.00,0.00,0.00,0.00,0.00,0.00,,,,2026-06-30,APMI monthly report Jun 2026,
Bonanza Prima Fund-Moderate,Bonanza Portfolio Limited,,,50,0.00,0.00,0.00,0.00,0.00,,,,0.00,,,,2026-06-30,APMI monthly report Jun 2026,
Abakkus All Cap Approach 2,Abakkus Asset Manager Private Limited,,,50,0.00,0.00,0.00,0.00,0.00,,,,0.00,,,,2026-06-30,APMI monthly report Jun 2026,
Abakkus Emerging Opportunities Approach 2,Abakkus Asset Manager Private Limited,,,50,0.00,0.00,0.00,0.00,0.00,,,,0.00,,,,2026-06-30,APMI monthly report Jun 2026,
All Cap (ESG) Approach,Abakkus Asset Manager Private Limited,,,50,0.00,0.00,0.00,0.00,0.00,0.00,0.00,,0.00,,,,2026-06-30,APMI monthly report Jun 2026,
ISEC Aggressive Portfolio,ICICI Securities Limited,,,50,0.00,16.87,4.26,1.62,-2.68,14.15,16.12,12.46,13.31,,,,2026-06-30,APMI monthly report Jun 2026,
Maxiom PMS - TOPAZ Flexicap Focused Quality-Growth,MAXIOM ASSET MANAGEMENT PRIVATE LIMITED,,0.53,50,0.00,0.00,0.00,0.00,0.00,0.00,,,0.00,,,,2026-06-30,APMI monthly report Jun 2026,
RHPMPL DYNAMIC QUANT PORTFOLIO,Right Horizons Portfolio Management Pvt Ltd,,,50,0.00,0.00,,,,,,,0.00,,,,2026-06-30,APMI monthly report Jun 2026,
MONEYCOMB,Moneybee Securities Pvt Ltd,,,50,0.00,0.00,0.00,0.00,0.00,0.00,0.00,0.00,0.00,,,,2026-06-30,APMI monthly report Jun 2026,
Sanctum FinEdge,Sanctum Wealth Private Limited,,,50,0.00,0.00,0.00,0.00,0.00,1.27,8.43,,3.14,,,,2026-06-30,APMI monthly report Jun 2026,
ASK HIGH CONVICTION PORTFOLIO,ASK Investment Managers Limited,,,50,0.00,0.00,-3.69,-10.35,-4.06,6.42,10.10,5.37,9.32,,,,2026-06-30,APMI monthly report Jun 2026,
ASK INDIA VISION PORTFOLIO STP,ASK Investment Managers Limited,,,50,0.00,0.00,0.00,-4.12,-4.61,4.64,8.12,5.13,9.82,,,,2026-06-30,APMI monthly report Jun 2026,
Wright Factor Fund Hedged,Wryght Research And Capital Private Limited,,,50,0.00,0.00,-0.23,-1.25,-3.05,,,,9.11,,,,2026-06-30,APMI monthly report Jun 2026,
Prudent Growth Opportunities,KAPM Ventures LLP,,,50,0.00,0.00,0.00,0.00,0.00,,,,0.00,,,,2026-06-30,APMI monthly report Jun 2026,
TAMOHARA FAMILY OFFICE SERIES VI,Tamohara Investment Managers Pvt Ltd,,,50,0.00,0.00,0.00,0.00,-9.56,-1.19,5.31,2.92,2.16,,,,2026-06-30,APMI monthly report Jun 2026,
Aggressive Leaders,Moat Financial Services Private Limited,,,50,0.00,0.00,0.00,0.00,0.00,0.00,0.00,0.00,0.00,,,,2026-06-30,APMI monthly report Jun 2026,
Conservative Growth,Moat Financial Services Private Limited,,,50,0.00,0.00,0.00,0.00,0.00,0.00,0.00,,0.00,,,,2026-06-30,APMI monthly report Jun 2026,
Deep Value Portfolio,Nippon Life India Asset Management Ltd,,,50,0.00,0.00,0.00,0.00,0.00,0.00,0.00,0.57,3.22,,,,2026-06-30,APMI monthly report Jun 2026,
Emerging Sector Opportunity Portfolio,Nippon Life India Asset Management Ltd,,,50,0.00,0.00,4.19,4.19,2.07,1.38,39.54,29.92,10.99,,,,2026-06-30,APMI monthly report Jun 2026,
PATERSON ADVANTAGE,PATERSON SECURITIES PRIVATE LIMITED,,,50,0.00,-33.82,-44.55,-44.99,0.00,,,,0.49,,,,2026-06-30,APMI monthly report Jun 2026,
NUCLEUS INDIA EQUITY STRATEGY,Waterfield Financial And Investment Advisors Private Limited,,2.03,50,0.00,,,,,,,,1.77,,,,2026-06-30,APMI monthly report Jun 2026,
Neo Club - Equity Advantage Product,Neo Asset Management Private Limited,,,50,0.00,0.00,0.00,0.00,0.00,0.00,,,0.00,,,,2026-06-30,APMI monthly report Jun 2026,
Neo Club - Multi Asset Investment Product,Neo Asset Management Private Limited,Hybrid,,50,0.00,0.00,0.00,0.00,0.00,0.00,,,0.00,,,,2026-06-30,APMI monthly report Jun 2026,
Special Opportunity Strategy,Guardian Advisors Private Limited,,,50,0.00,-15.29,-14.25,-9.32,-15.06,-3.31,-0.47,-0.49,18.79,,,,2026-06-30,APMI monthly report Jun 2026,
WhiteOak Capital Bharat 100 Portfolio Approach,Whiteoak Capital Asset Management Limited,,,50,0.00,0.00,0.00,0.00,0.00,,,,0.00,,,,2026-06-30,APMI monthly report Jun 2026,
WhiteOak Capital Emerging Leaders Portfolio Approach,Whiteoak Capital Asset Management Limited,,,50,0.00,0.00,0.00,0.00,0.00,0.00,,,0.00,,,,2026-06-30,APMI monthly report Jun 2026,
WhiteOak Capital Family-Owned Family Managed Portfolio (FOFM) Approach,Whiteoak Capital Asset Management Limited,,,50,0.00,0.00,0.00,0.00,0.00,0.00,,,0.00,,,,2026-06-30,APMI monthly report Jun 2026,
WhiteOak Capital Select Stocks Portfolio Approach,Whiteoak Capital Asset Management Limited,,,50,0.00,0.00,0.00,0.00,0.00,,,,0.00,,,,2026-06-30,APMI monthly report Jun 2026,
Banyan Leaders Portfolio,Banyan Capital Advisors Llp,,,50,0.00,14.98,-3.76,3.57,6.48,,,,10.58,,,,2026-06-30,APMI monthly report Jun 2026,
Phillip Multi Asset Portfolio,Phillipcapital (India) Pvt Ltd,Hybrid,,50,0.00,0.00,0.00,0.00,0.00,0.00,,,0.00,,,,2026-06-30,APMI monthly report Jun 2026,
ABSL Next 100 Portfolio NR,Aditya Birla Sun Life Amc Limited,,,50,0.00,0.00,0.00,0.00,0.00,0.77,4.87,1.59,6.62,,,,2026-06-30,APMI monthly report Jun 2026,
PRAJANA EDGE,Prajana Advisors Private Limited,,0.74,50,0.00,0.00,0.00,,,,,,6.05,,,,2026-06-30,APMI monthly report Jun 2026,
PRAJANA HIGH CONVICTION,Prajana Advisors Private Limited,,11.76,50,0.00,0.00,0.00,,,,,,6.37,,,,2026-06-30,APMI monthly report Jun 2026,
Business Leader,Jain Investment Advisors Pvt Ltd,,30.61,50,0.00,15.39,-0.93,-3.42,3.11,11.01,,,11.79,,,,2026-06-30,APMI monthly report Jun 2026,
SPARK INDIA@75 FLEXICAP STRATEGY,Spark Asia Impact Managers Private Limited,,463.66,50,-0.03,6.54,-5.51,-4.15,0.40,14.78,18.71,14.37,15.21,,,,2026-06-30,APMI monthly report Jun 2026,
ASK LIFE PORTFOLIO,ASK Investment Managers Limited,,64.38,50,-0.03,4.62,-11.58,-10.12,-6.57,1.07,5.17,2.23,12.93,,,,2026-06-30,APMI monthly report Jun 2026,
AXIS SECURITIES RETIREMENT,Axis Securities Ltd,,2.29,50,-0.04,3.76,-8.95,-8.97,-3.48,7.95,8.37,,6.54,,,,2026-06-30,APMI monthly report Jun 2026,
Vacreate Bespoke strategy,Valcreate Investment Managers LLP,,1.59,50,-0.08,3.59,6.89,8.67,9.43,7.69,,,7.80,,,,2026-06-30,APMI monthly report Jun 2026,
Scient Smart Beta PMS,Scient Capital Pvt Ltd,,3.46,50,-0.08,-0.25,-0.48,-1.23,-5.60,-7.18,,,-0.10,,,,2026-06-30,APMI monthly report Jun 2026,
Q India Value Equity Strategy,Quantum Advisors Private Limited,,212.90,50,-0.08,7.99,-7.59,-7.08,-1.18,11.21,13.81,10.40,14.94,,,,2026-06-30,APMI monthly report Jun 2026,
Aggressive Long Term Capital Appreciation,Dalal & Broacha Stock Broking Pvt. Ltd.,,207.70,50,-0.09,28.78,28.23,35.95,16.71,27.82,34.68,23.55,21.08,,,,2026-06-30,APMI monthly report Jun 2026,
Q India Ethical Returns Strategy,Quantum Advisors Private Limited,,0.97,50,-0.09,12.26,-2.28,-5.14,,,,,-2.88,,,,2026-06-30,APMI monthly report Jun 2026,
Ambit Build India Portfolio - STP,Ambit Wealth Private Limited,,,50,-0.13,0.33,-8.22,-13.96,,,,,-11.75,,,,2026-06-30,APMI monthly report Jun 2026,
EDGE,LGT Wealth India Private Limited,,4.55,50,-0.13,14.17,-0.47,-3.33,-3.44,,,,-1.98,,,,2026-06-30,APMI monthly report Jun 2026,
WEALTH FLEXI FUND,Way2Wealth Brokers Private Limited,,3.82,50,-0.14,0.92,5.73,6.56,6.44,9.50,9.42,6.47,8.68,,,,2026-06-30,APMI monthly report Jun 2026,
ASK SPECIAL OPPORTUNITIES PORTFOLIO,ASK Investment Managers Limited,,43.79,50,-0.14,5.47,-10.38,-9.39,,,,,-6.12,,,,2026-06-30,APMI monthly report Jun 2026,
Health Care,Allegro Securities Pvt Ltd,,12.60,50,-0.15,17.21,-0.81,-4.85,7.13,9.52,12.30,9.30,13.63,,,,2026-06-30,APMI monthly report Jun 2026,
BADJATE GROWTH FUND,Badjate Wealth Private Limited,,27.14,50,-0.17,15.10,7.58,1.83,,,,,6.54,,,,2026-06-30,APMI monthly report Jun 2026,
Chatur Amrit Kaal Fund,Drchoksey Finserv Private Limited,,105.81,50,-0.19,12.95,,,,,,,1.32,,,,2026-06-30,APMI monthly report Jun 2026,
IONIC PIPE STRATEGY,Angel One Investment Managers & Advisors Private Limited,,45.45,50,-0.19,12.69,-5.98,-5.09,,,,,-0.04,,,,2026-06-30,APMI monthly report Jun 2026,
Unicorn Focused 20 Portfolio,UNICORN INVESTMENT MANAGERS LLP,,0.75,50,-0.21,9.57,-6.18,-2.37,,,,,-1.34,,,,2026-06-30,APMI monthly report Jun 2026,
ASK LIGHTHOUSE PORTFOLIO,ASK Investment Managers Limited,,500.54,50,-0.21,10.49,-1.81,-5.33,-8.28,,,,6.58,,,,2026-06-30,APMI monthly report Jun 2026,
MAS Prime,Moneylife Advisory Services Pvt Ltd,,124.90,50,-0.22,29.62,18.26,11.24,9.17,24.10,23.62,16.01,17.29,,,,2026-06-30,APMI monthly report Jun 2026,
Alder Capital- B2C Growth,Alder Capital Advisors Llp,,33.58,50,-0.23,3.93,0.61,14.09,13.06,13.77,15.88,7.66,12.99,,,,2026-06-30,APMI monthly report Jun 2026,
Q India Value Equity Strategy - Constrained XVII,Quantum Advisors Private Limited,,8.81,50,-0.24,6.51,-6.49,-6.07,,,,,-0.42,,,,2026-06-30,APMI monthly report Jun 2026,
BMC HIDDEN OPPORTUNITIES FUND,BMC Advisors Private Limited,,9.99,50,-0.25,21.23,-13.17,-29.46,,,,,-26.73,,,,2026-06-30,APMI monthly report Jun 2026,
Growth Mantra Fund,Turtle Wealth Management Pvt. Ltd.,,166.26,50,-0.25,11.36,9.73,25.18,5.50,20.37,17.91,10.54,15.22,,,,2026-06-30,APMI monthly report Jun 2026,
QODE TACTICAL FUND,Qode Advisors LLP,,37.55,50,-0.27,8.22,15.32,12.76,,,,,16.73,,,,2026-06-30,APMI monthly report Jun 2026,
ABSL Next 100 Portfolio,Aditya Birla Sun Life Amc Limited,,7.61,50,-0.27,12.92,-2.29,-2.10,0.60,11.87,13.91,8.80,11.44,,,,2026-06-30,APMI monthly report Jun 2026,
ABSL NEXT 100 PORTFOLIO STP,Aditya Birla Sun Life Amc Limited,,26.20,50,-0.27,12.92,-2.22,-1.69,0.85,12.03,14.01,8.88,11.91,,,,2026-06-30,APMI monthly report Jun 2026,
Value for Growth,Magadh Capital Advisors Llp,,27.44,50,-0.28,9.82,-4.91,-4.13,0.98,15.16,20.52,,12.45,,,,2026-06-30,APMI monthly report Jun 2026,
Wallfort Avenue Fund,Wallfort Fund Management Llp,,146.40,50,-0.29,11.64,1.67,18.36,11.12,27.07,28.23,,24.38,,,,2026-06-30,APMI monthly report Jun 2026,
Ametra FactorAlpha PMS,Ametra Investment Managers Private Limited,,20.79,50,-0.29,6.67,-1.25,-2.94,,,,,-7.96,,,,2026-06-30,APMI monthly report Jun 2026,
Lomg Alpha,Estee Advisors Private Limited,,55.50,50,-0.30,10.98,-1.76,-4.42,-1.84,17.84,20.10,14.73,17.33,,,,2026-06-30,APMI monthly report Jun 2026,
Credent Asset Management Services Pvt Ltd,Credent Asset Management Services Private Limited,,9.58,50,-0.30,20.30,4.38,-1.81,3.80,11.70,9.66,8.86,3.68,,,,2026-06-30,APMI monthly report Jun 2026,
GROWTHFINITI FACTORS,Growthfiniti Wealth Pvt Ltd,,0.50,50,-0.31,13.20,-0.58,,,,,,-0.42,,,,2026-06-30,APMI monthly report Jun 2026,
Tata PMS ACT Investment Approach,Tata Asset Management Private Limited,,1.31,50,-0.31,7.60,-2.83,-7.02,-2.03,7.38,12.63,9.81,11.57,,,,2026-06-30,APMI monthly report Jun 2026,
Active Index Portfolio,ICICI Securities Limited,,87.97,50,-0.32,5.81,-8.26,-6.95,-3.41,10.59,14.74,10.62,11.38,,,,2026-06-30,APMI monthly report Jun 2026,
NAFA WEALTH BUILDER PORTFOLIO,Nafa Asset Managers Private Limited,,13.78,50,-0.34,9.05,-3.71,-7.53,-5.56,4.83,10.16,9.04,8.92,,,,2026-06-30,APMI monthly report Jun 2026,
Bay Capital PBH,Bay Capital Investment Advisors Pvt. Ltd.,,83.83,50,-0.35,-0.34,-0.67,,,,,,-1.02,,,,2026-06-30,APMI monthly report Jun 2026,
Large & Emerging Alpha Portfolio Strategy,Shriram Asset Management Company Limited,,0.29,50,-0.35,8.44,-1.82,7.25,,,,,12.54,,,,2026-06-30,APMI monthly report Jun 2026,
Q India Value Equity Strategy - Constrained XIX,Quantum Advisors Private Limited,,654.71,50,-0.37,8.67,-6.78,-5.72,,,,,-0.13,,,,2026-06-30,APMI monthly report Jun 2026,
Alpha Multi Asset.,Cosmea Portfolio Management Private Limited,Hybrid,1.93,50,-0.38,8.36,-14.81,0.00,-9.37,,,,-5.01,,,,2026-06-30,APMI monthly report Jun 2026,
Q India Value Equity Strategy - Constrained XVIII,Quantum Advisors Private Limited,,100.77,50,-0.38,8.59,-6.44,-4.97,,,,,-2.75,,,,2026-06-30,APMI monthly report Jun 2026,
Motilal Oswal Multifactor Equity Strategy,Motilal Oswal Asset Management Company Limited - Portfolio Managers,,59.09,50,-0.41,7.69,-3.32,-2.42,-3.03,17.32,16.63,12.40,13.19,,,,2026-06-30,APMI monthly report Jun 2026,
ICICI Prudential PMS Infrastructure Strategy,ICICI Prudential Asset Management Company Ltd,,73.30,50,-0.42,16.32,8.77,15.63,9.37,28.27,33.34,27.16,16.06,,,,2026-06-30,APMI monthly report Jun 2026,
Hanut Fundamental Quant,Hanut Alternate Investments Llp,,40.25,50,-0.46,23.17,7.76,5.97,9.00,20.77,20.36,13.58,18.41,,,,2026-06-30,APMI monthly report Jun 2026,
Structure Product Series 5 (InCred-2),Oaks Asset Management Private Limited,,19.39,50,-0.48,-0.48,-0.95,-1.90,-1.90,-1.89,-2.03,-2.00,-1.92,,,,2026-06-30,APMI monthly report Jun 2026,
Structured Product Series 6(SHR Lifestyle),Oaks Asset Management Private Limited,,16.37,50,-0.50,-0.50,-0.98,-1.96,18.40,11.62,-1.01,-1.20,-1.19,,,,2026-06-30,APMI monthly report Jun 2026,
Structured Product Series 2 (Incred),Oaks Asset Management Private Limited,,47.33,50,-0.51,-0.51,-1.01,16.78,6.98,3.90,2.36,1.46,0.06,,,,2026-06-30,APMI monthly report Jun 2026,
Structured Product Series 4 (Foodlink),Oaks Asset Management Private Limited,,25.53,50,-0.51,-0.49,-0.96,-1.92,-1.89,-1.86,-1.83,-5.46,-3.63,,,,2026-06-30,APMI monthly report Jun 2026,
The Alpha Capital Pledge (TAP),Oaks Asset Management Private Limited,,84.96,50,-0.51,-0.50,-0.93,0.06,-9.44,-6.94,-7.62,-7.20,-4.19,,,,2026-06-30,APMI monthly report Jun 2026,
STRUCTURED PRODUCT SERIES IX,Bay Capital Investment Advisors Pvt. Ltd.,,1.32,50,-0.51,-0.51,-1.02,-2.05,-2.05,-2.05,-2.05,-2.04,-1.59,,,,2026-06-30,APMI monthly report Jun 2026,
Ambit Maximus Smart Factor Portfolio,Ambit Wealth Private Limited,,14.53,50,-0.54,11.43,-0.36,0.65,,,,,-3.09,,,,2026-06-30,APMI monthly report Jun 2026,
Ambit Maximus Smart Factor Portfolio - STP,Ambit Wealth Private Limited,,5.83,50,-0.55,11.12,-0.30,0.62,,,,,-4.32,,,,2026-06-30,APMI monthly report Jun 2026,
INDIA LARGE CAP QUANT EQUITY PORTFOLIO,Aditya Birla Sun Life Amc Limited,,0.32,50,-0.55,4.72,-8.56,-6.24,-2.11,5.99,9.40,6.57,11.51,,,,2026-06-30,APMI monthly report Jun 2026,
PGIM INDIA CORE EQUITY PORTFOLIO,PGIM India Asset Management Private Limited,,104.00,50,-0.56,10.39,0.81,-2.70,0.16,6.85,12.45,11.48,13.85,,,,2026-06-30,APMI monthly report Jun 2026,
I-Sec Multifactor Portfolio,ICICI Securities Limited,,78.41,50,-0.56,8.89,-5.51,-3.92,-3.21,11.23,,,12.40,,,,2026-06-30,APMI monthly report Jun 2026,
ASK CORE PORTFOLIO,ASK Investment Managers Limited,,135.95,50,-0.56,4.94,-11.06,,,,,,-5.91,,,,2026-06-30,APMI monthly report Jun 2026,
Ionic Allocate Portfolio-Equity,Angel One Investment Managers & Advisors Private Limited,,55.71,50,-0.58,12.25,2.48,7.70,,,,,10.42,,,,2026-06-30,APMI monthly report Jun 2026,
Maxiom PMS - SAPPHIRE - Factor Based,MAXIOM ASSET MANAGEMENT PRIVATE LIMITED,,0.97,50,-0.59,0.00,0.00,0.00,,,,,0.72,,,,2026-06-30,APMI monthly report Jun 2026,
WEALTH OPTIMISER AGGRESIVE GROWTH AXIS,Way2Wealth Brokers Private Limited,,0.68,50,-0.61,0.91,-15.12,-15.28,-7.18,-0.79,5.80,4.12,12.37,,,,2026-06-30,APMI monthly report Jun 2026,
Lighthouse Canton Sectoral Shift Strategy,LC Capital India Private Limited,,22.60,50,-0.61,12.86,-1.36,,,,,,3.00,,,,2026-06-30,APMI monthly report Jun 2026,
R Wadiwala Ethical Portfolio - PMS,R. Wadiwala Securities Private Limited,,13.28,50,-0.63,9.73,-6.25,-9.86,-6.20,7.51,12.84,10.81,13.45,,,,2026-06-30,APMI monthly report Jun 2026,
Alchemy Smart Alpha Micro & Small cap,Alchemy Capital Management Pvt Ltd,,41.55,50,-0.63,17.18,2.89,2.88,-5.93,,,,6.95,,,,2026-06-30,APMI monthly report Jun 2026,
ESCORP ASSET MANAGEMENT LTD,ESCORP ASSET MANAGEMENT LIMITED,,22.64,50,-0.68,17.19,7.91,8.12,8.27,10.90,20.04,27.70,20.47,,,,2026-06-30,APMI monthly report Jun 2026,
ALPHA ALTERNATIVES FUND ADVISORS LLP PMS SYSTEMATIC EQUITY,Alpha Alternatives Fund Advisors LLP,,130.13,50,-0.70,11.09,-0.86,-11.33,-3.67,12.24,13.40,11.03,11.45,,,,2026-06-30,APMI monthly report Jun 2026,
ASK SPECIALISED PORTFOLIO,ASK Investment Managers Limited,,185.63,50,-0.71,13.30,-5.33,-7.79,-3.43,7.39,12.44,6.62,15.79,,,,2026-06-30,APMI monthly report Jun 2026,
SPARK INDIA 75 ACTIVE ALPHA STRATEGY,Spark Asia Impact Managers Private Limited,,207.88,50,-0.79,5.65,-6.37,-4.20,-1.52,,,,9.91,,,,2026-06-30,APMI monthly report Jun 2026,
Grey Sky Smart Core Portfolio,Grey Sky Capital Private Limited,,93.83,50,-0.79,19.33,29.14,,,,,,28.91,,,,2026-06-30,APMI monthly report Jun 2026,
CARNELIAN CONTRA PORTFOLIO STRATEGY,Carnelian Asset Management & Advisors Pvt Ltd,,129.00,50,-0.80,11.80,-0.26,0.23,1.22,22.21,27.53,,24.32,,,,2026-06-30,APMI monthly report Jun 2026,
ALPHA COMPOUNDERS,Cosmea Portfolio Management Private Limited,,29.42,50,-0.83,9.46,-6.36,-9.48,-1.62,13.64,,,12.94,,,,2026-06-30,APMI monthly report Jun 2026,
Motilal Oswal Hockey Stick Multi Cap Portfolio,Motilal Oswal Asset Management Company Limited - Portfolio Managers,,20.10,50,-0.86,13.61,-0.18,5.84,-0.74,,,,3.87,,,,2026-06-30,APMI monthly report Jun 2026,
SRE Small Cap Momentum PMS,Sykes And Ray Equities India Limited,,,50,-0.86,5.21,-5.51,-13.55,-12.96,,,,0.65,,,,2026-06-30,APMI monthly report Jun 2026,
Pearl Portfolio,Nippon Life India Asset Management Ltd,,6.22,50,-0.89,9.67,-3.07,-3.10,-4.28,8.96,12.71,9.72,12.24,,,,2026-06-30,APMI monthly report Jun 2026,
ALL WEATHER.,Cosmea Portfolio Management Private Limited,,13.72,50,-0.92,9.80,0.16,-8.86,0.91,18.46,16.64,14.15,14.16,,,,2026-06-30,APMI monthly report Jun 2026,
MIDCAP,Atlas Integrated Finance Ltd,,3.57,50,-0.93,18.31,-1.71,-9.02,0.14,13.06,10.06,6.95,7.23,,,,2026-06-30,APMI monthly report Jun 2026,
Aqua Strategy,PL Asset Management Private Ltd,,374.32,50,-0.98,12.75,2.00,6.33,-0.41,20.40,,,19.84,,,,2026-06-30,APMI monthly report Jun 2026,
UNICORN Active Alpha India Quality Portfolio,UNICORN INVESTMENT MANAGERS LLP,,0.48,50,-1.05,9.91,-3.22,,,,,,-3.22,,,,2026-06-30,APMI monthly report Jun 2026,
Narnolia Ethical S-1,Narnolia Financial Services Limited,,0.46,50,-1.06,9.44,-7.48,-10.66,,,,,-7.34,,,,2026-06-30,APMI monthly report Jun 2026,
Alder Capital- Dynamic Growth,Alder Capital Advisors Llp,,20.45,50,-1.07,3.48,-0.65,18.38,17.02,,,,16.46,,,,2026-06-30,APMI monthly report Jun 2026,
DRChoksey Select Multiplier,Drchoksey Finserv Private Limited,,1.00,50,-1.08,9.16,-14.86,-28.96,-22.27,-9.11,-5.34,,-8.26,,,,2026-06-30,APMI monthly report Jun 2026,
ISEC Momentum Quality Dynamic Advantage Portfolio,ICICI Securities Limited,,68.99,50,-1.09,10.79,-3.98,-5.41,-5.22,14.80,16.43,,8.55,,,,2026-06-30,APMI monthly report Jun 2026,
SPARK INDIA@75 CORE AND SATELLITE STRATEGY,Spark Asia Impact Managers Private Limited,,310.83,50,-1.16,5.88,-6.64,-6.11,-2.32,13.08,17.91,13.51,17.21,,,,2026-06-30,APMI monthly report Jun 2026,
MIDCAP MAVENS,Dynamic Equities Pvt Ltd,,2.08,50,-1.18,13.57,,,,,,,3.67,,,,2026-06-30,APMI monthly report Jun 2026,
Agreya Momentum Enhancer,Agreya Capital Advisors Llp,,51.20,50,-1.19,5.23,-6.36,-8.10,-4.41,11.75,,,15.63,,,,2026-06-30,APMI monthly report Jun 2026,
ASK CONVICTION PORTFOLIO,ASK Investment Managers Limited,,159.83,50,-1.21,12.59,-5.82,-8.01,-5.22,6.53,11.01,6.86,16.30,,,,2026-06-30,APMI monthly report Jun 2026,
ABSL INDIA 200 QUANT EQUITY PORTFOLIO,Aditya Birla Sun Life Amc Limited,,30.92,50,-1.22,7.84,-1.51,-3.37,-1.26,14.02,16.89,12.06,12.92,,,,2026-06-30,APMI monthly report Jun 2026,
OAKS Tenet Portfolio (Formerly Known as ABC Equity Portfolio),Oaks Asset Management Private Limited,,136.10,50,-1.27,8.06,-0.82,1.08,-1.78,12.97,16.13,13.91,15.35,,,,2026-06-30,APMI monthly report Jun 2026,
INDEXALPHA,QED Capital Advisors LLP,,12.48,50,-1.32,1.73,-2.76,4.42,4.04,10.29,9.14,7.70,5.85,,,,2026-06-30,APMI monthly report Jun 2026,
INVASSET PRIME FUND,INVASSET LLP,,1.77,50,-1.47,19.09,9.01,2.24,,,,,13.89,,,,2026-06-30,APMI monthly report Jun 2026,
PINC Future Fund,Pioneer Wealth Management Services Limited,,6.81,50,-1.49,13.76,-2.48,-6.28,-0.94,9.22,13.86,,9.87,,,,2026-06-30,APMI monthly report Jun 2026,
KING,KYNG CAPITAL MANAGEMENT PRIVATE LIMITED,,189.32,50,-1.53,-14.78,-1.13,4.01,5.12,,,,5.98,,,,2026-06-30,APMI monthly report Jun 2026,
INCA,Buglerock Capital Private Limited,,24.46,50,-1.55,10.21,-6.61,-9.25,-0.15,,,,13.28,,,,2026-06-30,APMI monthly report Jun 2026,
Care PMS Large & Midcap,Care Portfolio Managers Private Limited,,53.67,50,-1.56,10.94,-1.90,2.75,2.18,22.10,24.47,17.30,20.54,,,,2026-06-30,APMI monthly report Jun 2026,
ASK INDIAN ENTREPRENEUR PORTFOLIO,ASK Investment Managers Limited,,6353.39,50,-1.56,5.85,-11.59,-11.07,-3.86,3.90,8.11,5.32,14.86,,,,2026-06-30,APMI monthly report Jun 2026,
ADAPT PORTFOLIO - Very Agressive,Aditya Birla Sun Life Amc Limited,,21.55,50,-1.58,5.94,-1.53,1.48,2.77,14.47,16.01,12.04,11.76,,,,2026-06-30,APMI monthly report Jun 2026,
VIVEKAM HYBRID,VIVEKAM FINANCIAL SERVICES PRIVATE LIMITED,Hybrid,2.69,50,-1.60,15.32,,,,,,,10.90,,,,2026-06-30,APMI monthly report Jun 2026,
Motilal Oswal Large Cap Momentum Strategy,Motilal Oswal Asset Management Company Limited - Portfolio Managers,,1.22,50,-1.61,6.38,-4.56,0.67,-3.28,,,,5.36,,,,2026-06-30,APMI monthly report Jun 2026,
Optimiser Portfolio,Wealth Managers (India) Pvt. Ltd.,,230.97,50,-1.61,10.76,-1.75,-4.94,-1.14,23.17,26.23,22.56,24.65,,,,2026-06-30,APMI monthly report Jun 2026,
LEAP,PL Asset Management Private Ltd,,2.11,50,-1.63,6.96,,,,,,,6.92,,,,2026-06-30,APMI monthly report Jun 2026,
Fisdom Wealth Edge,Finwizard Technology Private Limited,,148.78,50,-1.66,8.59,-1.14,6.68,,,,,7.97,,,,2026-06-30,APMI monthly report Jun 2026,
PINC Aggressive Fund,Pioneer Wealth Management Services Limited,,18.55,50,-1.69,18.97,-0.06,-6.76,,,,,-9.15,,,,2026-06-30,APMI monthly report Jun 2026,
Principal Value Strategy,Guardian Advisors Private Limited,,8.02,50,-1.71,21.33,-4.77,-10.98,-8.41,4.66,5.68,9.08,29.95,,,,2026-06-30,APMI monthly report Jun 2026,
ASK INDIAN ENTREPRENEUR PORTFOLIO STP,ASK Investment Managers Limited,,46.16,50,-1.72,5.72,-11.99,-11.62,-4.41,3.35,7.63,4.82,9.78,,,,2026-06-30,APMI monthly report Jun 2026,
CORE EQUITY,QED Capital Advisors LLP,,10.74,50,-1.87,0.17,-10.23,-4.21,-7.70,8.94,,,7.73,,,,2026-06-30,APMI monthly report Jun 2026,
BONANZA GROWTH,Bonanza Portfolio Limited,,24.69,50,-1.88,9.70,0.46,-0.33,1.26,9.80,14.55,10.18,16.33,,,,2026-06-30,APMI monthly report Jun 2026,
Motilal Oswal Hockey Stick Large Cap Portfolio,Motilal Oswal Asset Management Company Limited - Portfolio Managers,,12.38,50,-1.91,10.87,-1.67,7.15,7.45,,,,20.56,,,,2026-06-30,APMI monthly report Jun 2026,
UNICORN STAR PORTFOLIO,UNICORN INVESTMENT MANAGERS LLP,,32.90,50,-1.91,14.46,0.49,-3.32,,,,,-4.01,,,,2026-06-30,APMI monthly report Jun 2026,
DIVIDEND YIELD APPROACH,Entrust Family Office Investment Advisors Pvt Ltd,,751.37,50,-1.92,13.44,2.93,3.85,3.26,27.44,30.19,23.38,21.99,,,,2026-06-30,APMI monthly report Jun 2026,
UNICORN ETF ALPHA PORTFOLIO,UNICORN INVESTMENT MANAGERS LLP,,8.10,50,-1.94,5.74,-2.09,-3.12,,,,,-4.89,,,,2026-06-30,APMI monthly report Jun 2026,
UNICORN GRORIGHT INDIA OPPORTUNITIES PORTFOLIO,UNICORN INVESTMENT MANAGERS LLP,,1.48,50,-1.95,14.11,0.07,-5.11,,,,,0.07,,,,2026-06-30,APMI monthly report Jun 2026,
RH Alphabots India Large Cap 50,Right Horizons Portfolio Management Pvt Ltd,,1.84,50,-2.16,6.06,-5.51,-3.78,-2.63,6.05,,,8.84,,,,2026-06-30,APMI monthly report Jun 2026,
Customised Mutual Fund Portfolio (A4),Infinity Alternatives Investment Managers Private Limited,,54.02,50,-2.17,17.20,9.78,25.66,18.20,22.01,22.03,15.81,16.28,,,,2026-06-30,APMI monthly report Jun 2026,
Agreya Momentum,Agreya Capital Advisors Llp,,202.60,50,-2.18,6.20,-4.87,-6.70,-6.44,8.49,12.68,6.96,10.56,,,,2026-06-30,APMI monthly report Jun 2026,
Multi-Asset Portfolio Bespoke (A7),Infinity Alternatives Investment Managers Private Limited,,0.68,50,-2.21,17.35,9.32,23.90,,,,,19.32,,,,2026-06-30,APMI monthly report Jun 2026,
UNICORN MAX 10 PORTFOLIO,UNICORN INVESTMENT MANAGERS LLP,,0.46,50,-2.28,3.95,-5.87,-14.81,,,,,-7.35,,,,2026-06-30,APMI monthly report Jun 2026,
QODE ALL WEATHER,Qode Advisors LLP,,194.68,50,-2.30,4.64,15.43,27.86,,,,,26.47,,,,2026-06-30,APMI monthly report Jun 2026,
AlphaGrep Multi-Factor Quant Portfolio,AlphaGrep Investment Management Private Limited,,55.55,50,-2.31,7.33,-6.77,-5.85,0.24,14.43,,,13.93,,,,2026-06-30,APMI monthly report Jun 2026,
Ametra FactorCore PMS,Ametra Investment Managers Private Limited,,1.03,50,-2.35,7.48,-0.02,,,,,,11.18,,,,2026-06-30,APMI monthly report Jun 2026,
LONG HERITAGE VALUE FUND,ASHIMA CAPITAL MANAGEMENT LIMITED,,319.23,50,-2.37,5.02,6.99,9.66,,,,,19.20,,,,2026-06-30,APMI monthly report Jun 2026,
Sankhya India Portfolio,Multi-Act Equity Consultancy Private Limited,,8.62,50,-2.48,6.23,-3.39,-2.52,-1.05,10.03,11.59,9.49,12.91,,,,2026-06-30,APMI monthly report Jun 2026,
Sanctum Global Allocator,Sanctum Wealth Private Limited,,1.35,50,-2.56,13.19,16.09,36.89,25.49,20.70,18.30,9.89,13.07,,,,2026-06-30,APMI monthly report Jun 2026,
Renaissance Platinum Portfolio,Renaissance Investment Managers Private Limited,,130.60,50,-2.77,1.77,-7.98,-7.41,-6.84,14.96,18.90,13.13,16.08,,,,2026-06-30,APMI monthly report Jun 2026,
Global,Capitalmind Financial Services Private Limited,,0.92,50,-3.08,27.83,27.48,51.98,33.66,33.98,32.69,21.05,26.19,,,,2026-06-30,APMI monthly report Jun 2026,
FCI LLP Wealth Optimizer II,Fractal Capital Investments Llp,,17.97,50,-3.27,2.50,1.37,19.49,17.79,22.69,23.03,17.44,17.14,,,,2026-06-30,APMI monthly report Jun 2026,
INVASSET LEADERS FUND,INVASSET LLP,,10.53,50,-3.40,16.78,9.95,3.08,,,,,17.16,,,,2026-06-30,APMI monthly report Jun 2026,
INVASSET GROWTH FUND,INVASSET LLP,,351.11,50,-3.54,16.09,6.16,0.52,-4.95,25.20,28.58,18.35,26.77,,,,2026-06-30,APMI monthly report Jun 2026,
INDIA INFRA OPPORTUNITIES,Ithought Financial Consulting Llp,,21.68,50,-3.64,7.70,5.42,5.87,,,,,5.72,,,,2026-06-30,APMI monthly report Jun 2026,
360 ONE Open - Managed Solutions Global Equity,360 One Portfolio Managers Limited (Formerly Known As Iifl Wealth Portfolio Managers Limited),,9.45,50,-3.65,12.83,11.68,33.76,25.07,24.37,23.27,,15.72,,,,2026-06-30,APMI monthly report Jun 2026,
MULTICAP,Atlas Integrated Finance Ltd,,2.25,50,-3.72,16.79,2.71,-1.59,4.20,9.79,8.63,,5.26,,,,2026-06-30,APMI monthly report Jun 2026,
Tata PMS Enterprising India Plus Investment Approach,Tata Asset Management Private Limited,,0.67,50,-3.84,3.25,-3.91,-0.31,4.18,11.02,13.54,10.46,10.83,,,,2026-06-30,APMI monthly report Jun 2026,
Alchemy Smart Alpha 250,Alchemy Capital Management Pvt Ltd,,731.99,50,-4.07,14.52,6.36,3.28,2.59,,,,19.07,,,,2026-06-30,APMI monthly report Jun 2026,
Multicap PMS Series/1/2025,Atlas Integrated Finance Ltd,,12.30,50,-4.41,11.37,-1.25,,,,,,2.17,,,,2026-06-30,APMI monthly report Jun 2026,
Core Value Strategy,Guardian Advisors Private Limited,,10.27,50,-4.67,-21.99,-19.27,-18.93,-14.55,0.12,0.71,0.99,11.27,,,,2026-06-30,APMI monthly report Jun 2026,
57Forward Diversified Momentum Portfolio,GoldStandard Wealth Private Limited,,1.63,50,-5.60,,,,,,,,-2.93,,,,2026-06-30,APMI monthly report Jun 2026,
BONANZA PLATINUM ALPHA FUND,Bonanza Portfolio Limited,,31.23,50,-5.65,6.62,-3.45,-3.53,,,,,11.46,,,,2026-06-30,APMI monthly report Jun 2026,
360 ONE Equity Diversified,360 One Portfolio Managers Limited (Formerly Known As Iifl Wealth Portfolio Managers Limited),,0.66,50,-6.35,-0.82,-13.84,-15.34,-6.71,4.28,8.30,11.67,7.71,,,,2026-06-30,APMI monthly report Jun 2026,
Aequitas India Opportunities Product,Aequitas Investment Consultancy Private Limited,,2636.99,50,-6.37,-3.76,3.00,32.00,23.42,34.86,40.97,33.09,32.02,,,,2026-06-30,APMI monthly report Jun 2026,
Uppercrust Prosperity Fund,Moat Financial Services Private Limited,,18.59,50,-6.38,6.73,4.55,7.24,,,,,2.62,,,,2026-06-30,APMI monthly report Jun 2026,
UpperCrust Wealth Fund,Moat Financial Services Private Limited,,129.10,50,-6.57,8.74,6.24,3.28,4.26,23.61,23.47,,15.45,,,,2026-06-30,APMI monthly report Jun 2026,
Capital 8 Infinity Fund,CAPITAL 8 LLP,,169.72,50,-6.85,13.21,18.86,18.91,9.34,,,,25.06,,,,2026-06-30,APMI monthly report Jun 2026,
Alchemy High Growth,Alchemy Capital Management Pvt Ltd,,762.51,50,-7.81,9.29,0.79,5.23,-1.41,14.76,16.78,11.96,19.93,,,,2026-06-30,APMI monthly report Jun 2026,
Alchemy Select Satellite,Alchemy Capital Management Pvt Ltd,,2.77,50,-8.09,9.97,5.10,5.48,-0.32,,,,11.46,,,,2026-06-30,APMI monthly report Jun 2026,
ALCHEMY W.I.N STRATEGY,Alchemy Capital Management Pvt Ltd,,124.22,50,-8.28,10.22,5.06,5.22,-1.36,,,,14.30,,,,2026-06-30,APMI monthly report Jun 2026,
Concept Elegant,Concept Investwell Private Limited,,1.06,50,-11.25,-3.23,-20.97,-24.23,-12.79,,,,-0.10,,,,2026-06-30,APMI monthly report Jun 2026,
Customised Portfolio Approach 15,Trivantage Capital Management India Private Limited,,2.03,50,-12.63,-2.59,1.31,,,,,,48.46,,,,2026-06-30,APMI monthly report Jun 2026,
Customised Portfolio Approach 16,Trivantage Capital Management India Private Limited,,4.43,50,-12.63,-2.59,1.32,,,,,,42.91,,,,2026-06-30,APMI monthly report Jun 2026,
Customised Portfolio Approach 13,Trivantage Capital Management India Private Limited,,0.40,50,-12.82,3.49,1.06,48.90,,,,,43.61,,,,2026-06-30,APMI monthly report Jun 2026,
Customised Portfolio Approach 14,Trivantage Capital Management India Private Limited,,0.40,50,-13.36,-2.14,0.35,,,,,,84.98,,,,2026-06-30,APMI monthly report Jun 2026,
Ametra FactorShields PMS,Ametra Investment Managers Private Limited,,,50,-37.56,-37.13,-44.34,-43.28,,,,,-30.40,,,,2026-06-30,APMI monthly report Jun 2026,
ATISHAY MULTICAP APPROACH,ATISHAY STOCK BROKING PRIVATE LIMITED,,0.50,50,,,,,,,,,0.00,,,,2026-06-30,APMI monthly report Jun 2026,
GAUVIK WEALTH MANAGEMENT LLP - THE SUMERU STRATEGY,Gauvik Wealth Management LLP,,56.52,50,,,,,,,,,0.32,,,,2026-06-30,APMI monthly report Jun 2026,
Care PMS Bespoke Approach,Care Portfolio Managers Private Limited,,9.54,50,,,,,,,,,3.31,,,,2026-06-30,APMI monthly report Jun 2026,
Shree Microcap & SME Plan,Shree Rama Managers Llp,,2.00,50,,,,,,,,,0.21,,,,2026-06-30,APMI monthly report Jun 2026,
GROWTHFINITI FOCUS 10,Growthfiniti Wealth Pvt Ltd,,0.50,50,,,,,,,,,0.53,,,,2026-06-30,APMI monthly report Jun 2026,
SPARK ADAPTIVE ALPHA,Spark PWM Private Limited (Spark Family Office And Investment Advisors (India) Private Limited),,1.98,50,,,,,,,,,-0.79,,,,2026-06-30,APMI monthly report Jun 2026,
Trilithon FlexiCap Strategy,Trilithon Partners LLP,,0.30,50,,,,,,,,,-0.30,,,,2026-06-30,APMI monthly report Jun 2026,
Trilithon High Conviction Strategy,Trilithon Partners LLP,,2.81,50,,,,,,,,,4.70,,,,2026-06-30,APMI monthly report Jun 2026,
AMS Resilient Portfolio,GoldStandard Wealth Private Limited,,0.50,50,,,,,,,,,-0.38,,,,2026-06-30,APMI monthly report Jun 2026,
GoldStandard BJW Portfolio,GoldStandard Wealth Private Limited,,20.58,50,,,,,,,,,-1.09,,,,2026-06-30,APMI monthly report Jun 2026,
Dwaith Dividend Growth strategy,Dwaith Advisory Private Limited,,0.40,50,,,,,,,,,-1.40,,,,2026-06-30,APMI monthly report Jun 2026,
MONEYGROW NDPMS,Moneygrow Asset Private Limited,,2.61,50,14.28,74.96,37.56,8.77,12.55,21.53,,,22.85,,,,2026-06-30,APMI monthly report Jun 2026,
Accelt Long Term Equity Fund NDPMS,ACCELT ASSET MANAGEMENT LLP,,2.45,50,10.21,23.34,9.49,3.08,,,,,11.86,,,,2026-06-30,APMI monthly report Jun 2026,
INDIVIDUALLY MANAGED ACCOUNTS-ND,Unifi Capital P Ltd,,107.67,50,7.09,19.66,3.39,-3.24,3.94,11.50,12.94,,10.85,,,,2026-06-30,APMI monthly report Jun 2026,
GREEN PORTFOLIO PRIVATE LIMITED - NDPMS,Green Portfolio Private Limited,,3.22,50,6.89,39.66,17.62,6.25,5.86,15.71,,,19.22,,,,2026-06-30,APMI monthly report Jun 2026,
THINQWISE BESPOKE PORTFOLIO,THINQWISE WEALTH MANAGERS LLP,,0.66,50,6.40,19.72,0.71,,,,,,0.67,,,,2026-06-30,APMI monthly report Jun 2026,
NDPMS-1,Capgrow Capital Advisors Llp,,43.35,50,6.14,75.11,67.16,61.04,68.51,,,,62.30,,,,2026-06-30,APMI monthly report Jun 2026,
BCAD BREAKOUT 20-ND,Unifi Capital P Ltd,,43.26,50,5.63,15.19,-0.87,-2.17,2.93,11.83,14.15,,10.80,,,,2026-06-30,APMI monthly report Jun 2026,
Auxano Opportunities Fund,Moat Financial Services Private Limited,,10.54,50,5.63,28.98,14.52,20.60,,,,,19.45,,,,2026-06-30,APMI monthly report Jun 2026,
BCAD-ND,Unifi Capital P Ltd,,2.66,50,5.58,12.61,-2.75,-4.09,2.83,9.31,13.34,9.38,11.85,,,,2026-06-30,APMI monthly report Jun 2026,
APJ-ND (Formerly known as APJ 20),Unifi Capital P Ltd,,7.03,50,5.55,17.02,3.41,1.41,1.32,10.59,13.55,9.60,16.38,,,,2026-06-30,APMI monthly report Jun 2026,
Infinity Core Plus - Equity,Nuvama Asset Management Limited,,14.10,50,5.54,,,,,,,,3.66,,,,2026-06-30,APMI monthly report Jun 2026,
Valcreate Growing India Non Discretionary,Valcreate Investment Managers LLP,,2.06,50,5.35,25.80,12.66,1.99,0.88,,,,10.81,,,,2026-06-30,APMI monthly report Jun 2026,
BELLWETHER LONG TERM GROWTH 2,Bellwether Capital Private Limited,,266.26,50,5.20,16.90,1.96,-8.79,,,,,1.29,,,,2026-06-30,APMI monthly report Jun 2026,
Sohum India Focus Investment Approach,SOHUM ASSET MANAGERS PRIVATE LIMITED,,8.25,50,5.18,15.70,-6.30,-12.86,,,,,-13.10,,,,2026-06-30,APMI monthly report Jun 2026,
BLENDED- RANGOLI-ND,Unifi Capital P Ltd,,156.03,50,5.15,14.94,-0.51,-7.84,0.06,9.76,13.30,10.49,15.78,,,,2026-06-30,APMI monthly report Jun 2026,
Equity NEXT,Avendus Wealth Management Private Limited,,335.82,50,5.06,20.50,7.51,-0.36,-9.10,9.10,15.80,21.37,20.03,,,,2026-06-30,APMI monthly report Jun 2026,
NON-DISCRETIONARY PORTFOLIO MANAGEMENT SERVICES,Aditya Birla Money Limited,,1.73,50,4.75,16.08,1.45,1.49,4.15,14.15,16.51,11.91,14.71,,,,2026-06-30,APMI monthly report Jun 2026,
Spark GEMS,Spark PWM Private Limited (Spark Family Office And Investment Advisors (India) Private Limited),,113.73,50,4.68,23.45,9.21,4.98,1.85,,,,11.10,,,,2026-06-30,APMI monthly report Jun 2026,
Buoyant Opportunities NDPMS,Buoyant Capital Private Limited,,66.33,50,4.67,14.94,0.93,-2.25,8.21,14.53,17.67,14.00,17.42,,,,2026-06-30,APMI monthly report Jun 2026,
ABML NDPMS,Aditya Birla Money Limited,,104.11,50,4.64,23.10,4.18,0.70,3.92,14.41,15.42,11.07,10.20,,,,2026-06-30,APMI monthly report Jun 2026,
Infinity NDPMS - MidCap Strategy - Magnum,Nuvama Asset Management Limited,,50.40,50,4.63,29.52,8.37,9.09,,,,,4.60,,,,2026-06-30,APMI monthly report Jun 2026,
Maxiom PMS - SPARK Emerging Companies Quality-Growth - NDPMS,MAXIOM ASSET MANAGEMENT PRIVATE LIMITED,,1.23,50,4.60,27.46,3.43,-3.39,2.11,,,,15.81,,,,2026-06-30,APMI monthly report Jun 2026,
ASK Alchemist Plus,Ask Wealth Advisors Private Limited,,79.46,50,4.25,22.45,5.31,,,,,,4.75,,,,2026-06-30,APMI monthly report Jun 2026,
InCred Small and Midcap Portfolio NDPMS,Incred Asset Management Private Limited,,14.87,50,3.90,24.86,-3.11,-6.83,-1.37,10.52,21.98,11.78,12.45,,,,2026-06-30,APMI monthly report Jun 2026,
Non-Discretionary,Marcellus Investment Managers Private Limited,,47.49,50,3.87,17.91,-0.92,-5.56,2.29,5.34,8.20,3.91,16.57,,,,2026-06-30,APMI monthly report Jun 2026,
Spark HCI (High Conviction Ideas) Portfolio,Spark PWM Private Limited (Spark Family Office And Investment Advisors (India) Private Limited),,102.13,50,3.86,19.18,4.52,6.16,2.09,12.17,,,9.49,,,,2026-06-30,APMI monthly report Jun 2026,
Kotak KKORE NDPMS Investment Approach,Kotak Mahindra Asset Management Company Ltd,,3982.70,50,3.80,16.53,-0.01,2.65,5.86,15.94,17.30,14.30,14.30,,,,2026-06-30,APMI monthly report Jun 2026,
ASK Alchemist,Ask Wealth Advisors Private Limited,,85.58,50,3.63,26.57,12.35,,,,,,8.80,,,,2026-06-30,APMI monthly report Jun 2026,
Care PMS Growth Plus Value - ND,Care Portfolio Managers Private Limited,,32.42,50,3.61,21.29,7.09,1.33,0.34,16.52,15.58,13.51,20.97,,,,2026-06-30,APMI monthly report Jun 2026,
Barclays Wealth Equity NDPMS,Barclays Securities (India) Private Limited,,146.35,50,3.60,12.24,-4.86,-3.33,0.89,11.43,11.56,7.94,7.58,,,,2026-06-30,APMI monthly report Jun 2026,
HALO AI NDPMS,Avendus Wealth Management Private Limited,,5.44,50,3.53,,,,,,,,3.32,,,,2026-06-30,APMI monthly report Jun 2026,
HALO - NDPMS,Avendus Wealth Management Private Limited,,721.10,50,3.47,16.11,3.21,4.41,6.55,13.94,15.96,15.06,9.38,,,,2026-06-30,APMI monthly report Jun 2026,
ICICI Prudential Non-Discretionary PMS Strategy,ICICI Prudential Asset Management Company Ltd,,49.05,50,3.44,14.04,0.08,,,,,,5.51,,,,2026-06-30,APMI monthly report Jun 2026,
ARDEKO GROWTH FUND NDPMS,Ardeko Asset Management Pvt Ltd,,1.65,50,3.38,17.21,,,,,,,1.96,,,,2026-06-30,APMI monthly report Jun 2026,
Spark Bespoke Investment Ideas,Spark PWM Private Limited (Spark Family Office And Investment Advisors (India) Private Limited),,927.28,50,3.36,28.13,17.24,11.30,6.00,,,,15.65,,,,2026-06-30,APMI monthly report Jun 2026,
Maxiom PMS - JEWEL Flexi Cap Quality-Growth - NDPMS,MAXIOM ASSET MANAGEMENT PRIVATE LIMITED,,3.34,50,3.30,19.08,2.10,2.62,1.89,,,,12.47,,,,2026-06-30,APMI monthly report Jun 2026,
NDPMS,J M Financial Ltd,,41.95,50,3.26,19.67,6.91,1.45,5.12,11.69,13.80,9.46,10.21,,,,2026-06-30,APMI monthly report Jun 2026,
ACE Equity-Consult,ICICI Securities Limited,,355.08,50,3.17,15.33,1.99,1.64,-2.21,13.15,15.44,11.84,13.74,,,,2026-06-30,APMI monthly report Jun 2026,
Complete Circle Emerging India,Complete Circle Wealth Solutions Llp,,203.90,50,3.17,21.06,3.80,1.17,3.91,14.85,,,15.60,,,,2026-06-30,APMI monthly report Jun 2026,
NON DISCRETIONARY PMS AXIS,Way2Wealth Brokers Private Limited,,0.78,50,3.16,12.66,-7.66,-17.16,-12.35,-2.11,7.31,4.86,5.28,,,,2026-06-30,APMI monthly report Jun 2026,
1729 Fundamental value Investing- NDPMS,1729 ADVISORS LLP,,19.25,50,3.13,21.96,7.42,5.89,,,,,7.45,,,,2026-06-30,APMI monthly report Jun 2026,
Prudent Multi Strategy PMS,Prudent Investment Managers LLP,,303.58,50,2.79,20.36,0.06,-1.10,7.77,17.16,20.45,,17.72,,,,2026-06-30,APMI monthly report Jun 2026,
FCI LLP Non-Discretionary PMS,Fractal Capital Investments Llp,,11.46,50,2.50,20.59,-9.83,-30.56,-15.43,5.26,,,5.43,,,,2026-06-30,APMI monthly report Jun 2026,
NDPMS PORTFOLIO,Geojit Financial Services Ltd,,40.41,50,2.48,15.44,3.67,,,,,,9.07,,,,2026-06-30,APMI monthly report Jun 2026,
Kotak Evolv Equity NDPMS Investment Approach,Kotak Mahindra Asset Management Company Ltd,,7.78,50,2.48,3.71,,,,,,,3.71,,,,2026-06-30,APMI monthly report Jun 2026,
dezerv. Equity Strategy - Non Discretionary,Dezerv Investments Private Limited,,26.30,50,2.39,10.77,-5.84,-4.29,-1.24,,,,10.57,,,,2026-06-30,APMI monthly report Jun 2026,
ELEVATE,PL Asset Management Private Ltd,,31.77,50,2.38,26.69,28.95,31.77,22.71,,,,21.54,,,,2026-06-30,APMI monthly report Jun 2026,
Insightful Flexicap Scheme,Insightful Investment Managers LLP,,1330.07,50,2.10,9.85,0.75,0.03,,,,,1.80,,,,2026-06-30,APMI monthly report Jun 2026,
360 ONE SELECT ALPHA PMS,360 One Portfolio Managers Limited (Formerly Known As Iifl Wealth Portfolio Managers Limited),,1907.86,50,2.06,18.08,5.63,4.06,6.67,16.47,18.06,13.42,12.74,,,,2026-06-30,APMI monthly report Jun 2026,
DELPHI ALPHA EDGE PMS,Motilal Oswal Wealth Limited,,635.29,50,2.04,13.93,0.23,-3.47,,,,,9.85,,,,2026-06-30,APMI monthly report Jun 2026,
Apex Plus,J M Financial Ltd,,168.66,50,2.01,20.49,9.21,8.72,5.17,20.51,,,21.36,,,,2026-06-30,APMI monthly report Jun 2026,
BONANZA SPOP,Bonanza Portfolio Limited,,30.88,50,1.81,14.17,-0.22,-1.25,1.30,13.80,,,16.20,,,,2026-06-30,APMI monthly report Jun 2026,
Non Discretionary Portfolio - Aggressive,Sanctum Wealth Private Limited,,36.40,50,1.78,12.57,-2.29,-1.13,1.33,9.40,10.40,6.50,9.25,,,,2026-06-30,APMI monthly report Jun 2026,
IIFL Specialised Portfolio,IIFL Capital Asset Management Limited,,1.75,50,1.75,19.53,1.12,-2.20,,,,,0.68,,,,2026-06-30,APMI monthly report Jun 2026,
Non-Discretionary PMS,Shriram Asset Management Company Limited,,89.97,50,1.74,9.91,-1.37,-0.44,,,,,2.66,,,,2026-06-30,APMI monthly report Jun 2026,
InCred Select Opportunities Portfolio (NDPMS),Incred Asset Management Private Limited,,176.10,50,1.65,24.37,-4.85,4.65,21.83,27.78,,,32.56,,,,2026-06-30,APMI monthly report Jun 2026,
OTHERS-EQUITY-ND,Unifi Capital P Ltd,,22.64,50,1.56,9.00,0.69,2.58,3.37,6.16,6.64,7.52,13.51,,,,2026-06-30,APMI monthly report Jun 2026,
Axis Securities Non Discretionary,Axis Securities Ltd,,350.03,50,1.54,8.31,-0.10,1.92,2.08,14.02,15.91,11.55,-169.08,,,,2026-06-30,APMI monthly report Jun 2026,
WFIA PARTNER EQUITY,Waterfield Financial And Investment Advisors Private Limited,,24.77,50,1.48,0.00,0.00,,,,,,3.09,,,,2026-06-30,APMI monthly report Jun 2026,
Non Discretionary PMS,Wealth Managers (India) Pvt. Ltd.,,170.42,50,1.44,9.08,0.07,2.44,4.52,8.94,11.64,10.22,7.89,,,,2026-06-30,APMI monthly report Jun 2026,
Trivantage Capital NDPMS Portfolio 1,Trivantage Capital Management India Private Limited,,2.97,50,1.38,15.36,2.00,2.51,5.00,16.57,18.57,14.18,11.29,,,,2026-06-30,APMI monthly report Jun 2026,
NDPMS Strategy,Ambit Investment Advisors Private Limited,,24.43,50,1.35,10.51,-4.78,-4.45,3.72,6.71,9.45,6.06,10.87,,,,2026-06-30,APMI monthly report Jun 2026,
Ionic Sharpe One Strategy,Angel One Investment Managers & Advisors Private Limited,,175.85,50,1.34,9.12,-4.31,-6.24,,,,,2.82,,,,2026-06-30,APMI monthly report Jun 2026,
Maxiom PMS EMERALD Diversified Mutual Funds - NDPMS,MAXIOM ASSET MANAGEMENT PRIVATE LIMITED,,1.55,50,1.33,10.47,-2.31,-0.78,4.02,,,,10.65,,,,2026-06-30,APMI monthly report Jun 2026,
Auxano Legacy Fund,Moat Financial Services Private Limited,,5.31,50,1.29,9.43,-1.19,1.26,,,,,1.23,,,,2026-06-30,APMI monthly report Jun 2026,
"HDFC AMC ""MF Select"" Portfolio - Equity (Formerly Portfolio of MF Schemes/ETFs) - ND",HDFC Asset Management Company Limited,,3316.88,50,1.19,8.35,-0.09,2.43,2.41,,,,12.68,,,,2026-06-30,APMI monthly report Jun 2026,
Sterling Consult Portfolio- Growth,ICICI Securities Limited,,151.23,50,1.10,8.39,-1.48,2.08,4.21,11.67,,,11.86,,,,2026-06-30,APMI monthly report Jun 2026,
ITUS FUNDAMENTAL VALUE FUND NDPMS,Itus Capital Advisors Private Limited,,27.08,50,1.02,12.77,1.06,5.71,,,,,-2.05,,,,2026-06-30,APMI monthly report Jun 2026,
NON-DISCRETIONARY ARBITRAGE SCHEMES PORTFOLIO,NJ Asset Management Private Limited,,68.97,50,0.95,1.50,3.08,,,,,,5.01,,,,2026-06-30,APMI monthly report Jun 2026,
Sterling Consult Portfolio- Aggressive,ICICI Securities Limited,,271.62,50,0.94,9.69,-2.63,1.10,3.74,12.74,,,13.53,,,,2026-06-30,APMI monthly report Jun 2026,
NDPMS,Ambit Wealth Private Limited,,235.99,50,0.89,9.17,1.43,7.87,8.87,11.83,14.58,9.64,10.65,,,,2026-06-30,APMI monthly report Jun 2026,
Infinity NDPMS Quant Alpha Strategy,Nuvama Asset Management Limited,,1.02,50,0.74,10.85,-1.70,0.95,,,,,-0.43,,,,2026-06-30,APMI monthly report Jun 2026,
MULTI-ACT NDPMS,Multi-Act Equity Consultancy Private Limited,,36.44,50,0.70,16.32,1.48,2.14,6.35,11.66,12.03,8.50,11.98,,,,2026-06-30,APMI monthly report Jun 2026,
NDPMS,Atlas Integrated Finance Ltd,,1.38,50,0.56,19.65,5.39,9.71,8.42,16.91,16.88,,14.89,,,,2026-06-30,APMI monthly report Jun 2026,
CA Diversified Equity,Pioneer Client Associates Pvt Ltd,,798.34,50,0.55,18.95,8.71,15.86,10.59,,,,20.92,,,,2026-06-30,APMI monthly report Jun 2026,
Growth Plan (TWRR Unitised),Standard Chartered Securities (India) Ltd,,662.00,50,0.53,11.40,-2.25,-2.72,2.82,13.13,15.50,11.39,8.21,,,,2026-06-30,APMI monthly report Jun 2026,
Spark LIFE (Large-Cap India Focussed Equities) Portfolio,Spark PWM Private Limited (Spark Family Office And Investment Advisors (India) Private Limited),,0.88,50,0.49,6.79,-1.39,4.38,0.23,10.90,,,13.76,,,,2026-06-30,APMI monthly report Jun 2026,
ISEC Aggressive Portfolio- Consult,ICICI Securities Limited,,68.26,50,0.45,8.66,-1.95,3.85,2.80,13.78,,,14.34,,,,2026-06-30,APMI monthly report Jun 2026,
NON-DISCRETIONARY EQUITY SCHEMES PORTFOLIO,NJ Asset Management Private Limited,,534.18,50,0.42,9.85,-1.15,3.69,0.63,14.12,,,14.97,,,,2026-06-30,APMI monthly report Jun 2026,
Care PMS Large And Midcap - ND,Care Portfolio Managers Private Limited,,1.09,50,0.05,11.53,-1.26,0.10,-1.08,18.41,19.44,14.58,18.43,,,,2026-06-30,APMI monthly report Jun 2026,
Girik Non Discretionary Strategy,Girik Wealth Advisors Private Limited,,16.37,50,0.02,12.43,-3.05,-3.50,0.94,20.94,23.74,18.76,22.48,,,,2026-06-30,APMI monthly report Jun 2026,
PGIM INDIA EQUITY NDPMS PORTFOLIO,PGIM India Asset Management Private Limited,,,50,0.00,0.00,0.00,0.00,0.00,,,,0.00,,,,2026-06-30,APMI monthly report Jun 2026,
Active Alpha,LGT Wealth India Private Limited,,,50,0.00,0.00,0.00,5.11,7.65,21.75,,,25.18,,,,2026-06-30,APMI monthly report Jun 2026,
UpperCrust ONE,Moat Financial Services Private Limited,,,50,0.00,0.00,0.00,0.00,0.00,0.00,,,0.00,,,,2026-06-30,APMI monthly report Jun 2026,
PRAJANA TRUVANTAGE,Prajana Advisors Private Limited,,,50,0.00,0.00,0.00,,,,,,0.00,,,,2026-06-30,APMI monthly report Jun 2026,
I-Sec Multifactor Portfolio - Consult,ICICI Securities Limited,,1.07,50,-0.25,8.99,-5.32,-3.98,-3.10,,,,6.59,,,,2026-06-30,APMI monthly report Jun 2026,
360 ONE Consult PMS - Equity,360 One Portfolio Managers Limited (Formerly Known As Iifl Wealth Portfolio Managers Limited),,937.43,50,-0.42,7.00,1.09,8.67,11.70,17.47,17.09,14.05,12.98,,,,2026-06-30,APMI monthly report Jun 2026,
DRChoksey Alpha Invest-ND,Drchoksey Finserv Private Limited,,219.76,50,-0.47,12.83,-3.43,-6.41,-1.78,9.11,11.26,8.61,5.63,,,,2026-06-30,APMI monthly report Jun 2026,
Pelican Your Call,Pelican Holdings Private Limited,,2.92,50,-0.53,6.10,-7.03,1.75,0.45,,,,9.87,,,,2026-06-30,APMI monthly report Jun 2026,
Non Discretionary,Deutsche Investments India Private Limited,,346.81,50,-0.56,10.27,-3.80,-1.19,-19.57,-6.66,-0.71,-0.94,6.02,,,,2026-06-30,APMI monthly report Jun 2026,
DYNAMIC NDPMS PORTFOLIO,Systematix Shares & Stocks (India) Limited,,37.28,50,-0.80,28.11,8.76,1.81,1.87,18.12,18.21,11.71,12.24,,,,2026-06-30,APMI monthly report Jun 2026,
Agreya Capital Advisors LLP-NDPMS,Agreya Capital Advisors Llp,,14.93,50,-1.42,-0.95,-0.19,1.87,-0.80,8.51,8.94,,8.44,,,,2026-06-30,APMI monthly report Jun 2026,
NON DISCRETIONERY,SMIFS LIMITED,,1.93,50,-1.92,5.69,-13.98,-39.06,-0.33,,,,12.05,,,,2026-06-30,APMI monthly report Jun 2026,
EBISU GUIDED INVESTMENT STRATEGY,EBISU INVESTMENT ADVISORS LLP,,1.48,50,-3.01,,,,,,,,-5.44,,,,2026-06-30,APMI monthly report Jun 2026,
Ultima,LGT Wealth India Private Limited,,58.59,50,-3.11,5.57,-11.08,-13.88,0.23,7.88,,,11.16,,,,2026-06-30,APMI monthly report Jun 2026,
Non-Discretionary Portfolio Management Services (NDPMS),Fortuna Asset Managers LLP,,3.11,50,-8.65,-5.73,-21.62,-17.20,-9.28,,,,-1.47,,,,2026-06-30,APMI monthly report Jun 2026,
ND - Mojo Soul,Markets MoJo Asset Management Private Limited,,10.29,50,,,,,,,,,0.00,,,,2026-06-30,APMI monthly report Jun 2026,
CM SCHEMES NDPMS,Capitalmind Financial Services Private Limited,,0.01,50,,,,,,,,,1.12,,,,2026-06-30,APMI monthly report Jun 2026,
SageOne Mid & Small Cap NDPMS,Sageone Investment Managers Llp,,50.28,50,,,,,,,,,1.62,,,,2026-06-30,APMI monthly report Jun 2026,
NDPMS,Asteya Investment Managers Llp,,1.01,50,,,,,,,,,1.09,,,,2026-06-30,APMI monthly report Jun 2026,
1UP MultiManager FOF ND,Ladderup Asset Managers Private Limited,,12.47,50,,,,,,,,,-0.46,,,,2026-06-30,APMI monthly report Jun 2026,
360 ONE Real Estate PMS,360 ONE Asset Management Limited,Hybrid,2.68,50,6.97,6.91,11.99,16.99,107.48,61.86,44.56,33.90,8.54,,,,2026-06-30,APMI monthly report Jun 2026,
PMS for PFs & Special Mandates,Aditya Birla Sun Life Amc Limited,Hybrid,638418.49,50,5.79,7.02,8.81,12.60,,,,,12.70,,,,2026-06-30,APMI monthly report Jun 2026,
XPONENT TRIBE LLP - XPONENT TRIBE YIELD PORTFOLIO,Xponent Tribe LLP,Hybrid,7.66,50,5.28,21.30,15.82,27.96,,,,,19.87,,,,2026-06-30,APMI monthly report Jun 2026,
Harmony Treasury Advantage PMS,Ask Wealth Advisors Private Limited,Hybrid,52.74,50,3.85,6.25,2.70,3.12,,,,,3.50,,,,2026-06-30,APMI monthly report Jun 2026,
Northern Arc Income Builder Series C,Northern Arc Investment Managers Pvt. Ltd.,Hybrid,47.46,50,3.78,7.01,,,,,,,8.30,,,,2026-06-30,APMI monthly report Jun 2026,
Strategic Debt (Long term),Capitalmind Financial Services Private Limited,Hybrid,47.71,50,3.20,4.75,5.30,7.21,7.34,7.70,7.51,6.46,6.61,,,,2026-06-30,APMI monthly report Jun 2026,
Maximal Income Fund,Maximal Capital Private Limited,Hybrid,48.02,50,2.72,7.30,7.44,21.32,18.64,21.98,19.20,,19.65,,,,2026-06-30,APMI monthly report Jun 2026,
Guardian Bond PMS,Guardian Asset Management Private Limited,Hybrid,14.82,50,2.71,1.53,3.73,8.96,,,,,6.99,,,,2026-06-30,APMI monthly report Jun 2026,
TATA PMS - RETIREMENT FUND,Tata Asset Management Private Limited,Hybrid,3650.30,50,2.24,3.58,1.91,4.27,7.17,7.86,8.39,,7.13,,,,2026-06-30,APMI monthly report Jun 2026,
Nuvama Absolute Return Strategy,Nuvama Asset Management Limited,Hybrid,355.67,50,2.19,6.18,-3.08,0.09,5.35,8.79,,,8.70,,,,2026-06-30,APMI monthly report Jun 2026,
Omni Super Debt,Omniscience Capital Advisors Private Limited,Hybrid,0.03,50,2.15,4.32,4.61,,,,,,2.01,,,,2026-06-30,APMI monthly report Jun 2026,
Vansh Dynamic Bond Approach,Vansh Capital Private Limited,Hybrid,0.17,50,2.03,2.11,,,,,,,2.08,,,,2026-06-30,APMI monthly report Jun 2026,
Q India Sovereign Focus Bond Strategy,Quantum Advisors Private Limited,Hybrid,13.42,50,2.00,3.42,2.30,3.48,5.85,6.66,6.69,5.55,6.33,,,,2026-06-30,APMI monthly report Jun 2026,
DB India Flexi Bond Mandate/ DIIPL Discretionary India Flexi Bond Mandate,Deutsche Investments India Private Limited,Hybrid,86.44,50,1.88,3.14,4.14,8.31,9.21,8.64,8.17,,7.97,,,,2026-06-30,APMI monthly report Jun 2026,
"Nucleus ""Fixed Income"" Accrual Portfolio",Waterfield Financial And Investment Advisors Private Limited,Hybrid,1.67,50,1.88,2.64,2.56,4.62,0.00,0.00,,,6.14,,,,2026-06-30,APMI monthly report Jun 2026,
PRIMA - Credit Opportunities,LGT Wealth India Private Limited,Hybrid,5.25,50,1.83,3.47,5.85,,,,,,10.82,,,,2026-06-30,APMI monthly report Jun 2026,
DEBTFOF,Allegro Securities Pvt Ltd,Hybrid,5.51,50,1.71,2.40,2.93,5.75,7.50,7.39,8.73,7.52,7.60,,,,2026-06-30,APMI monthly report Jun 2026,
Fixed Income Edge,Alpha Alternatives Fund Advisors LLP,Hybrid,231.12,50,1.69,3.25,4.93,10.47,,,,,11.07,,,,2026-06-30,APMI monthly report Jun 2026,
Barclays Discretionary Dynamic Fixed Income,Barclays Securities (India) Private Limited,Hybrid,67.91,50,1.68,2.83,4.56,8.86,8.93,8.38,7.60,7.48,11.61,,,,2026-06-30,APMI monthly report Jun 2026,
Customised Discretionary Portfolio - Debt,360 ONE Asset Management Limited,Hybrid,22.61,50,1.67,2.66,2.60,-1.28,1.01,4.34,5.33,3.86,5.81,,,,2026-06-30,APMI monthly report Jun 2026,
Phillip Income Builder Portfolio Premier,Phillipcapital (India) Pvt Ltd,Hybrid,15.37,50,1.65,2.52,4.99,10.42,,,,,13.25,,,,2026-06-30,APMI monthly report Jun 2026,
FIRST BESPOKE,Sundaram Alternate Assets Limited,Hybrid,367.24,50,1.64,3.08,4.89,10.10,10.60,,,,10.82,,,,2026-06-30,APMI monthly report Jun 2026,
DPMS - Income Portfolio,Klay Securities Private Limited,Hybrid,22.17,50,1.60,2.78,4.43,8.22,8.46,8.73,8.70,,8.44,,,,2026-06-30,APMI monthly report Jun 2026,
Phillip Income Builder Portfolio Growth,Phillipcapital (India) Pvt Ltd,Hybrid,262.92,50,1.58,3.42,5.53,11.10,11.85,,,,14.08,,,,2026-06-30,APMI monthly report Jun 2026,
360 ONE Premium Mixed-Conservative,360 One Portfolio Managers Limited (Formerly Known As Iifl Wealth Portfolio Managers Limited),Hybrid,818.91,50,1.55,2.35,3.21,7.30,8.56,6.11,9.58,8.78,9.79,,,,2026-06-30,APMI monthly report Jun 2026,
NUCLEUS DYNAMIC DEBT,Waterfield Financial And Investment Advisors Private Limited,Hybrid,1.55,50,1.55,2.65,0.00,,,,,,2.59,,,,2026-06-30,APMI monthly report Jun 2026,
Select Debt Strategy,True Beacon Investment Advisors Llp,Hybrid,6.44,50,1.52,2.13,3.12,,,,,,5.34,,,,2026-06-30,APMI monthly report Jun 2026,
Ionic Yield Enhancer Strategy,Angel One Investment Managers & Advisors Private Limited,Hybrid,150.66,50,1.51,3.03,5.35,10.90,,,,,11.87,,,,2026-06-30,APMI monthly report Jun 2026,
Phillip Income Builder Portfolio Regular Income,Phillipcapital (India) Pvt Ltd,Hybrid,189.80,50,1.48,3.18,5.29,10.99,12.41,,,,14.26,,,,2026-06-30,APMI monthly report Jun 2026,
NUCLEUS YIELD ENHANCER,Waterfield Financial And Investment Advisors Private Limited,Hybrid,52.41,50,1.47,2.66,0.00,,,,,,2.91,,,,2026-06-30,APMI monthly report Jun 2026,
dezerv. Fixed-Income Strategy,Dezerv Investments Private Limited,Hybrid,187.81,50,1.42,2.15,2.82,6.25,8.04,7.86,7.67,,7.65,,,,2026-06-30,APMI monthly report Jun 2026,
FORTUNA TWO,Fortuna Asset Managers LLP,Hybrid,7.85,50,1.42,2.63,3.92,7.83,8.73,,,,8.27,,,,2026-06-30,APMI monthly report Jun 2026,
High Yield Portfolio,Nippon Life India Asset Management Ltd,Hybrid,458.90,50,1.41,3.00,5.51,11.63,,,,,11.31,,,,2026-06-30,APMI monthly report Jun 2026,
Axis Fixed Income Portfolio,Axis Asset Management Company Limited,Hybrid,507.20,50,1.40,2.38,3.55,7.66,,,,,8.48,,,,2026-06-30,APMI monthly report Jun 2026,
PHILLIP CONSERVATIVE CREDIT PORTFOLIO REGULAR INCOME,Phillipcapital (India) Pvt Ltd,Hybrid,80.03,50,1.39,3.38,5.04,,,,,,10.24,,,,2026-06-30,APMI monthly report Jun 2026,
Edelweiss Structured Solutions Approach (ESS Strategy),Edelweiss Asset Management Ltd,Hybrid,2.83,50,1.38,3.86,7.24,14.99,16.26,12.89,12.53,12.18,9.41,,,,2026-06-30,APMI monthly report Jun 2026,
Ambit Anchor Portfolio,Ambit Wealth Private Limited,Hybrid,136.52,50,1.35,2.98,4.73,11.02,,,,,12.87,,,,2026-06-30,APMI monthly report Jun 2026,
Credit Opportunities Portfolio,Ladderup Asset Managers Private Limited,Hybrid,51.68,50,1.35,3.13,5.33,11.12,0.00,,,,12.66,,,,2026-06-30,APMI monthly report Jun 2026,
Credit Opportunities Portfolio - PAYOUT,Ladderup Asset Managers Private Limited,Hybrid,9.91,50,1.35,2.99,5.24,11.82,,,,,12.21,,,,2026-06-30,APMI monthly report Jun 2026,
PHILLIP CONSERVATIVE CREDIT PORTFOLIO GROWTH,Phillipcapital (India) Pvt Ltd,Hybrid,65.66,50,1.35,3.38,5.04,,,,,,8.14,,,,2026-06-30,APMI monthly report Jun 2026,
dezerv. Dynamic Debt Plus Strategy,Dezerv Investments Private Limited,Hybrid,1587.21,50,1.33,2.96,4.94,11.68,12.34,11.80,,,11.08,,,,2026-06-30,APMI monthly report Jun 2026,
FCI LLP Wealth Optimizer,Fractal Capital Investments Llp,Hybrid,11.15,50,1.32,2.32,4.04,8.70,9.91,9.23,9.35,8.79,8.49,,,,2026-06-30,APMI monthly report Jun 2026,
High Yield Strategy(Alternate Debt/EAF),Unifi Capital P Ltd,Hybrid,3.11,50,1.32,2.91,3.88,11.92,10.99,9.59,9.78,9.02,11.96,,,,2026-06-30,APMI monthly report Jun 2026,
PRIMA - Flexi Debt,LGT Wealth India Private Limited,Hybrid,147.24,50,1.30,2.78,4.35,8.90,10.15,,,,9.90,,,,2026-06-30,APMI monthly report Jun 2026,
Sterling Portfolio- Risk Averse Portfolio,ICICI Securities Limited,Hybrid,17.30,50,1.29,1.92,3.15,5.57,7.23,7.33,,,7.34,,,,2026-06-30,APMI monthly report Jun 2026,
Harmony Income Opportunities Discretionary Debt PMS,Ask Wealth Advisors Private Limited,Hybrid,23.08,50,1.29,3.20,4.79,10.00,10.23,9.79,8.86,,8.86,,,,2026-06-30,APMI monthly report Jun 2026,
FIRST CONSERVATIVE,Sundaram Alternate Assets Limited,Hybrid,13.55,50,1.26,2.44,3.86,8.22,0.00,,,,8.97,,,,2026-06-30,APMI monthly report Jun 2026,
Ambit IRIS Portfolio,Ambit Wealth Private Limited,Hybrid,784.89,50,1.26,5.08,7.75,21.60,,,,,16.50,,,,2026-06-30,APMI monthly report Jun 2026,
Northern Arc Credit Opportunities Fund,Northern Arc Investment Managers Pvt. Ltd.,Hybrid,,50,1.23,2.75,5.08,12.24,12.55,,,,11.71,,,,2026-06-30,APMI monthly report Jun 2026,
dezerv. Dynamic Debt Strategy,Dezerv Investments Private Limited,Hybrid,274.49,50,1.21,2.46,4.68,10.17,10.78,10.39,,,10.07,,,,2026-06-30,APMI monthly report Jun 2026,
Customised Debt Portfolio,Aditya Birla Sun Life Amc Limited,Hybrid,182.68,50,1.21,3.78,6.48,11.36,,,,,13.63,,,,2026-06-30,APMI monthly report Jun 2026,
DB India Money Market Alpha /Income Generation,Deutsche Investments India Private Limited,Hybrid,,50,1.20,1.88,2.55,5.29,7.39,7.45,7.21,7.52,7.88,,,,2026-06-30,APMI monthly report Jun 2026,
NUCLEUS YIELD OPTIMIZER,Waterfield Financial And Investment Advisors Private Limited,Hybrid,4.18,50,1.19,2.19,0.00,,,,,,2.66,,,,2026-06-30,APMI monthly report Jun 2026,
ABSL Customised Real Estate Portfolio,Aditya Birla Sun Life Amc Limited,Hybrid,97.37,50,1.15,3.66,7.81,16.33,16.34,,,,14.17,,,,2026-06-30,APMI monthly report Jun 2026,
FIRST MODERATE,Sundaram Alternate Assets Limited,Hybrid,88.19,50,1.14,2.49,4.15,8.94,9.84,,,,9.81,,,,2026-06-30,APMI monthly report Jun 2026,
VEDARTHA CORE-ALPHA ACCRUAL STRATEGY,Bandhan AMC Limited,Hybrid,259.44,50,1.13,2.64,4.05,,,,,,4.59,,,,2026-06-30,APMI monthly report Jun 2026,
PRIMA - Short Term Debt,LGT Wealth India Private Limited,Hybrid,159.35,50,1.12,2.13,3.43,7.27,8.01,,,,7.73,,,,2026-06-30,APMI monthly report Jun 2026,
FIRST AGGRESSIVE,Sundaram Alternate Assets Limited,Hybrid,70.96,50,1.11,2.47,4.38,9.09,10.33,,,,10.63,,,,2026-06-30,APMI monthly report Jun 2026,
HIGH YIELD STRATEGY,Unifi Capital P Ltd,Hybrid,364.38,50,1.10,2.41,4.27,8.62,9.13,9.23,9.00,,9.16,,,,2026-06-30,APMI monthly report Jun 2026,
Master Trust iRage Absolute Return Strategy,Master Portfolio Services Limited,Hybrid,72.30,50,1.07,2.71,4.40,6.99,10.10,11.45,10.74,10.00,9.84,,,,2026-06-30,APMI monthly report Jun 2026,
ACTIVELY MANAGED TOTAL RETURN PORTFOLIO,PATERSON SECURITIES PRIVATE LIMITED,Hybrid,63.44,50,1.04,4.02,6.14,10.33,10.21,,,,5.96,,,,2026-06-30,APMI monthly report Jun 2026,
Dezerv Corporate Surplus Management Strategy,Dezerv Investments Private Limited,Hybrid,286.13,50,1.02,2.07,3.81,7.26,,,,,8.25,,,,2026-06-30,APMI monthly report Jun 2026,
360 ONE Premium Fixed Income-Short term,360 One Portfolio Managers Limited (Formerly Known As Iifl Wealth Portfolio Managers Limited),Hybrid,9.36,50,1.02,2.04,3.26,7.44,-6.26,-2.37,-0.21,0.47,3.57,,,,2026-06-30,APMI monthly report Jun 2026,
BespokeCash,True Beacon Investment Advisors Llp,Hybrid,120.43,50,0.93,1.48,3.02,6.02,6.16,4.09,,,4.09,,,,2026-06-30,APMI monthly report Jun 2026,
Neo Yield Enhancer,Neo Asset Management Private Limited,Hybrid,1571.65,50,0.90,2.44,5.09,10.95,11.37,,,,11.36,,,,2026-06-30,APMI monthly report Jun 2026,
I Alpha,Estee Advisors Private Limited,Hybrid,256.96,50,0.87,2.08,3.90,7.90,9.36,10.70,9.71,9.06,10.46,,,,2026-06-30,APMI monthly report Jun 2026,
Vedartha Money Market Edge Strategy,Bandhan AMC Limited,Hybrid,100.85,50,0.85,0.86,2.14,,,,,,2.87,,,,2026-06-30,APMI monthly report Jun 2026,
InCred Liquid Portfolio,Incred Asset Management Private Limited,Hybrid,10.14,50,0.66,1.82,3.27,6.27,6.64,6.78,6.67,6.04,5.84,,,,2026-06-30,APMI monthly report Jun 2026,
LIQUID PORTFOLIO,NJ Asset Management Private Limited,Hybrid,17.52,50,0.66,1.85,2.84,5.80,6.36,6.61,6.54,5.87,5.49,,,,2026-06-30,APMI monthly report Jun 2026,
ISEC STP Portfolio,ICICI Securities Limited,Hybrid,3.74,50,0.66,1.84,3.35,6.41,6.85,7.01,6.88,6.23,6.14,,,,2026-06-30,APMI monthly report Jun 2026,
Liquid Portfolio.,Aditya Birla Sun Life Amc Limited,Hybrid,14.56,50,0.66,1.83,3.34,6.48,6.34,4.44,4.61,4.37,4.29,,,,2026-06-30,APMI monthly report Jun 2026,
Girik Liquid Strategy,Girik Wealth Advisors Private Limited,Hybrid,0.03,50,0.65,1.82,3.30,6.34,6.74,6.88,6.77,,6.43,,,,2026-06-30,APMI monthly report Jun 2026,
IONIC LIQUID APPROACH - STP,Angel One Investment Managers & Advisors Private Limited,Hybrid,14.07,50,0.65,1.78,3.23,6.24,,,,,6.54,,,,2026-06-30,APMI monthly report Jun 2026,
Axis Liquid Portfolio,Axis Asset Management Company Limited,Hybrid,3.12,50,0.65,1.82,3.29,6.14,6.67,6.80,6.68,6.03,3.80,,,,2026-06-30,APMI monthly report Jun 2026,
Invesco India Cash Management Portfolio,Invesco Asset Management (India) Private Limited,Hybrid,3.68,50,0.65,1.81,3.23,6.23,6.68,6.79,6.65,6.00,-10.01,,,,2026-06-30,APMI monthly report Jun 2026,
HDFC AMC Liquid Portfolio,HDFC Asset Management Company Limited,Hybrid,0.21,50,0.65,1.81,2.50,5.66,6.49,,,,6.49,,,,2026-06-30,APMI monthly report Jun 2026,
Short Term Debt,Capitalmind Financial Services Private Limited,Hybrid,7.89,50,0.64,1.65,2.42,4.99,6.47,6.56,6.52,5.82,5.75,,,,2026-06-30,APMI monthly report Jun 2026,
Prime Liquid,PrimeInvestor Financial Research Private Limited,Hybrid,0.61,50,0.63,1.80,3.23,,,,,,3.40,,,,2026-06-30,APMI monthly report Jun 2026,
Barclays Discretionary Treasury Advantage,Barclays Securities (India) Private Limited,Hybrid,29.36,50,0.63,1.74,3.14,5.99,6.42,6.49,6.35,,5.75,,,,2026-06-30,APMI monthly report Jun 2026,
Enam India Liquid Portfolio - STP,Enam Asset Management Company Private Limited,Hybrid,3.74,50,0.61,1.56,2.74,5.42,6.06,6.31,6.30,,6.24,,,,2026-06-30,APMI monthly report Jun 2026,
Debt Portfolio Plan,Trust Investment Advisors Pvt. Ltd.,Hybrid,2.77,50,0.61,12.77,12.04,17.20,53.48,36.43,26.73,22.84,11.26,,,,2026-06-30,APMI monthly report Jun 2026,
PMS Services to PF and Institutional Treasuries (Debt),SBI Funds Management Limited,Hybrid,490.33,50,0.60,1.80,3.77,7.42,7.44,7.50,7.48,7.43,7.59,,,,2026-06-30,APMI monthly report Jun 2026,
DELPHI CONSERVATIVE PORTFOLIO,Motilal Oswal Wealth Limited,Hybrid,1.64,50,0.59,1.15,2.19,4.66,5.94,6.26,6.34,5.36,5.20,,,,2026-06-30,APMI monthly report Jun 2026,
Kotak Evolv Liquid Investment Approach,Kotak Mahindra Asset Management Company Ltd,Hybrid,12.82,50,0.59,1.40,2.90,5.75,6.18,,,,6.69,,,,2026-06-30,APMI monthly report Jun 2026,
Kotak Liquid Investment Approach,Kotak Mahindra Asset Management Company Ltd,Hybrid,1.62,50,0.58,1.71,3.08,5.83,6.35,6.54,,,6.57,,,,2026-06-30,APMI monthly report Jun 2026,
AlphaGrep Liquid Portfolio,AlphaGrep Investment Management Private Limited,Hybrid,0.20,50,0.57,1.69,2.85,5.77,6.27,,,,6.31,,,,2026-06-30,APMI monthly report Jun 2026,
Sterling Portfolio- Conservative Portfolio,ICICI Securities Limited,Hybrid,10.72,50,0.56,3.16,0.51,4.76,6.65,9.40,,,9.71,,,,2026-06-30,APMI monthly report Jun 2026,
GREYSKY SMART TREASURY,Grey Sky Capital Private Limited,Hybrid,2.88,50,0.56,6.15,,,,,,,6.98,,,,2026-06-30,APMI monthly report Jun 2026,
Liquid FOF,Allegro Securities Pvt Ltd,Hybrid,1.31,50,0.55,1.70,3.03,5.74,6.20,6.38,6.28,5.64,5.11,,,,2026-06-30,APMI monthly report Jun 2026,
Customised Portfolio Approach 3,Trivantage Capital Management India Private Limited,Hybrid,0.14,50,0.55,1.59,3.05,5.75,4.74,5.43,6.02,4.12,6.82,,,,2026-06-30,APMI monthly report Jun 2026,
Electrum Liquid Approach,Electrum Portfolio Managers Pvt Limited,Hybrid,0.86,50,0.52,-2.29,-1.13,0.81,,,,,1.01,,,,2026-06-30,APMI monthly report Jun 2026,
White Oak India Liquid Portfolio,Whiteoak Capital Asset Management Limited,Hybrid,2.05,50,0.49,1.32,2.47,4.97,5.34,5.67,5.63,5.18,4.95,,,,2026-06-30,APMI monthly report Jun 2026,
ADAPT Moderate Portfolio,Aditya Birla Sun Life Amc Limited,Hybrid,0.32,50,0.48,3.73,0.44,5.25,6.16,9.05,9.09,7.39,7.67,,,,2026-06-30,APMI monthly report Jun 2026,
SageOne Liquid Approach,Sageone Investment Managers Llp,Hybrid,3.29,50,0.43,1.11,1.98,4.44,5.09,,,,4.87,,,,2026-06-30,APMI monthly report Jun 2026,
LIQUID FUND PORTFOLIO,Sundaram Alternate Assets Limited,Hybrid,45.51,50,0.41,1.27,1.74,4.41,5.30,5.65,5.73,5.40,4.29,,,,2026-06-30,APMI monthly report Jun 2026,
dezerv. Liquid Strategy,Dezerv Investments Private Limited,Hybrid,136.46,50,0.41,1.22,2.44,5.12,5.55,5.83,,,5.87,,,,2026-06-30,APMI monthly report Jun 2026,
Liquid STP,Buglerock Capital Private Limited,Hybrid,1.80,50,0.40,1.16,2.42,4.46,3.91,3.60,,,3.47,,,,2026-06-30,APMI monthly report Jun 2026,
Ambit Liquid Portfolio,Ambit Wealth Private Limited,Hybrid,0.28,50,0.40,1.04,2.18,4.62,4.88,5.49,,,5.59,,,,2026-06-30,APMI monthly report Jun 2026,
ASK LIQUID PORTFOLIO,ASK Investment Managers Limited,Hybrid,32.11,50,0.40,1.21,2.37,4.83,5.43,5.72,5.77,5.24,5.28,,,,2026-06-30,APMI monthly report Jun 2026,
Valentis Debt Staggered Investment Fund,Valentis Advisors Private Limited,Hybrid,4.83,50,0.39,1.15,2.40,5.84,6.02,4.52,4.79,4.65,4.65,,,,2026-06-30,APMI monthly report Jun 2026,
Julius Baer India Liquid Portfolio,Julius Baer Wealth Advisors (India) Private Limited,Hybrid,0.43,50,0.39,1.13,1.80,3.86,,,,,4.63,,,,2026-06-30,APMI monthly report Jun 2026,
IIFL Liquid Portfolio,IIFL Capital Asset Management Limited,Hybrid,3.19,50,0.39,1.22,2.16,4.70,,,,,4.61,,,,2026-06-30,APMI monthly report Jun 2026,
STALLION ASSET LIQUID FUND,Stallion Asset Private Limited,Hybrid,12.83,50,0.38,0.97,2.07,4.36,4.66,4.76,4.91,,4.64,,,,2026-06-30,APMI monthly report Jun 2026,
Equinova Liquid PMS,EQUINOVA INVESTMENT MANAGERS PRIVATE LIMITED,Hybrid,4.53,50,0.38,1.06,,,,,,,1.74,,,,2026-06-30,APMI monthly report Jun 2026,
Sohum India Short Term Debt Fund Investment Approach,SOHUM ASSET MANAGERS PRIVATE LIMITED,Hybrid,0.26,50,0.38,1.11,1.64,-99.76,-95.02,,,,-88.78,,,,2026-06-30,APMI monthly report Jun 2026,
Liquid STP,Marcellus Investment Managers Private Limited,Hybrid,2.35,50,0.38,0.96,1.94,3.96,4.28,3.61,3.09,2.64,2.42,,,,2026-06-30,APMI monthly report Jun 2026,
Alchemy Liquid Strategy,Alchemy Capital Management Pvt Ltd,Hybrid,35.61,50,0.37,1.11,2.24,4.72,5.21,5.41,5.32,4.96,5.19,,,,2026-06-30,APMI monthly report Jun 2026,
HSBC Cash Management Portfolio,HSBC Asset Management (India) Private Limited,Hybrid,2.91,50,0.37,1.20,2.36,5.00,5.60,5.89,5.87,,5.60,,,,2026-06-30,APMI monthly report Jun 2026,
Ambit Bespoke FI Portfolio,Ambit Wealth Private Limited,Hybrid,0.57,50,0.37,1.10,2.09,-3.41,1.30,,,,2.18,,,,2026-06-30,APMI monthly report Jun 2026,
EMKAY LIQUID,Emkay Investment Managers Limited,Hybrid,10.72,50,0.37,1.11,2.21,4.70,5.27,5.85,5.90,5.43,4.99,,,,2026-06-30,APMI monthly report Jun 2026,
Liquid Strategy,Motilal Oswal Asset Management Company Limited - Portfolio Managers,Hybrid,113.46,50,0.36,1.06,2.15,4.53,4.92,5.38,5.50,5.06,4.95,,,,2026-06-30,APMI monthly report Jun 2026,
ICICI Prudential PMS Liquid Strategy,ICICI Prudential Asset Management Company Ltd,Hybrid,430.28,50,0.36,1.05,2.07,4.42,5.13,5.24,5.49,,5.09,,,,2026-06-30,APMI monthly report Jun 2026,
Sanctum Liquid Management,Sanctum Wealth Private Limited,Hybrid,6.46,50,0.36,28.30,29.36,31.80,19.97,14.91,12.30,10.45,9.73,,,,2026-06-30,APMI monthly report Jun 2026,
Renaissance Liquid Portfolio,Renaissance Investment Managers Private Limited,Hybrid,5.99,50,0.36,1.09,2.15,4.64,5.28,5.65,5.65,-28.26,-5.53,,,,2026-06-30,APMI monthly report Jun 2026,
Grey Sky Smart Liquid Strategy,Grey Sky Capital Private Limited,Hybrid,3.38,50,0.35,0.39,,,,,,,0.38,,,,2026-06-30,APMI monthly report Jun 2026,
ValueQuest Liquid,Valuequest Investment Advisors Pvt. Ltd.,Hybrid,0.40,50,0.34,1.09,1.99,4.28,4.97,,,,4.96,,,,2026-06-30,APMI monthly report Jun 2026,
CARNELIAN LIQUID STRATEGY,Carnelian Asset Management & Advisors Pvt Ltd,Hybrid,124.60,50,0.34,1.03,2.14,4.53,5.01,5.35,5.48,5.02,4.71,,,,2026-06-30,APMI monthly report Jun 2026,
AAA Liquid PMS,AlfAccurate Advisors Pvt Ltd,Hybrid,15.80,50,0.33,0.95,1.97,4.30,4.60,4.51,4.41,3.88,3.66,,,,2026-06-30,APMI monthly report Jun 2026,
QUEST PMS LIQUID FUND STRATEGY,Quest Investment Managers Pvt Ltd,Hybrid,0.36,50,0.33,1.17,2.44,5.02,5.62,5.99,6.03,,5.80,,,,2026-06-30,APMI monthly report Jun 2026,
Helios India Liquid Portfolio,Helios Capital Asset Management (India) Pvt. Ltd,Hybrid,3.91,50,0.33,0.99,2.13,4.73,5.42,5.70,5.71,5.22,5.09,,,,2026-06-30,APMI monthly report Jun 2026,
Abakkus Liquid Approach,Abakkus Asset Manager Private Limited,Hybrid,50.74,50,0.32,0.89,1.78,3.88,4.33,,,,3.93,,,,2026-06-30,APMI monthly report Jun 2026,
Omni Super Cash,Omniscience Capital Advisors Private Limited,Hybrid,0.27,50,0.32,1.66,2.07,,,,,,2.71,,,,2026-06-30,APMI monthly report Jun 2026,
SBI Liquid Portfolio,SBI Funds Management Limited,Hybrid,12.63,50,0.30,0.98,2.08,4.69,4.27,4.43,,,4.42,,,,2026-06-30,APMI monthly report Jun 2026,
Buoyant Liquid PMS,Buoyant Capital Private Limited,Hybrid,256.23,50,0.30,0.94,1.86,4.01,4.69,4.91,,,4.53,,,,2026-06-30,APMI monthly report Jun 2026,
Aries PMS,Scient Capital Pvt Ltd,Hybrid,4.92,50,0.29,-5.34,4.87,11.05,6.97,6.76,4.11,4.30,6.14,,,,2026-06-30,APMI monthly report Jun 2026,
Ambit STP Portfolio,Ambit Investment Advisors Private Limited,Hybrid,0.16,50,0.27,0.98,1.94,3.68,1.80,2.91,3.50,,3.40,,,,2026-06-30,APMI monthly report Jun 2026,
TCG Liquid Portfolio,TCG Advisory Services Private Limited,Hybrid,3.85,50,0.23,0.90,1.62,4.08,,,,,5.11,,,,2026-06-30,APMI monthly report Jun 2026,
EquiPoise Income Strategy,EQUIPOISE CAPITAL MANAGEMENT PRIVATE LIMITED,Hybrid,0.18,50,0.15,0.15,0.15,0.15,,,,,0.11,,,,2026-06-30,APMI monthly report Jun 2026,
ADAPT Very Conservative Portfolio,Aditya Birla Sun Life Amc Limited,Hybrid,0.24,50,0.13,2.01,1.52,4.80,5.48,6.90,7.01,5.97,7.08,,,,2026-06-30,APMI monthly report Jun 2026,
GoldStandard Wealth FoF Portfolio,GoldStandard Wealth Private Limited,Hybrid,0.50,50,0.09,1.26,2.75,,,,,,4.68,,,,2026-06-30,APMI monthly report Jun 2026,
MONEYGROW LIQUID,Moneygrow Asset Private Limited,Hybrid,0.45,50,0.07,0.07,0.07,,,,,,1.67,,,,2026-06-30,APMI monthly report Jun 2026,
Aegis - Debt,Karvy Capital Ltd,Hybrid,3.82,50,0.01,0.02,0.06,0.07,0.09,0.09,0.09,0.10,0.10,,,,2026-06-30,APMI monthly report Jun 2026,
Excel,Karvy Capital Ltd,Hybrid,70.51,50,0.01,0.02,0.05,0.08,0.10,0.10,0.11,0.11,0.10,,,,2026-06-30,APMI monthly report Jun 2026,
Aegis - MLD,Karvy Capital Ltd,Hybrid,,50,0.00,0.00,0.00,0.00,0.00,0.00,0.00,0.00,0.00,,,,2026-06-30,APMI monthly report Jun 2026,
Demeter,Karvy Capital Ltd,Hybrid,64.66,50,0.00,0.01,0.03,0.03,0.05,0.06,0.06,0.07,0.11,,,,2026-06-30,APMI monthly report Jun 2026,
Avendus Olivo Liquid Portfolio,Avendus Investment Managers Private Limited,Hybrid,,50,0.00,0.00,0.00,1.03,3.91,0.00,,,4.87,,,,2026-06-30,APMI monthly report Jun 2026,
Fident Liquid Execution Portfolio (FLEX),Fident Asset Management Private Limited,Hybrid,,50,0.00,0.00,0.00,0.00,,,,,0.00,,,,2026-06-30,APMI monthly report Jun 2026,
CA MFM LIQUID,Pioneer Client Associates Pvt Ltd,Hybrid,,50,0.00,0.00,0.00,0.00,0.00,-6.08,-4.72,,-4.61,,,,2026-06-30,APMI monthly report Jun 2026,
360 ONE Large Value strategy Debt PMS,360 ONE Asset Management Limited,Hybrid,,50,0.00,0.00,0.00,0.00,0.00,,,,0.00,,,,2026-06-30,APMI monthly report Jun 2026,
360 ONE Liquid Strategy PMS,360 ONE Asset Management Limited,Hybrid,,50,0.00,0.98,2.36,5.21,,,,,5.25,,,,2026-06-30,APMI monthly report Jun 2026,
ALPHA MULTIPLIER,Reliance Wealth Management Limited,Hybrid,0.12,50,0.00,0.00,0.00,0.00,-23.59,-13.52,-11.33,-10.50,-19.92,,,,2026-06-30,APMI monthly report Jun 2026,
ALPHA YIELD MULTIPLIER,Reliance Wealth Management Limited,Hybrid,,50,0.00,0.00,0.00,0.00,0.00,0.00,1.79,1.71,5.90,,,,2026-06-30,APMI monthly report Jun 2026,
Indiabulls High Yield Strategy - I,Sammaan Asset Management Limited,Hybrid,15.74,50,0.00,0.00,0.00,1.51,-10.34,-29.51,-22.06,-17.33,-6.58,,,,2026-06-30,APMI monthly report Jun 2026,
Arthya Yield Plus Portfolio,Arthya Wealth And Investments Private Limited,Hybrid,,50,0.00,0.00,0.00,0.00,,,,,0.00,,,,2026-06-30,APMI monthly report Jun 2026,
Abakkus Liquid Approach 2,Abakkus Asset Manager Private Limited,Hybrid,,50,0.00,0.00,0.00,0.00,0.00,,,,0.00,,,,2026-06-30,APMI monthly report Jun 2026,
Ionic High Grade Debt Strategy,Angel One Investment Managers & Advisors Private Limited,Hybrid,,50,0.00,0.00,0.00,,,,,,0.00,,,,2026-06-30,APMI monthly report Jun 2026,
ISEC Conservative Portfolio,ICICI Securities Limited,Hybrid,,50,0.00,0.00,0.00,28.68,18.90,17.42,15.68,12.46,12.00,,,,2026-06-30,APMI monthly report Jun 2026,
ISEC Risk Averse Portfolio,ICICI Securities Limited,Hybrid,,50,0.00,0.00,0.00,0.00,0.00,0.00,0.42,,0.47,,,,2026-06-30,APMI monthly report Jun 2026,
Liquid,LGT Wealth India Private Limited,Hybrid,,50,0.00,0.00,0.00,0.00,0.29,0.94,1.25,,1.27,,,,2026-06-30,APMI monthly report Jun 2026,
Accumulator-Yield,Nuvama Asset Management Limited,Hybrid,,50,0.00,0.28,1.27,3.89,5.50,5.87,,,5.74,,,,2026-06-30,APMI monthly report Jun 2026,
Nuvama Protection Plus Strategy,Nuvama Asset Management Limited,Hybrid,,50,0.00,0.00,0.00,1.15,6.12,7.71,7.89,,7.87,,,,2026-06-30,APMI monthly report Jun 2026,
ProfitGate Debt Portfolio Management Services,PROFITGATE CAPITAL SERVICES LLP,Hybrid,,50,0.00,0.00,0.00,0.00,0.00,,,,0.00,,,,2026-06-30,APMI monthly report Jun 2026,
Barclays Discretionary Short Duration,Barclays Securities (India) Private Limited,Hybrid,,50,0.00,0.00,0.00,0.00,0.00,0.00,0.00,0.00,0.00,,,,2026-06-30,APMI monthly report Jun 2026,
Blended Debt Plus Hybrid Option,Nippon Life India Asset Management Ltd,Hybrid,,50,0.00,0.00,0.00,0.00,55.37,33.36,24.04,18.77,-7.82,,,,2026-06-30,APMI monthly report Jun 2026,
Enhanced Equity Portfolio,Nippon Life India Asset Management Ltd,Hybrid,,50,0.00,0.00,0.00,0.00,61.70,40.61,29.41,42.15,14.16,,,,2026-06-30,APMI monthly report Jun 2026,
KARMA CAPITAL LIQUID,Karma Capital Advisors Pvt Ltd.,Hybrid,0.50,50,0.00,0.03,0.80,,,,,,2.74,,,,2026-06-30,APMI monthly report Jun 2026,
Liquid PMS,Ladderup Asset Managers Private Limited,Hybrid,0.35,50,0.00,0.00,0.08,0.56,-21.75,-13.93,,,-13.51,,,,2026-06-30,APMI monthly report Jun 2026,
Vedartha Trust Investment Solution Strategy,Bandhan AMC Limited,Hybrid,1148.81,50,0.00,0.00,0.00,,,,,,0.00,,,,2026-06-30,APMI monthly report Jun 2026,
Debt Mandate,HDFC Asset Management Company Limited,Hybrid,,50,0.00,0.00,0.00,0.00,0.00,0.00,0.00,0.00,0.00,,,,2026-06-30,APMI monthly report Jun 2026,
ASSET LINKED PORTFOLIO,Aditya Birla Sun Life Amc Limited,Hybrid,,50,0.00,0.00,0.00,0.00,1.12,1.36,,,4.11,,,,2026-06-30,APMI monthly report Jun 2026,
East Green Liquid Strategy,East Green Advisors LLP,Hybrid,,50,0.00,0.00,0.00,0.00,0.00,0.00,,,0.00,,,,2026-06-30,APMI monthly report Jun 2026,
Financial freedom Debt,Hedge Equities Ltd,Hybrid,0.53,50,-0.19,1.69,3.17,7.83,,,,,7.43,,,,2026-06-30,APMI monthly report Jun 2026,
Wright Debt Fund,Wryght Research And Capital Private Limited,Hybrid,3.15,50,-0.55,0.51,2.03,6.98,4.97,,,,5.30,,,,2026-06-30,APMI monthly report Jun 2026,
Neo Core Income Accrual Strategy,Neo Asset Management Private Limited,Hybrid,23.64,50,-0.58,1.87,,,,,,,8.27,,,,2026-06-30,APMI monthly report Jun 2026,
ASTEYA LIQUID STP - DPMS,Asteya Investment Managers Llp,Hybrid,0.16,50,-1.13,,,,,,,,-0.77,,,,2026-06-30,APMI monthly report Jun 2026,
PRIMA - All Seasons Debt,LGT Wealth India Private Limited,Hybrid,8.24,50,-1.89,2.42,,,,,,,3.48,,,,2026-06-30,APMI monthly report Jun 2026,
Customised Portfolio Approach 2,Trivantage Capital Management India Private Limited,Hybrid,7.81,50,-2.48,0.35,2.93,14.19,12.32,11.13,9.96,8.39,7.24,,,,2026-06-30,APMI monthly report Jun 2026,
Maxiom PMS-EMERALD-NE Diversified Mutual Funds (Non-Equity),MAXIOM ASSET MANAGEMENT PRIVATE LIMITED,Hybrid,11.07,50,-4.00,1.11,1.92,23.40,,,,,21.75,,,,2026-06-30,APMI monthly report Jun 2026,
BESPOKEDebt,True Beacon Investment Advisors Llp,Hybrid,109.09,50,-4.53,-0.23,1.71,18.92,16.57,14.88,,,13.10,,,,2026-06-30,APMI monthly report Jun 2026,
Yield Maximiser Option,Nippon Life India Asset Management Ltd,Hybrid,1.18,50,-15.79,-15.88,6.49,24.32,72.19,33.72,15.91,6.28,6.40,,,,2026-06-30,APMI monthly report Jun 2026,
ALPHA LIQUID,Reliance Wealth Management Limited,Hybrid,0.73,50,-29.11,-28.30,-27.27,-25.18,-10.51,-4.95,-2.16,-1.09,0.26,,,,2026-06-30,APMI monthly report Jun 2026,
Taurus 360 - Bond Fund (T360-BF),TAURUS TREASURY MANAGEMENT SERVICES PRIVATE LIMITED,Hybrid,15.07,50,,,,,,,,,0.46,,,,2026-06-30,APMI monthly report Jun 2026,
Taurus 360 Balanced Credit Fund (T360-BCF),TAURUS TREASURY MANAGEMENT SERVICES PRIVATE LIMITED,Hybrid,10.14,50,,,,,,,,,1.43,,,,2026-06-30,APMI monthly report Jun 2026,
ASK Wealth Liquid & Overnight Fund,Ask Wealth Advisors Private Limited,Hybrid,2.05,50,,,,,,,,,0.13,,,,2026-06-30,APMI monthly report Jun 2026,
High Grade Portfolio - Part ll,Nippon Life India Asset Management Ltd,Hybrid,10.00,50,,,,,,,,,0.00,,,,2026-06-30,APMI monthly report Jun 2026,
CA Diversified Debt,Pioneer Client Associates Pvt Ltd,Hybrid,124.57,50,2.16,3.39,2.85,5.70,8.49,,,,8.20,,,,2026-06-30,APMI monthly report Jun 2026,
Sterling Consult Portfolio- Risk Averse,ICICI Securities Limited,Hybrid,31.72,50,2.07,3.08,2.45,4.68,7.07,7.13,,,7.26,,,,2026-06-30,APMI monthly report Jun 2026,
Barclays Non-Discretionary Dynamic Fixed Income,Barclays Securities (India) Private Limited,Hybrid,644.25,50,1.98,3.25,3.44,5.75,7.59,7.39,7.37,6.35,5.77,,,,2026-06-30,APMI monthly report Jun 2026,
WFIA PARTNER FIXED INCOME,Waterfield Financial And Investment Advisors Private Limited,Hybrid,104.65,50,1.78,2.12,0.00,,,,,,1.87,,,,2026-06-30,APMI monthly report Jun 2026,
Barclays Non-Discretionary Treasury Advantage,Barclays Securities (India) Private Limited,Hybrid,26.13,50,1.46,2.23,3.99,7.95,3.11,2.32,,,2.29,,,,2026-06-30,APMI monthly report Jun 2026,
360 ONE Consult PMS - Debt,360 One Portfolio Managers Limited (Formerly Known As Iifl Wealth Portfolio Managers Limited),Hybrid,69.32,50,1.35,3.96,2.86,6.09,7.83,9.01,8.55,7.83,8.09,,,,2026-06-30,APMI monthly report Jun 2026,
Sterling Consult Portfolio- Conservative,ICICI Securities Limited,Hybrid,30.88,50,1.30,5.50,0.50,4.87,6.43,8.98,,,10.87,,,,2026-06-30,APMI monthly report Jun 2026,
Ionic Yield Enhancer Strategy NDPMS,Angel One Investment Managers & Advisors Private Limited,Hybrid,6.95,50,1.29,2.12,3.67,,,,,,4.34,,,,2026-06-30,APMI monthly report Jun 2026,
OTD-ND,Unifi Capital P Ltd,Hybrid,353.54,50,1.27,2.34,4.01,8.01,0.00,0.00,0.00,0.00,8.01,,,,2026-06-30,APMI monthly report Jun 2026,
Dezerv Dynamic Debt Plus Strategy Non-Discretionary,Dezerv Investments Private Limited,Hybrid,12.41,50,1.27,2.44,4.56,10.47,,,,,10.69,,,,2026-06-30,APMI monthly report Jun 2026,
NDPMS - ABSL Customised Real Estate Portfolio,Aditya Birla Sun Life Amc Limited,Hybrid,146.11,50,1.20,3.71,7.95,,,,,,15.82,,,,2026-06-30,APMI monthly report Jun 2026,
Barclays Non-Discretionary Short Duration,Barclays Securities (India) Private Limited,Hybrid,92.51,50,1.18,2.29,3.56,7.32,8.14,7.84,7.61,6.51,7.03,,,,2026-06-30,APMI monthly report Jun 2026,
DELPHI INCOME SHIELD,Motilal Oswal Wealth Limited,Hybrid,237.93,50,1.17,2.47,5.26,,,,,,6.29,,,,2026-06-30,APMI monthly report Jun 2026,
Debt NEXT,Avendus Wealth Management Private Limited,Hybrid,4756.63,50,0.99,2.13,1.29,4.35,6.27,6.60,6.73,5.97,-3.09,,,,2026-06-30,APMI monthly report Jun 2026,
HDFC AMC MF Select Portfolio - Debt,HDFC Asset Management Company Limited,Hybrid,1351.48,50,0.90,1.94,2.86,5.86,7.15,,,,7.20,,,,2026-06-30,APMI monthly report Jun 2026,
NON-DISCRETIONARY LOW RISK SCHEMES PORTFOLIO,NJ Asset Management Private Limited,Hybrid,35.30,50,0.76,1.58,3.12,6.20,,,,,6.57,,,,2026-06-30,APMI monthly report Jun 2026,
ISEC Conservative Portfolio- Consult,ICICI Securities Limited,Hybrid,120.10,50,0.74,3.93,2.35,8.69,9.27,10.16,,,9.32,,,,2026-06-30,APMI monthly report Jun 2026,
IONIC LIQUID APPROACH NDPMS,Angel One Investment Managers & Advisors Private Limited,Hybrid,0.10,50,0.45,0.45,0.45,2.70,,,,,3.71,,,,2026-06-30,APMI monthly report Jun 2026,
PGIM INDIA DEBT NDPMS PORTFOLIO,PGIM India Asset Management Private Limited,Hybrid,,50,0.00,0.00,0.00,0.00,0.00,,,,0.00,,,,2026-06-30,APMI monthly report Jun 2026,
ISEC Risk Averse Portfolio- Consult,ICICI Securities Limited,Hybrid,,50,0.00,0.00,0.00,0.00,0.00,0.08,1.16,,1.33,,,,2026-06-30,APMI monthly report Jun 2026,
SIGMA - All Seasons Debt,LGT Wealth India Private Limited,Hybrid,,50,0.00,0.00,0.00,0.00,0.00,8.08,,,13.96,,,,2026-06-30,APMI monthly report Jun 2026,
Non Discretionary Portfolio - Conservative,Sanctum Wealth Private Limited,Hybrid,,50,0.00,0.00,0.00,0.00,0.00,0.00,,,1.19,,,,2026-06-30,APMI monthly report Jun 2026,
Debt Conservative,Avendus Wealth Management Private Limited,Hybrid,,50,0.00,0.00,0.00,2.12,5.87,6.43,6.38,6.68,5.65,,,,2026-06-30,APMI monthly report Jun 2026,
Debt Moderate,Avendus Wealth Management Private Limited,Hybrid,,50,0.00,0.00,0.00,0.00,0.00,0.00,,,0.00,,,,2026-06-30,APMI monthly report Jun 2026,
dezerv. Fixed-Income Strategy - Non Discretionary,Dezerv Investments Private Limited,Hybrid,215.30,50,-0.34,1.11,3.21,8.02,8.66,8.29,,,8.56,,,,2026-06-30,APMI monthly report Jun 2026,
Kotak Evolv Liquid NDPMS Investment Approach,Kotak Mahindra Asset Management Company Ltd,Hybrid,0.01,50,-1.62,-0.80,0.16,,,,,,0.16,,,,2026-06-30,APMI monthly report Jun 2026,
Northern Arc Non-Descretionary PMS,Northern Arc Investment Managers Pvt. Ltd.,Hybrid,374.53,50,-3.00,-1.71,0.78,5.83,8.16,10.97,7.85,,7.84,,,,2026-06-30,APMI monthly report Jun 2026,
Trivantage Capital NDPMS Portfolio 2,Trivantage Capital Management India Private Limited,Hybrid,0.31,50,-9.56,-4.19,4.64,42.59,36.08,31.39,26.24,22.39,13.66,,,,2026-06-30,APMI monthly report Jun 2026,
Omni Dynamic Allocator,Omniscience Capital Advisors Private Limited,Hybrid,0.05,50,3.15,14.41,2.12,,,,,,0.26,,,,2026-06-30,APMI monthly report Jun 2026,
INDEXMASTER INVESTMENT APPROACH,Composite Investments Private Limited,Hybrid,7.51,50,2.69,9.68,-1.35,,,,,,-1.69,,,,2026-06-30,APMI monthly report Jun 2026,
Citrus Mutual Fund Strategy (Moderate),Citrus Advisors Private Limited,Hybrid,0.56,50,2.62,10.43,2.88,4.33,4.74,,,,5.51,,,,2026-06-30,APMI monthly report Jun 2026,
Balanced FOF,Allegro Securities Pvt Ltd,Hybrid,1.58,50,2.50,7.28,-1.06,0.75,4.19,10.15,14.66,12.25,11.92,,,,2026-06-30,APMI monthly report Jun 2026,
GROWTHFINITI STABLE,Growthfiniti Wealth Pvt Ltd,Hybrid,1.66,50,2.50,8.85,-0.97,,,,,,2.19,,,,2026-06-30,APMI monthly report Jun 2026,
DYNAMIC ASSET ALLOCATION PORTFOLIO AGGRESSIVE,NJ Asset Management Private Limited,Hybrid,123.83,50,2.33,10.23,1.36,2.24,4.62,10.73,11.81,9.32,10.78,,,,2026-06-30,APMI monthly report Jun 2026,
Wealth Protector Multi Asset Strategy,Composite Investments Private Limited,Hybrid,58.69,50,2.33,4.58,3.08,6.11,6.72,8.21,8.47,7.58,7.51,,,,2026-06-30,APMI monthly report Jun 2026,
360 ONE Open - Managed Solutions Aggressive,360 One Portfolio Managers Limited (Formerly Known As Iifl Wealth Portfolio Managers Limited),Hybrid,54.75,50,2.27,10.06,-0.19,1.27,3.54,10.45,12.15,9.38,8.51,,,,2026-06-30,APMI monthly report Jun 2026,
Diversified Portfolio - Hybrid,HDFC Asset Management Company Limited,Hybrid,38.22,50,2.21,4.95,0.67,3.96,6.94,9.13,10.08,8.35,8.45,,,,2026-06-30,APMI monthly report Jun 2026,
Alt REIT InvIT Portfolio Strategy (ARIPS),Propshare Capital Advisors Private Limited,Hybrid,44.58,50,2.18,5.03,3.88,,,,,,4.68,,,,2026-06-30,APMI monthly report Jun 2026,
Edelweiss Event Arbitrage Portfolio Approach,Edelweiss Asset Management Ltd,Hybrid,0.30,50,2.16,6.25,1.79,3.81,2.52,5.05,5.62,5.23,7.44,,,,2026-06-30,APMI monthly report Jun 2026,
360 ONE Open - Managed Solutions Balanced,360 One Portfolio Managers Limited (Formerly Known As Iifl Wealth Portfolio Managers Limited),Hybrid,24.72,50,2.10,8.67,0.15,1.65,3.91,9.38,10.69,8.37,7.99,,,,2026-06-30,APMI monthly report Jun 2026,
360 ONE Open - Managed Solutions Conservative,360 One Portfolio Managers Limited (Formerly Known As Iifl Wealth Portfolio Managers Limited),Hybrid,5.33,50,2.09,6.68,0.92,2.56,4.80,8.57,9.52,7.65,7.79,,,,2026-06-30,APMI monthly report Jun 2026,
360 ONE Premium Mixed-Ultra Conservative,360 One Portfolio Managers Limited (Formerly Known As Iifl Wealth Portfolio Managers Limited),Hybrid,327.83,50,2.05,3.18,2.54,4.23,6.76,8.07,7.39,6.50,7.14,,,,2026-06-30,APMI monthly report Jun 2026,
360 ONE Open - Enhancer Series - Hybrid Enhancer,360 One Portfolio Managers Limited (Formerly Known As Iifl Wealth Portfolio Managers Limited),Hybrid,3.89,50,2.04,8.81,-1.38,0.33,2.95,,,,3.31,,,,2026-06-30,APMI monthly report Jun 2026,
Select Direct Asset Allocation Portfolio,Wealth Managers (India) Pvt. Ltd.,Hybrid,207.46,50,2.02,6.14,1.66,4.41,6.20,9.72,10.48,8.83,9.83,,,,2026-06-30,APMI monthly report Jun 2026,
Signature Option,Nippon Life India Asset Management Ltd,Hybrid,36.63,50,1.89,2.45,2.58,3.56,7.09,5.98,5.52,3.19,4.15,,,,2026-06-30,APMI monthly report Jun 2026,
NUCLEUS ALTERNATES,Waterfield Financial And Investment Advisors Private Limited,Hybrid,16.29,50,1.87,4.89,5.14,,,,,,5.51,,,,2026-06-30,APMI monthly report Jun 2026,
BONANZA PRUDENTIA,Bonanza Portfolio Limited,Hybrid,5.13,50,1.75,4.85,3.58,5.44,,,,,6.10,,,,2026-06-30,APMI monthly report Jun 2026,
BALANCED ADVANTAGE PORTFOLIO,NJ Asset Management Private Limited,Hybrid,200.17,50,1.64,7.21,-0.65,1.35,3.37,10.14,11.52,,8.65,,,,2026-06-30,APMI monthly report Jun 2026,
Prime Vision Balanced,PrimeInvestor Financial Research Private Limited,Hybrid,1.81,50,1.58,5.86,,,,,,,0.15,,,,2026-06-30,APMI monthly report Jun 2026,
360 ONE Premium Mixed-Balanced,360 One Portfolio Managers Limited (Formerly Known As Iifl Wealth Portfolio Managers Limited),Hybrid,19.19,50,1.53,2.88,3.34,7.99,8.76,8.89,8.50,,8.06,,,,2026-06-30,APMI monthly report Jun 2026,
FUNDMASTER INVESTMENT APPROACH,Composite Investments Private Limited,Hybrid,0.26,50,1.49,6.62,,,,,,,4.81,,,,2026-06-30,APMI monthly report Jun 2026,
Wright Multi Asset Portfolio,Wryght Research And Capital Private Limited,Hybrid,0.39,50,1.30,10.20,0.03,-1.12,,,,,-3.63,,,,2026-06-30,APMI monthly report Jun 2026,
DYNAMIC ETF ALLOCATION PORTFOLIO AGGRESSIVE,NJ Asset Management Private Limited,Hybrid,184.47,50,1.08,7.36,-1.68,0.78,3.86,9.70,10.61,8.67,9.09,,,,2026-06-30,APMI monthly report Jun 2026,
PMS Services to PF and Institutional Treasuries (Hybrid),SBI Funds Management Limited,Hybrid,711.21,50,0.91,3.38,1.07,4.02,3.66,7.16,8.23,,6.82,,,,2026-06-30,APMI monthly report Jun 2026,
Sterling Portfolio- Balanced Portfolio,ICICI Securities Limited,Hybrid,63.43,50,0.90,6.46,-0.84,3.35,5.72,12.39,,,12.00,,,,2026-06-30,APMI monthly report Jun 2026,
Prime Synergy,PrimeInvestor Financial Research Private Limited,Hybrid,26.51,50,0.86,7.61,,,,,,,1.80,,,,2026-06-30,APMI monthly report Jun 2026,
Prime Vision Ultra,PrimeInvestor Financial Research Private Limited,Hybrid,13.27,50,0.79,5.77,2.46,,,,,,2.23,,,,2026-06-30,APMI monthly report Jun 2026,
Financial freedom Hybrid,Hedge Equities Ltd,Hybrid,7.45,50,0.73,12.09,5.84,7.84,,,,,8.56,,,,2026-06-30,APMI monthly report Jun 2026,
Axis Hybrid Portfolio,Axis Asset Management Company Limited,Hybrid,9884.21,50,0.61,1.83,3.70,,,,,,5.32,,,,2026-06-30,APMI monthly report Jun 2026,
Valtrust STP,Valtrust Partners Llp,Hybrid,0.30,50,0.59,1.76,3.20,6.01,6.40,6.56,,,6.59,,,,2026-06-30,APMI monthly report Jun 2026,
Floater,Trustline Holdings Pvt Ltd,Hybrid,20.16,50,0.54,7.34,-1.61,-0.18,2.93,7.75,10.47,9.42,10.31,,,,2026-06-30,APMI monthly report Jun 2026,
DYNAMIC STOCK ALLOCATION PORTFOLIO AGGRESSIVE,NJ Asset Management Private Limited,Hybrid,262.44,50,0.49,8.35,-1.15,-3.69,2.23,7.41,8.46,5.77,7.86,,,,2026-06-30,APMI monthly report Jun 2026,
Prime Vision Growth,PrimeInvestor Financial Research Private Limited,Hybrid,21.05,50,0.45,5.36,0.94,,,,,,0.75,,,,2026-06-30,APMI monthly report Jun 2026,
Neo Club - Equity Advantage Products,Neo Asset Management Private Limited,Hybrid,314.61,50,0.30,2.59,4.26,10.19,9.85,,,,9.83,,,,2026-06-30,APMI monthly report Jun 2026,
Equicalm MFSIF Discretionary Portfolio,GoldStandard Wealth Private Limited,Hybrid,1.01,50,0.25,,,,,,,,0.61,,,,2026-06-30,APMI monthly report Jun 2026,
FINCART DIRECT MUTUAL FUND STRATEGIC PORTFOLIO,Credent Asset Management Services Private Limited,Hybrid,6.00,50,0.25,,,,,,,,1.85,,,,2026-06-30,APMI monthly report Jun 2026,
GROWTHFINITI CONSERVATIVE,Growthfiniti Wealth Pvt Ltd,Hybrid,0.10,50,0.18,1.26,-1.46,,,,,,-0.31,,,,2026-06-30,APMI monthly report Jun 2026,
Spark All Seasons Portfolio,Spark PWM Private Limited (Spark Family Office And Investment Advisors (India) Private Limited),Hybrid,61.88,50,0.01,12.09,3.09,14.13,8.86,14.22,14.59,,14.27,,,,2026-06-30,APMI monthly report Jun 2026,
Dynamic Allocation Strategy,Motilal Oswal Asset Management Company Limited - Portfolio Managers,Hybrid,,50,0.00,0.00,0.00,0.00,0.00,0.00,0.00,0.00,0.00,,,,2026-06-30,APMI monthly report Jun 2026,
ABM CORE PORTFOLIO,Aditya Birla Money Limited,Hybrid,,50,0.00,0.00,0.00,0.00,0.00,0.00,,,0.00,,,,2026-06-30,APMI monthly report Jun 2026,
ISEC Balanced Portfolio,ICICI Securities Limited,Hybrid,,50,0.00,0.00,0.00,-11.41,-5.21,7.35,9.40,7.32,7.84,,,,2026-06-30,APMI monthly report Jun 2026,
WRIGHT YIELDX BOND PORTFOLIO,Wryght Research And Capital Private Limited,Hybrid,,50,0.00,0.00,0.00,3.37,,,,,7.87,,,,2026-06-30,APMI monthly report Jun 2026,
Large Cap Portfolio,Nippon Life India Asset Management Ltd,Hybrid,,50,0.00,0.00,0.00,0.00,0.00,0.00,0.00,0.00,1.02,,,,2026-06-30,APMI monthly report Jun 2026,
Neo Core Hybrid Balanced Strategy,Neo Asset Management Private Limited,Hybrid,,50,0.00,0.00,-3.14,,,,,,-2.16,,,,2026-06-30,APMI monthly report Jun 2026,
Real Assets Portfolio,Wealth Managers (India) Pvt. Ltd.,Hybrid,1.97,50,-0.16,4.81,5.35,31.84,24.98,,,,21.97,,,,2026-06-30,APMI monthly report Jun 2026,
I-CORE,Composite Investments Private Limited,Hybrid,22.77,50,-0.30,5.66,1.07,5.73,8.55,11.88,13.13,9.24,9.93,,,,2026-06-30,APMI monthly report Jun 2026,
Ionic Allocate Portfolio-Moderate,Angel One Investment Managers & Advisors Private Limited,Hybrid,68.48,50,-0.89,7.18,5.79,23.88,,,,,24.36,,,,2026-06-30,APMI monthly report Jun 2026,
Valtrust Equity Hybrid Funds,Valtrust Partners Llp,Hybrid,1.73,50,-1.16,4.88,0.02,9.38,8.45,17.73,,,19.88,,,,2026-06-30,APMI monthly report Jun 2026,
InCred Vantage Portfolio,Incred Capital Wealth Portfolio Managers Private Limited,Hybrid,508.63,50,2.07,10.60,0.91,1.68,4.32,9.04,8.93,,7.95,,,,2026-06-30,APMI monthly report Jun 2026,
Spark Multi-Asset Class Portfolio (MAP),Spark PWM Private Limited (Spark Family Office And Investment Advisors (India) Private Limited),Hybrid,552.96,50,2.04,13.46,1.62,5.55,4.21,12.67,,,12.09,,,,2026-06-30,APMI monthly report Jun 2026,
Investment in Direct Schemes of Mutual Funds,The Hongkong And Shanghai Banking Corporation Limited,Hybrid,821.63,50,1.71,5.62,1.10,4.36,,,,,17.23,,,,2026-06-30,APMI monthly report Jun 2026,
Investment in Direct plans of Mutual Funds,The Hongkong And Shanghai Banking Corporation Limited,Hybrid,821.63,50,1.71,5.62,1.10,4.36,,,,,17.23,,,,2026-06-30,APMI monthly report Jun 2026,
HDFC AMC MF Select Portfolio - Hybrid,HDFC Asset Management Company Limited,Hybrid,772.94,50,1.58,5.91,0.01,3.50,5.42,8.60,,,8.59,,,,2026-06-30,APMI monthly report Jun 2026,
NON-DISCRETIONARY CONSERVATIVE SCHEMES PORTFOLIO,NJ Asset Management Private Limited,Hybrid,3.81,50,1.30,3.34,2.03,5.53,,,,,6.18,,,,2026-06-30,APMI monthly report Jun 2026,
Hybrid NEXT,Avendus Wealth Management Private Limited,Hybrid,2412.33,50,1.23,4.89,0.12,3.32,4.68,6.66,8.14,8.24,18.64,,,,2026-06-30,APMI monthly report Jun 2026,
NDPMS,Klay Securities Private Limited,Hybrid,676.40,50,1.19,9.40,-1.69,-0.06,2.25,8.96,10.15,7.12,6.76,,,,2026-06-30,APMI monthly report Jun 2026,
Sterling Consult Portfolio- Balanced,ICICI Securities Limited,Hybrid,230.73,50,1.11,7.45,-0.31,3.82,6.08,10.21,,,10.44,,,,2026-06-30,APMI monthly report Jun 2026,
NON-DISCRETIONARY HYBRID SCHEMES PORTFOLIO,NJ Asset Management Private Limited,Hybrid,120.01,50,1.04,7.50,-1.00,1.97,3.97,,,,12.19,,,,2026-06-30,APMI monthly report Jun 2026,
Hybrid Growth,Avendus Wealth Management Private Limited,Hybrid,2.15,50,0.84,0.98,-5.33,-2.30,-11.34,-12.13,-5.54,-2.25,-212.55,,,,2026-06-30,APMI monthly report Jun 2026,
CA Diversified Hybrid,Pioneer Client Associates Pvt Ltd,Hybrid,611.36,50,0.83,7.01,-1.11,3.79,6.49,,,,10.56,,,,2026-06-30,APMI monthly report Jun 2026,
Valtrust NDPMS,Valtrust Partners Llp,Hybrid,7.93,50,0.22,6.97,-5.05,-3.31,5.36,6.85,,,6.97,,,,2026-06-30,APMI monthly report Jun 2026,
ISEC Balanced Portfolio- Consult,ICICI Securities Limited,Hybrid,18.10,50,0.02,5.50,-0.44,4.65,5.87,9.02,9.35,,8.00,,,,2026-06-30,APMI monthly report Jun 2026,
WFIA PARTNER YIELD ENHANCER,Waterfield Financial And Investment Advisors Private Limited,Hybrid,,50,0.00,0.00,0.00,,,,,,0.00,,,,2026-06-30,APMI monthly report Jun 2026,
Hybrid Balanced,Avendus Wealth Management Private Limited,Hybrid,,50,0.00,0.00,0.00,256.49,97.22,63.33,49.36,38.45,10.50,,,,2026-06-30,APMI monthly report Jun 2026,
Hybrid Conservative,Avendus Wealth Management Private Limited,Hybrid,,50,0.00,0.00,0.00,0.00,0.00,2.30,-2.08,-0.61,5.67,,,,2026-06-30,APMI monthly report Jun 2026,
Hybrid Moderate,Avendus Wealth Management Private Limited,Hybrid,,50,0.00,0.00,0.00,19.39,11.95,6.55,6.98,1.62,5.85,,,,2026-06-30,APMI monthly report Jun 2026,
Ionic Large Value Portfolio,Angel One Investment Managers & Advisors Private Limited,Hybrid,183.64,50,-0.34,10.84,3.15,,,,,,3.38,,,,2026-06-30,APMI monthly report Jun 2026,
Ionic Co-Pilot Portfolio,Angel One Investment Managers & Advisors Private Limited,Hybrid,83.07,50,-0.80,5.87,-0.73,,,,,,0.31,,,,2026-06-30,APMI monthly report Jun 2026,
Ionic Allocate Select Portfolio,Angel One Investment Managers & Advisors Private Limited,Hybrid,96.36,50,-1.48,6.71,0.91,8.14,,,,,11.33,,,,2026-06-30,APMI monthly report Jun 2026,
FULL SERIES 2,Fident Asset Management Private Limited,Hybrid,14.68,50,39.32,39.31,37.40,,,,,,36.90,,,,2026-06-30,APMI monthly report Jun 2026,
FULL SERIES 4,Fident Asset Management Private Limited,Hybrid,12.64,50,19.16,23.82,20.08,,,,,,18.97,,,,2026-06-30,APMI monthly report Jun 2026,
FULL SERIES 5,Fident Asset Management Private Limited,Hybrid,11.57,50,15.98,16.87,9.37,,,,,,9.47,,,,2026-06-30,APMI monthly report Jun 2026,
Full Series 7,Fident Asset Management Private Limited,Hybrid,12.32,50,9.89,9.88,5.84,,,,,,7.17,,,,2026-06-30,APMI monthly report Jun 2026,
MONEYGROW BESPOKE,Moneygrow Asset Private Limited,Hybrid,136.18,50,8.60,43.10,14.62,4.72,8.95,15.96,,,19.84,,,,2026-06-30,APMI monthly report Jun 2026,
DYNAMICMF,Dynamic Equities Pvt Ltd,Hybrid,0.04,50,7.60,19.34,8.29,,,,,,8.88,,,,2026-06-30,APMI monthly report Jun 2026,
INVESQ OPTIMISER PORTFOLIO,INVESQ INVESTMENT MANAGERS LLP,Hybrid,15.71,50,6.10,16.72,,,,,,,16.48,,,,2026-06-30,APMI monthly report Jun 2026,
XPONENT TRIBE LLP - XPONENT TRIBE MANAGED WEALTH PORTFOLIO,Xponent Tribe LLP,Hybrid,132.34,50,6.03,59.13,52.87,64.21,,,,,62.81,,,,2026-06-30,APMI monthly report Jun 2026,
PLUSWEALTH CAPITAL MANAGEMENT LLP - PLUSWEALTH CATALYST,PLUSWEALTH CAPITAL MANAGEMENT LLP,Hybrid,2.76,50,5.67,49.30,52.53,,,,,,48.75,,,,2026-06-30,APMI monthly report Jun 2026,
Dynamic gems,TRADESWIFT BROKING PRIVATE LIMITED,Hybrid,47.46,50,5.39,23.31,5.48,-0.43,3.91,,,,11.61,,,,2026-06-30,APMI monthly report Jun 2026,
Quantitative Alpha Fund,FORTUNE WEALTH MANAGEMENT CO INDIA P LTD,Hybrid,27.37,50,3.90,18.85,4.28,1.98,,,,,12.82,,,,2026-06-30,APMI monthly report Jun 2026,
AA Premium Advantage,Alpha Alternatives Fund Advisors LLP,Hybrid,10.35,50,3.22,37.18,-9.15,-21.11,,,,,-35.64,,,,2026-06-30,APMI monthly report Jun 2026,
Quantum OCIO Strategy,Quantum Advisors Private Limited,Hybrid,37.91,50,3.16,16.35,1.50,5.43,,,,,6.61,,,,2026-06-30,APMI monthly report Jun 2026,
FORTUNA THREE - MULTI ASSET GROWTH STRATEGY,Fortuna Asset Managers LLP,Hybrid,0.73,50,2.77,9.07,,,,,,,7.13,,,,2026-06-30,APMI monthly report Jun 2026,
Purnartha One Strategy,Purnartha Investment Advisers Private Limited,Hybrid,9.47,50,2.54,14.62,4.41,4.67,6.67,,,,8.73,,,,2026-06-30,APMI monthly report Jun 2026,
Tailwind Capital Surge PMS,Tailwind Financial Services Private Limited,Hybrid,6.99,50,2.29,13.07,0.42,,,,,,1.51,,,,2026-06-30,APMI monthly report Jun 2026,
Neo Club - Multi Asset Structure Investment Strategy - Moderate Portfolio,Neo Asset Management Private Limited,Hybrid,2.79,50,2.26,14.40,-0.12,-5.31,2.35,,,,8.61,,,,2026-06-30,APMI monthly report Jun 2026,
Prudent Multi Asset PMS,Prudent Investment Managers LLP,Hybrid,21.56,50,2.18,19.51,6.95,9.75,15.08,20.11,18.87,,18.79,,,,2026-06-30,APMI monthly report Jun 2026,
Omni Super Pay,Omniscience Capital Advisors Private Limited,Hybrid,7.60,50,2.17,12.50,0.84,,,,,,-1.97,,,,2026-06-30,APMI monthly report Jun 2026,
OAKS ASSET ALLOCATOR,Oaks Asset Management Private Limited,Hybrid,131.33,50,2.10,9.94,-0.30,2.38,-1.86,7.41,9.72,,7.11,,,,2026-06-30,APMI monthly report Jun 2026,
Tailwind Capital Shield PMS,Tailwind Financial Services Private Limited,Hybrid,0.39,50,2.10,6.87,5.45,,,,,,20.95,,,,2026-06-30,APMI monthly report Jun 2026,
Fident Unlisted and Listed Large Value Portfolio (FULL) - Series 1,Fident Asset Management Private Limited,Hybrid,12.15,50,2.03,19.17,18.89,-9.00,,,,,0.21,,,,2026-06-30,APMI monthly report Jun 2026,
"Nucleus ""Multi-Asset"" Purchasing Power Preserver",Waterfield Financial And Investment Advisors Private Limited,Hybrid,51.18,50,2.03,6.35,2.35,17.91,0.00,0.00,,,18.03,,,,2026-06-30,APMI monthly report Jun 2026,
Neo Club - Multi Asset Structure Investment Strategy - Aggressive portfolio,Neo Asset Management Private Limited,Hybrid,23.99,50,1.97,21.71,2.62,-2.69,3.66,,,,9.12,,,,2026-06-30,APMI monthly report Jun 2026,
RHPMPL - ALLIANCE PORTFOLIO,Right Horizons Portfolio Management Pvt Ltd,Hybrid,133.92,50,1.95,8.61,0.52,0.21,3.88,11.87,12.61,10.47,8.68,,,,2026-06-30,APMI monthly report Jun 2026,
REITs and InvITs Income Portfolio,Nippon Life India Asset Management Ltd,Hybrid,142.83,50,1.88,5.37,1.77,,,,,,1.77,,,,2026-06-30,APMI monthly report Jun 2026,
Shree Dynamic Plan,Shree Rama Managers Llp,Hybrid,10.95,50,1.82,6.90,-4.27,-4.21,-0.62,5.90,,,8.35,,,,2026-06-30,APMI monthly report Jun 2026,
Julius Baer All Weather Portfolio- Core,Julius Baer Wealth Advisors (India) Private Limited,Hybrid,3.74,50,1.76,8.36,0.29,6.79,6.68,12.15,12.54,9.76,10.06,,,,2026-06-30,APMI monthly report Jun 2026,
Customized Discretionary Solutions Multi Asset,Ask Wealth Advisors Private Limited,Hybrid,878.31,50,1.72,4.98,,,,,,,-1.79,,,,2026-06-30,APMI monthly report Jun 2026,
Asset Allocation with Dynamic Rebalancing,AAROHAN HOLDINGS AND ADVISORS PRIVATE LIMITED,Hybrid,199.11,50,1.70,8.16,-0.25,5.65,5.65,16.72,16.70,12.64,11.46,,,,2026-06-30,APMI monthly report Jun 2026,
PRAJANA ANCHOR,Prajana Advisors Private Limited,Hybrid,162.88,50,1.68,12.11,,,,,,,8.54,,,,2026-06-30,APMI monthly report Jun 2026,
UNICORN Active Alpha India Asset Allocation Portfolio,UNICORN INVESTMENT MANAGERS LLP,Hybrid,0.50,50,1.65,11.59,0.52,,,,,,0.52,,,,2026-06-30,APMI monthly report Jun 2026,
Ace Multi-Asset Portfolio,Asit C. Mehta Investment Interrmediates Ltd.,Hybrid,12.44,50,1.65,9.79,1.09,6.66,4.74,23.97,27.09,19.63,16.41,,,,2026-06-30,APMI monthly report Jun 2026,
Julius Baer All Weather Portfolio- Plus,Julius Baer Wealth Advisors (India) Private Limited,Hybrid,14.76,50,1.61,9.27,-0.43,5.69,5.84,12.07,,,13.21,,,,2026-06-30,APMI monthly report Jun 2026,
SAPIENT TAMOHARA MULTI ASSET STRATEGY,Tamohara Investment Managers Pvt Ltd,Hybrid,17.56,50,1.61,11.37,-2.18,2.53,3.93,10.91,12.27,10.21,7.29,,,,2026-06-30,APMI monthly report Jun 2026,
Dezerv. Infra yield assets,Dezerv Investments Private Limited,Hybrid,95.40,50,1.58,4.96,4.12,20.29,18.11,,,,16.78,,,,2026-06-30,APMI monthly report Jun 2026,
Omni Super Invest,Omniscience Capital Advisors Private Limited,Hybrid,5.08,50,1.58,11.23,3.97,,,,,,3.12,,,,2026-06-30,APMI monthly report Jun 2026,
Stability Reserve Strategy,Dezerv Investments Private Limited,Hybrid,5.56,50,1.54,2.13,2.96,5.32,,,,,5.32,,,,2026-06-30,APMI monthly report Jun 2026,
LATENT ADVISORS LLP WEALTH TREK STRATEGY,Latent Advisors LLP,Hybrid,6.81,50,1.53,8.61,0.00,,,,,,0.90,,,,2026-06-30,APMI monthly report Jun 2026,
Discretionary MAC Moderately Conservative,Barclays Securities (India) Private Limited,Hybrid,33.83,50,1.52,4.27,1.22,,,,,,0.96,,,,2026-06-30,APMI monthly report Jun 2026,
Agreya Multi-Asset,Agreya Capital Advisors Llp,Hybrid,393.81,50,1.46,6.63,0.81,5.14,7.54,9.91,10.59,9.30,9.67,,,,2026-06-30,APMI monthly report Jun 2026,
Dezerv SmartTax Balanced Growth Strategy,Dezerv Investments Private Limited,Hybrid,63.09,50,1.43,6.02,0.67,5.06,,,,,9.10,,,,2026-06-30,APMI monthly report Jun 2026,
TAMOHARA MULTI ASSET STRATEGY,Tamohara Investment Managers Pvt Ltd,Hybrid,140.86,50,1.42,9.12,-4.53,2.57,6.24,8.29,9.65,8.91,9.91,,,,2026-06-30,APMI monthly report Jun 2026,
DB India Multi-Asset Mandate / Combination of Growth & Income,Deutsche Investments India Private Limited,Hybrid,160.82,50,1.41,4.23,0.27,3.56,5.07,7.57,8.02,6.59,7.19,,,,2026-06-30,APMI monthly report Jun 2026,
Impetus Trinity FoF Portfolio,Impetus Arthasutra Pvt Lted,Hybrid,7.69,50,1.39,9.67,-0.20,,,,,,2.78,,,,2026-06-30,APMI monthly report Jun 2026,
Curate,LGT Wealth India Private Limited,Hybrid,94.05,50,1.38,6.43,0.81,,,,,,2.41,,,,2026-06-30,APMI monthly report Jun 2026,
UNICORN CUSTOM PORTFOLIO,UNICORN INVESTMENT MANAGERS LLP,Hybrid,30.71,50,1.37,6.03,19.73,8.35,,,,,-2.77,,,,2026-06-30,APMI monthly report Jun 2026,
Anchor,Capitalmind Financial Services Private Limited,Hybrid,9.21,50,1.25,6.73,,,,,,,5.01,,,,2026-06-30,APMI monthly report Jun 2026,
Aquila PMS,Scient Capital Pvt Ltd,Hybrid,14.26,50,1.25,14.47,-0.57,0.25,3.63,6.76,6.43,4.90,5.37,,,,2026-06-30,APMI monthly report Jun 2026,
Neo Multi Asset Aggressive Strategy,Neo Asset Management Private Limited,Hybrid,48.12,50,1.25,11.55,-0.19,,,,,,9.85,,,,2026-06-30,APMI monthly report Jun 2026,
UNICORN ASSET ALLOCATION BALANCED PORTFOLIO,UNICORN INVESTMENT MANAGERS LLP,Hybrid,2.95,50,1.19,5.28,,,,,,,-1.52,,,,2026-06-30,APMI monthly report Jun 2026,
PRISM,Avendus Wealth Management Private Limited,Hybrid,22.50,50,1.18,7.72,0.54,,,,,,1.28,,,,2026-06-30,APMI monthly report Jun 2026,
Agreya Multi-Asset Enhancer,Agreya Capital Advisors Llp,Hybrid,75.38,50,1.14,4.03,-1.33,3.57,7.41,10.34,10.64,10.81,14.36,,,,2026-06-30,APMI monthly report Jun 2026,
Multi Asset Income,Marcellus Investment Managers Private Limited,Hybrid,1.21,50,1.13,,,,,,,,1.13,,,,2026-06-30,APMI monthly report Jun 2026,
Shree Wealth Builder Plan,Shree Rama Managers Llp,Hybrid,26.37,50,1.11,11.76,-0.40,1.70,4.76,13.68,15.55,,12.04,,,,2026-06-30,APMI monthly report Jun 2026,
Neo Core Multi Asset Capital Compounder Strategy,Neo Asset Management Private Limited,Hybrid,500.49,50,1.06,8.99,-0.65,,,,,,7.73,,,,2026-06-30,APMI monthly report Jun 2026,
LATENT CASH MANAGEMENT SCHEME,Latent Advisors LLP,Hybrid,1.68,50,1.05,1.88,0.31,2.28,3.78,,,,6.27,,,,2026-06-30,APMI monthly report Jun 2026,
Kotak Evolv Plus Asset Allocation Investment Approach,Kotak Mahindra Asset Management Company Ltd,Hybrid,1084.96,50,1.02,6.32,1.40,3.90,4.55,,,,10.35,,,,2026-06-30,APMI monthly report Jun 2026,
Dezerv Wealth Account,Dezerv Investments Private Limited,Hybrid,61.93,50,0.91,7.82,-0.39,6.17,8.58,13.64,,,14.63,,,,2026-06-30,APMI monthly report Jun 2026,
LATENT MULTI ASSET SCHEME,Latent Advisors LLP,Hybrid,45.10,50,0.91,5.96,-3.09,2.17,6.09,,,,7.48,,,,2026-06-30,APMI monthly report Jun 2026,
RHPMPL - ALL SEASON FUND,Right Horizons Portfolio Management Pvt Ltd,Hybrid,42.17,50,0.91,12.84,1.76,6.51,6.93,13.95,15.41,12.35,14.35,,,,2026-06-30,APMI monthly report Jun 2026,
Kotak Evolv Aggressive Asset Allocation Investment Approach,Kotak Mahindra Asset Management Company Ltd,Hybrid,127.03,50,0.88,11.49,-0.39,2.34,2.64,12.14,,,12.06,,,,2026-06-30,APMI monthly report Jun 2026,
Neo Core Multi Asset Conservative Strategy,Neo Asset Management Private Limited,Hybrid,39.82,50,0.88,4.40,3.54,,,,,,3.94,,,,2026-06-30,APMI monthly report Jun 2026,
RHPMPL- MULTI ASSET PORTFOLIO,Right Horizons Portfolio Management Pvt Ltd,Hybrid,295.96,50,0.87,6.97,-1.20,-1.93,3.60,7.70,8.46,6.13,7.42,,,,2026-06-30,APMI monthly report Jun 2026,
Infinity Core Approach,Nuvama Asset Management Limited,Hybrid,1071.31,50,0.86,6.64,1.34,8.80,8.69,12.54,11.75,10.12,11.08,,,,2026-06-30,APMI monthly report Jun 2026,
Barclays Discretionary Multi Asset Class Moderately Aggressive,Barclays Securities (India) Private Limited,Hybrid,79.78,50,0.86,8.04,-0.34,6.36,8.78,,,,10.39,,,,2026-06-30,APMI monthly report Jun 2026,
Ametra FactorCapro PMS,Ametra Investment Managers Private Limited,Hybrid,5.86,50,0.83,1.91,2.49,,,,,,5.56,,,,2026-06-30,APMI monthly report Jun 2026,
Accumulator,Nuvama Asset Management Limited,Hybrid,33.25,50,0.78,8.22,-0.11,5.09,4.34,11.01,,,10.76,,,,2026-06-30,APMI monthly report Jun 2026,
Discretionary MAC Balanced POOL,Barclays Securities (India) Private Limited,Hybrid,1.58,50,0.76,5.75,0.26,,,,,,0.74,,,,2026-06-30,APMI monthly report Jun 2026,
"Nucleus ""Multi-Asset"" Capital Compounder",Waterfield Financial And Investment Advisors Private Limited,Hybrid,306.96,50,0.75,8.42,0.46,7.70,8.66,11.90,,,11.68,,,,2026-06-30,APMI monthly report Jun 2026,
Kotak Evolv Moderate Asset Allocation Investment Approach,Kotak Mahindra Asset Management Company Ltd,Hybrid,51.19,50,0.69,7.69,0.89,4.46,4.84,10.82,,,9.87,,,,2026-06-30,APMI monthly report Jun 2026,
Fisdom Custom Edge,Finwizard Technology Private Limited,Hybrid,208.20,50,0.67,12.47,2.13,8.10,,,,,8.14,,,,2026-06-30,APMI monthly report Jun 2026,
"Nucleus ""Multi-Asset"" Lifestyle Maintainer",Waterfield Financial And Investment Advisors Private Limited,Hybrid,147.27,50,0.63,7.68,0.65,7.28,0.00,0.00,,,10.84,,,,2026-06-30,APMI monthly report Jun 2026,
Kotak Pioneer Model Strategy Investment Approach Aggressive,Kotak Mahindra Asset Management Company Ltd,Hybrid,64.25,50,0.62,9.99,0.45,11.31,9.87,15.54,15.35,,15.24,,,,2026-06-30,APMI monthly report Jun 2026,
Complete Circle PMS Multi Asset Approach,Complete Circle Wealth Solutions Llp,Hybrid,,50,0.56,,,,,,,,1.47,,,,2026-06-30,APMI monthly report Jun 2026,
Kotak Evolv Conservative Asset Allocation Investment Approach,Kotak Mahindra Asset Management Company Ltd,Hybrid,15.65,50,0.54,5.30,1.59,5.65,5.98,9.71,,,9.64,,,,2026-06-30,APMI monthly report Jun 2026,
360 ONE Mandate - Conservative,360 One Portfolio Managers Limited (Formerly Known As Iifl Wealth Portfolio Managers Limited),Hybrid,1077.02,50,0.43,7.24,0.64,7.37,8.33,11.78,11.58,10.01,10.41,,,,2026-06-30,APMI monthly report Jun 2026,
Aggressive,Barclays Securities (India) Private Limited,Hybrid,121.30,50,0.40,9.12,-2.04,4.35,6.75,12.62,,,13.27,,,,2026-06-30,APMI monthly report Jun 2026,
ASK Wealth Core Aggressive,Ask Wealth Advisors Private Limited,Hybrid,26.92,50,0.34,9.02,-0.77,3.71,4.89,11.94,13.97,,12.95,,,,2026-06-30,APMI monthly report Jun 2026,
The First Global Indian Multi-Asset Allocation PMS (IMAAP),First Global Finance Private Limited,Hybrid,20.19,50,0.30,8.24,-1.89,2.58,2.39,10.06,12.67,9.61,13.46,,,,2026-06-30,APMI monthly report Jun 2026,
DGS Consolidated Strategy,DGS Capital Management Private Limited,Hybrid,182.97,50,0.29,16.27,-2.20,-8.57,8.54,18.68,19.32,14.39,11.13,,,,2026-06-30,APMI monthly report Jun 2026,
SBI Sunrise Gold,SBI Funds Management Limited,Hybrid,2.10,50,0.28,5.92,-4.61,2.34,6.42,11.81,12.87,10.78,10.52,,,,2026-06-30,APMI monthly report Jun 2026,
Full Series 6,Fident Asset Management Private Limited,Hybrid,55.91,50,0.27,0.32,-0.07,,,,,,3.49,,,,2026-06-30,APMI monthly report Jun 2026,
ASK Wealth Harmony Aggressive,Ask Wealth Advisors Private Limited,Hybrid,85.02,50,0.25,7.82,-0.71,6.25,6.92,14.41,14.91,,9.88,,,,2026-06-30,APMI monthly report Jun 2026,
Trust Anchor,Trust Investment Advisors Pvt. Ltd.,Hybrid,,50,0.24,-0.85,-5.19,-1.71,3.46,,,,6.81,,,,2026-06-30,APMI monthly report Jun 2026,
Kotak Pioneer Model Strategy Investment Approach Moderate,Kotak Mahindra Asset Management Company Ltd,Hybrid,7.37,50,0.23,7.69,1.56,11.00,10.14,13.35,12.96,,12.95,,,,2026-06-30,APMI monthly report Jun 2026,
360 ONE Mandate - Aggressive,360 One Portfolio Managers Limited (Formerly Known As Iifl Wealth Portfolio Managers Limited),Hybrid,2301.26,50,0.19,9.58,-0.75,5.50,6.89,13.34,14.34,11.61,10.96,,,,2026-06-30,APMI monthly report Jun 2026,
Neo Multi Asset Moderate Strategy,Neo Asset Management Private Limited,Hybrid,343.26,50,0.13,8.87,0.88,,,,,,11.73,,,,2026-06-30,APMI monthly report Jun 2026,
Agreya Portfolio Return Optimiser,Agreya Capital Advisors Llp,Hybrid,65.94,50,0.11,8.23,-2.47,9.41,8.61,8.76,15.38,,11.48,,,,2026-06-30,APMI monthly report Jun 2026,
Shree STP,Shree Rama Managers Llp,Hybrid,0.30,50,0.11,0.81,1.61,2.93,3.61,4.40,4.73,,4.71,,,,2026-06-30,APMI monthly report Jun 2026,
UNICORN ASSET ALLOCATION GROWTH PORTFOLIO,UNICORN INVESTMENT MANAGERS LLP,Hybrid,1.08,50,0.06,6.97,-5.51,-3.75,,,,,-1.38,,,,2026-06-30,APMI monthly report Jun 2026,
dezerv. IPA Growth Strategy,Dezerv Investments Private Limited,Hybrid,4.97,50,0.04,6.40,-0.34,4.85,5.96,13.01,14.19,,13.77,,,,2026-06-30,APMI monthly report Jun 2026,
Motilal Oswal Multi-asset Momentum Strategy,Motilal Oswal Asset Management Company Limited - Portfolio Managers,Hybrid,,50,0.00,0.00,0.00,0.00,0.00,0.00,0.00,,0.00,,,,2026-06-30,APMI monthly report Jun 2026,
Customised Discretionary Portfolio - Multi-Asset,360 ONE Asset Management Limited,Hybrid,,50,0.00,0.00,59.32,59.18,120.11,65.97,46.04,36.28,29.49,,,,2026-06-30,APMI monthly report Jun 2026,
NIO,Ithought Financial Consulting Llp,Hybrid,143.54,50,0.00,5.98,-7.75,0.84,9.66,18.34,,,18.85,,,,2026-06-30,APMI monthly report Jun 2026,
dezerv. IPA Balanced Strategy,Dezerv Investments Private Limited,Hybrid,,50,0.00,4.16,-3.04,-0.97,2.87,9.17,,,10.54,,,,2026-06-30,APMI monthly report Jun 2026,
Arthya Multi Asset Portfolio,Arthya Wealth And Investments Private Limited,Hybrid,,50,0.00,0.00,0.00,0.00,0.00,0.00,0.00,,0.00,,,,2026-06-30,APMI monthly report Jun 2026,
ISEC Multi Asset Growth Portfolio,ICICI Securities Limited,Hybrid,,50,0.00,0.00,0.00,1.59,1.27,13.84,15.47,11.98,12.32,,,,2026-06-30,APMI monthly report Jun 2026,
LINEA,LGT Wealth India Private Limited,Hybrid,,50,0.00,0.00,0.00,0.00,-70.53,,,,-59.06,,,,2026-06-30,APMI monthly report Jun 2026,
RHPMPL - YIELD MULTIPLIER-I,Right Horizons Portfolio Management Pvt Ltd,Hybrid,10.18,50,0.00,-7.48,-7.47,-8.38,-4.29,-2.86,-2.14,-1.68,2.12,,,,2026-06-30,APMI monthly report Jun 2026,
Balanced,Barclays Securities (India) Private Limited,Hybrid,,50,0.00,0.00,0.00,0.00,0.00,0.00,,,0.00,,,,2026-06-30,APMI monthly report Jun 2026,
Neo Club - Multi Asset Investment Strategy - Neo Eka Samvid (Moderate) PMS,Neo Asset Management Private Limited,Hybrid,,50,0.00,0.00,0.00,0.00,0.00,0.00,,,0.00,,,,2026-06-30,APMI monthly report Jun 2026,
Neo Club - Multi Asset Structure Investment Strategy - Neo Eka Lakshya (Moderately Aggressive) PMS,Neo Asset Management Private Limited,Hybrid,,50,0.00,0.00,0.00,0.00,0.00,0.00,,,0.00,,,,2026-06-30,APMI monthly report Jun 2026,
Neo Club - Multi Asset Investment Strategy - Neo Eka Naya (Active Management) PMS,Neo Asset Management Private Limited,Hybrid,,50,0.00,0.00,0.00,0.00,0.00,0.00,,,0.00,,,,2026-06-30,APMI monthly report Jun 2026,
Neo Club - Multi Asset Structure Investment Product,Neo Asset Management Private Limited,Hybrid,,50,0.00,0.00,0.00,0.00,0.00,0.00,,,0.00,,,,2026-06-30,APMI monthly report Jun 2026,
Neo Club - Multi Asset Structure Investment Strategy,Neo Asset Management Private Limited,Hybrid,,50,0.00,0.00,0.00,0.00,0.00,0.00,,,0.00,,,,2026-06-30,APMI monthly report Jun 2026,
Neo Club - Multi Asset Structure Investment Strategy - Neo Eka Arista (Conservative) PMS,Neo Asset Management Private Limited,Hybrid,,50,0.00,0.00,0.00,0.00,0.00,0.00,,,0.00,,,,2026-06-30,APMI monthly report Jun 2026,
Buoyant All Weather PMS,Buoyant Capital Private Limited,Hybrid,,50,0.00,0.00,-0.94,9.86,9.67,9.55,9.57,,8.64,,,,2026-06-30,APMI monthly report Jun 2026,
Julius Baer India Select Portfolio,Julius Baer Wealth Advisors (India) Private Limited,Hybrid,52.29,50,-0.04,7.87,-0.43,12.06,9.29,,,,13.70,,,,2026-06-30,APMI monthly report Jun 2026,
ASKWA Harmony Conservative,Ask Wealth Advisors Private Limited,Hybrid,0.70,50,-0.04,2.80,2.99,11.02,10.67,11.37,10.56,7.86,7.69,,,,2026-06-30,APMI monthly report Jun 2026,
dezerv. IPA Aggressive Strategy,Dezerv Investments Private Limited,Hybrid,2.75,50,-0.05,7.46,-2.31,2.82,4.75,13.55,15.09,,14.17,,,,2026-06-30,APMI monthly report Jun 2026,
Ametra FactorIncome PMS,Ametra Investment Managers Private Limited,Hybrid,17.70,50,-0.06,2.68,1.02,7.51,,,,,6.12,,,,2026-06-30,APMI monthly report Jun 2026,
Sanctum Multi Asset Portfolios - Enhancement,Sanctum Wealth Private Limited,Hybrid,10.11,50,-0.07,4.54,0.99,10.50,11.21,15.48,,,13.79,,,,2026-06-30,APMI monthly report Jun 2026,
dezerv. IPA Conservative Strategy,Dezerv Investments Private Limited,Hybrid,1.47,50,-0.08,3.11,1.70,6.83,7.87,10.43,10.51,,10.31,,,,2026-06-30,APMI monthly report Jun 2026,
Vallum India Multi-Activa Strategy,Vallum Capital Advisors Private Limited,Hybrid,8.36,50,-0.10,6.74,10.05,31.23,,,,,24.54,,,,2026-06-30,APMI monthly report Jun 2026,
SBI Sunrise Silver,SBI Funds Management Limited,Hybrid,0.35,50,-0.15,3.97,-1.03,6.94,8.98,11.19,11.07,9.31,10.87,,,,2026-06-30,APMI monthly report Jun 2026,
Omni Navigator,Omniscience Capital Advisors Private Limited,Hybrid,0.05,50,-0.16,10.71,3.92,,,,,,5.55,,,,2026-06-30,APMI monthly report Jun 2026,
Mojo Asset Divergence Alpha Fund,Markets MoJo Asset Management Private Limited,Hybrid,24.93,50,-0.19,,,,,,,,-0.11,,,,2026-06-30,APMI monthly report Jun 2026,
Ionic Allocate Portfolio-Aggressive,Angel One Investment Managers & Advisors Private Limited,Hybrid,184.44,50,-0.28,10.96,4.78,15.42,,,,,18.69,,,,2026-06-30,APMI monthly report Jun 2026,
360 ONE Large Value Strategy Alternates PMS,360 ONE Asset Management Limited,Hybrid,290.17,50,-0.29,4.66,4.36,,,,,,3.95,,,,2026-06-30,APMI monthly report Jun 2026,
MONEYGROW DYNAMIC ASSET ALLOCATION,Moneygrow Asset Private Limited,Hybrid,0.50,50,-0.29,8.28,,,,,,,0.48,,,,2026-06-30,APMI monthly report Jun 2026,
Sanctum Multi Asset Portfolios -Generation,Sanctum Wealth Private Limited,Hybrid,71.31,50,-0.29,7.29,0.31,8.68,10.15,17.79,18.90,,14.96,,,,2026-06-30,APMI monthly report Jun 2026,
Kotak Pioneer Model Strategy Investment Approach Conservative,Kotak Mahindra Asset Management Company Ltd,Hybrid,1.15,50,-0.29,3.61,5.06,22.15,15.95,14.70,13.11,,13.10,,,,2026-06-30,APMI monthly report Jun 2026,
Full Series 3,Fident Asset Management Private Limited,Hybrid,50.84,50,-0.31,-0.44,-0.28,,,,,,-0.46,,,,2026-06-30,APMI monthly report Jun 2026,
Sanctum Multi Asset Portfolios -Shield,Sanctum Wealth Private Limited,Hybrid,18.10,50,-0.33,2.58,1.95,9.38,10.33,11.88,11.05,,9.44,,,,2026-06-30,APMI monthly report Jun 2026,
Ionic Summit Portfolio-Aggressive,Angel One Investment Managers & Advisors Private Limited,Hybrid,2.05,50,-0.38,8.20,,,,,,,-1.25,,,,2026-06-30,APMI monthly report Jun 2026,
ProfitGate Treasury Direct MultiAsset Strategy,PROFITGATE CAPITAL SERVICES LLP,Hybrid,176.34,50,-0.38,6.28,3.48,11.14,11.16,,,,10.65,,,,2026-06-30,APMI monthly report Jun 2026,
FIXED INCOME PLUS,SINCERE SYNDICATION AND CORPORATE SERVICES LLP,Hybrid,32.30,50,-0.38,3.61,-0.76,3.23,3.91,7.77,,,7.67,,,,2026-06-30,APMI monthly report Jun 2026,
PROSPECT ASSET ALLOCATION STRATEGY,Harmoney Finserv India Private Limited,Hybrid,26.83,50,-0.42,14.21,3.90,12.81,10.41,15.29,17.00,13.92,11.59,,,,2026-06-30,APMI monthly report Jun 2026,
Multi Asset Aggresive,Marcellus Investment Managers Private Limited,Hybrid,16.95,50,-0.47,7.99,-0.44,7.49,,,,,8.61,,,,2026-06-30,APMI monthly report Jun 2026,
ASK Wealth Core Balanced,Ask Wealth Advisors Private Limited,Hybrid,27.75,50,-0.51,6.21,1.98,10.70,10.84,14.74,,,14.75,,,,2026-06-30,APMI monthly report Jun 2026,
MultiAssetConservative,Marcellus Investment Managers Private Limited,Hybrid,2.04,50,-0.54,4.93,0.32,8.29,,,,,9.06,,,,2026-06-30,APMI monthly report Jun 2026,
360 ONE Mandate - Balanced,360 One Portfolio Managers Limited (Formerly Known As Iifl Wealth Portfolio Managers Limited),Hybrid,5068.77,50,-0.59,5.15,0.32,6.75,13.91,17.48,15.98,13.44,9.65,,,,2026-06-30,APMI monthly report Jun 2026,
IDEAA Portfolio,Anand Rathi Advisors Limited,Hybrid,80.33,50,-0.65,13.52,3.10,9.60,,,,,11.12,,,,2026-06-30,APMI monthly report Jun 2026,
Tailored Discretionary Portfolio - Balanced,Sanctum Wealth Private Limited,Hybrid,9.23,50,-0.66,4.63,0.50,9.38,8.43,5.54,7.19,6.89,9.12,,,,2026-06-30,APMI monthly report Jun 2026,
Dezerv Capital Reserve Strategy - Multi Asset,Dezerv Investments Private Limited,Hybrid,72.16,50,-0.67,4.22,-0.26,7.61,,,,,5.70,,,,2026-06-30,APMI monthly report Jun 2026,
Multi Asset,Marcellus Investment Managers Private Limited,Hybrid,9.92,50,-0.67,6.40,0.21,8.22,,,,,7.96,,,,2026-06-30,APMI monthly report Jun 2026,
INTELLECT MULTI ASSET THROUGH ETF,Harmoney Finserv India Private Limited,Hybrid,114.01,50,-0.78,6.06,-2.25,14.12,11.67,15.11,15.25,12.39,10.11,,,,2026-06-30,APMI monthly report Jun 2026,
IDEAA Portfolio - NRI,Anand Rathi Advisors Limited,Hybrid,1.30,50,-0.79,13.88,5.85,,,,,,7.61,,,,2026-06-30,APMI monthly report Jun 2026,
UNICORN MULTI-ASSET ALPHA PORTFOLIO,UNICORN INVESTMENT MANAGERS LLP,Hybrid,3.43,50,-0.97,10.56,4.01,17.04,,,,,12.59,,,,2026-06-30,APMI monthly report Jun 2026,
Sphere,Ithought Financial Consulting Llp,Hybrid,899.08,50,-1.01,4.65,-6.25,7.90,14.30,21.75,24.17,,19.95,,,,2026-06-30,APMI monthly report Jun 2026,
ASK Wealth Harmony Balanced,Ask Wealth Advisors Private Limited,Hybrid,25.87,50,-1.01,4.02,1.99,12.23,11.28,13.12,11.91,,8.79,,,,2026-06-30,APMI monthly report Jun 2026,
Neo Club - Multi Asset Structure Investment Strategy - Moderately Conservative Portfolio,Neo Asset Management Private Limited,Hybrid,,50,-1.07,8.57,-4.36,-7.33,2.85,,,,4.50,,,,2026-06-30,APMI monthly report Jun 2026,
DELPHI ALL WEATHER STRATEGY,Motilal Oswal Wealth Limited,Hybrid,74.97,50,-1.10,3.49,1.62,,,,,,10.89,,,,2026-06-30,APMI monthly report Jun 2026,
All Seasons Portfolio,Multi-Act Equity Consultancy Private Limited,Hybrid,6.52,50,-1.16,3.35,1.04,7.89,11.20,13.84,14.55,11.63,12.20,,,,2026-06-30,APMI monthly report Jun 2026,
Ksema wealth pvt ltd Multi Asset Portfolio Ctrl Alt Grow,Ksema Wealth Pvt Ltd,Hybrid,0.28,50,-1.87,5.76,,,,,,,-0.04,,,,2026-06-30,APMI monthly report Jun 2026,
Neo Club - Multi Asset Structure Investment Strategy - Moderately Aggressive portfolio,Neo Asset Management Private Limited,Hybrid,4.45,50,-2.11,9.25,-6.18,-9.86,-0.41,,,,6.17,,,,2026-06-30,APMI monthly report Jun 2026,
TAMOHARA TRADE MULTI ASSET STRATEGY,Tamohara Investment Managers Pvt Ltd,Hybrid,0.63,50,-2.13,3.69,-13.71,,,,,,-13.65,,,,2026-06-30,APMI monthly report Jun 2026,
PlusWealth Fusion,PLUSWEALTH CAPITAL MANAGEMENT LLP,Hybrid,29.35,50,-2.29,3.97,1.27,,,,,,6.89,,,,2026-06-30,APMI monthly report Jun 2026,
Multi Asset Dynamic Portfolio,PL Asset Management Private Ltd,Hybrid,21.51,50,-2.47,8.29,1.43,9.00,7.50,13.11,13.54,10.04,10.33,,,,2026-06-30,APMI monthly report Jun 2026,
Delphi Alpha Strategist Advantage Portfolio,Motilal Oswal Wealth Limited,Hybrid,562.22,50,-2.67,5.66,5.79,20.07,16.66,18.38,17.14,13.76,13.82,,,,2026-06-30,APMI monthly report Jun 2026,
Maxiom PMS - EMERALD Diversified Mutual Funds,MAXIOM ASSET MANAGEMENT PRIVATE LIMITED,Hybrid,2.35,50,-3.00,5.56,-4.28,-6.00,0.64,5.24,,,5.20,,,,2026-06-30,APMI monthly report Jun 2026,
UpperCrust Growth Fund,Moat Financial Services Private Limited,Hybrid,71.21,50,-4.08,8.24,2.26,4.49,3.76,19.89,20.34,,16.43,,,,2026-06-30,APMI monthly report Jun 2026,
BONANZA FACTORX,Bonanza Portfolio Limited,Hybrid,2.28,50,-5.52,-1.07,,,,,,,-11.11,,,,2026-06-30,APMI monthly report Jun 2026,
Strategic Holdings in Natural Elements (SHINE),Dezerv Investments Private Limited,Hybrid,163.98,50,-9.69,-4.10,2.18,50.89,,,,,42.90,,,,2026-06-30,APMI monthly report Jun 2026,
Shree Smart Cash Flow Plan (InvIT & REIT),Shree Rama Managers Llp,Hybrid,0.51,50,,,,,,,,,1.25,,,,2026-06-30,APMI monthly report Jun 2026,
INVESTMENT IN MULTI ASSET,Emkay Investment Managers Limited,Hybrid,4.24,50,3.69,13.32,4.34,,,,,,6.91,,,,2026-06-30,APMI monthly report Jun 2026,
Trust Consult,Trust Investment Advisors Pvt. Ltd.,Hybrid,,50,2.79,17.38,8.29,14.06,11.02,13.28,12.28,,9.87,,,,2026-06-30,APMI monthly report Jun 2026,
Moderately Aggressive,Barclays Securities (India) Private Limited,Hybrid,64.95,50,2.61,10.21,-0.58,3.12,7.32,9.54,,,9.68,,,,2026-06-30,APMI monthly report Jun 2026,
Moderately Conservative,Barclays Securities (India) Private Limited,Hybrid,513.08,50,2.34,4.32,3.00,5.24,6.26,7.68,,,7.72,,,,2026-06-30,APMI monthly report Jun 2026,
DELPHI ALPHA STRATEGIST NDPMS,Motilal Oswal Wealth Limited,Hybrid,4973.67,50,1.95,7.29,0.40,3.64,6.26,11.15,12.17,10.87,6.73,,,,2026-06-30,APMI monthly report Jun 2026,
Not applicable,WEALTH INDIA FINANCIAL SERVICES PRIVATE LIMITED,Hybrid,218.99,50,1.72,8.28,0.84,,,,,,4.41,,,,2026-06-30,APMI monthly report Jun 2026,
PRAJANA CONSULT,Prajana Advisors Private Limited,Hybrid,2267.48,50,1.69,8.97,,,,,,,4.31,,,,2026-06-30,APMI monthly report Jun 2026,
dezerv. IPA Growth Strategy - Non Discretionary,Dezerv Investments Private Limited,Hybrid,124.18,50,1.61,8.51,-2.18,0.79,4.57,12.71,14.20,,13.43,,,,2026-06-30,APMI monthly report Jun 2026,
Agressive,Barclays Securities (India) Private Limited,Hybrid,1193.01,50,1.60,5.74,1.56,5.14,5.03,,,,7.45,,,,2026-06-30,APMI monthly report Jun 2026,
Multi Asset Growth,Avendus Wealth Management Private Limited,Hybrid,48.13,50,1.60,1.62,1.62,1.62,128.96,53.71,39.82,45.73,27.69,,,,2026-06-30,APMI monthly report Jun 2026,
Lighthouse Canton Multi Asset Strategy,LC Capital India Private Limited,Hybrid,122.00,50,1.59,,,,,,,,5.13,,,,2026-06-30,APMI monthly report Jun 2026,
Beta,Buglerock Capital Private Limited,Hybrid,1925.84,50,1.57,5.50,-3.71,-0.79,2.97,8.31,9.76,7.83,7.72,,,,2026-06-30,APMI monthly report Jun 2026,
ISEC Multi Asset Growth Portfolio - Consult,ICICI Securities Limited,Hybrid,19.45,50,1.54,9.82,-1.86,1.19,3.98,13.34,13.49,,9.68,,,,2026-06-30,APMI monthly report Jun 2026,
Platina,LGT Wealth India Private Limited,Hybrid,637.60,50,1.54,11.10,0.75,3.83,5.23,10.67,,,9.34,,,,2026-06-30,APMI monthly report Jun 2026,
Bespoke,Barclays Securities (India) Private Limited,Hybrid,2203.12,50,1.51,7.06,2.33,5.86,7.23,10.65,10.98,8.97,6.75,,,,2026-06-30,APMI monthly report Jun 2026,
Non Discretionary Portfolio - Balanced,Sanctum Wealth Private Limited,Hybrid,9.97,50,1.49,1.49,1.49,1.49,0.74,0.49,,,0.40,,,,2026-06-30,APMI monthly report Jun 2026,
WFIA PARTNER MULTI-ASSET,Waterfield Financial And Investment Advisors Private Limited,Hybrid,22.16,50,1.44,0.00,0.00,,,,,,1.68,,,,2026-06-30,APMI monthly report Jun 2026,
Julius Baer Non-Discretionary Portfolio-Large Value Strategy,Julius Baer Wealth Advisors (India) Private Limited,Hybrid,143.01,50,1.42,7.81,0.87,3.05,,,,,13.38,,,,2026-06-30,APMI monthly report Jun 2026,
IIFL Platinum Portfolio,IIFL Capital Asset Management Limited,Hybrid,1.38,50,1.38,4.82,1.87,4.84,,,,,4.80,,,,2026-06-30,APMI monthly report Jun 2026,
Neo - Club Multi Asset Structure Investment Strategy - Debt (Moderate),Neo Asset Management Private Limited,Hybrid,1899.57,50,1.38,8.73,-0.20,3.62,5.90,10.95,,,12.52,,,,2026-06-30,APMI monthly report Jun 2026,
Multi-Asset Plus,Avendus Wealth Management Private Limited,Hybrid,1645.55,50,1.31,7.20,0.61,5.54,7.08,10.42,11.56,10.42,12.45,,,,2026-06-30,APMI monthly report Jun 2026,
Multi Asset Class Treasury,Barclays Securities (India) Private Limited,Hybrid,353.02,50,1.28,2.17,3.22,6.36,7.10,7.07,,,6.66,,,,2026-06-30,APMI monthly report Jun 2026,
Canvas,LGT Wealth India Private Limited,Hybrid,1886.39,50,1.25,6.06,1.08,4.82,5.13,12.03,,,12.42,,,,2026-06-30,APMI monthly report Jun 2026,
Julius Baer Non Discretionary Portfolio,Julius Baer Wealth Advisors (India) Private Limited,Hybrid,9622.67,50,1.19,7.45,0.41,4.98,6.01,11.58,11.92,10.00,10.14,,,,2026-06-30,APMI monthly report Jun 2026,
360 ONE Select ALPHA MULTI ASSET,360 One Portfolio Managers Limited (Formerly Known As Iifl Wealth Portfolio Managers Limited),Hybrid,125.57,50,1.16,13.91,11.01,,,,,,13.49,,,,2026-06-30,APMI monthly report Jun 2026,
ORBIT Elite Non- Discretionary Approach,PL Asset Management Private Ltd,Hybrid,3.21,50,1.15,,,,,,,,2.48,,,,2026-06-30,APMI monthly report Jun 2026,
NEXT AI,Avendus Wealth Management Private Limited,Hybrid,191.28,50,1.11,4.40,0.24,0.82,,,,,6.28,,,,2026-06-30,APMI monthly report Jun 2026,
Kotak Evolv Multi Asset NDPMS Investment Approach,Kotak Mahindra Asset Management Company Ltd,Hybrid,92.95,50,1.08,9.22,0.45,,,,,,0.45,,,,2026-06-30,APMI monthly report Jun 2026,
dezerv. Dynamic Strategy - Non Discretionary,Dezerv Investments Private Limited,Hybrid,594.00,50,1.06,7.99,-0.77,3.76,5.07,9.83,,,11.54,,,,2026-06-30,APMI monthly report Jun 2026,
360 ONE Consult PMS - Conservative,360 One Portfolio Managers Limited (Formerly Known As Iifl Wealth Portfolio Managers Limited),Hybrid,5528.30,50,1.05,5.58,1.54,4.48,8.39,10.63,10.11,9.04,8.71,,,,2026-06-30,APMI monthly report Jun 2026,
WFIA PARTNER BESPOKE,Waterfield Financial And Investment Advisors Private Limited,Hybrid,229.98,50,1.02,5.19,-1.16,,,,,,0.47,,,,2026-06-30,APMI monthly report Jun 2026,
360 ONE Consult PMS - Balanced,360 One Portfolio Managers Limited (Formerly Known As Iifl Wealth Portfolio Managers Limited),Hybrid,11210.29,50,1.01,7.22,0.85,4.92,8.29,12.41,12.39,10.65,8.74,,,,2026-06-30,APMI monthly report Jun 2026,
ASK Wealth Pro PMS (NDPMS),Ask Wealth Advisors Private Limited,Hybrid,4885.27,50,0.97,6.95,1.81,6.30,7.01,10.58,10.72,8.39,8.15,,,,2026-06-30,APMI monthly report Jun 2026,
360 ONE Advisory Portfolio,360 One Portfolio Managers Limited (Formerly Known As Iifl Wealth Portfolio Managers Limited),Hybrid,1.49,50,0.91,7.93,-3.02,1.29,3.75,12.67,10.56,9.66,6.30,,,,2026-06-30,APMI monthly report Jun 2026,
ND Multi Asset Class Balanced,Barclays Securities (India) Private Limited,Hybrid,204.38,50,0.91,1.78,2.79,5.95,6.87,,,,4.41,,,,2026-06-30,APMI monthly report Jun 2026,
Onyx NDPMS,J M Financial Ltd,Hybrid,327.97,50,0.84,7.84,1.34,6.30,,,,,10.79,,,,2026-06-30,APMI monthly report Jun 2026,
ND Multi Asset Class Conservative,Barclays Securities (India) Private Limited,Hybrid,25.81,50,0.81,1.57,3.02,5.92,5.31,,,,4.05,,,,2026-06-30,APMI monthly report Jun 2026,
Multi Asset NEXT,Avendus Wealth Management Private Limited,Hybrid,11422.91,50,0.74,4.57,2.37,9.29,9.60,9.78,9.62,8.89,5.58,,,,2026-06-30,APMI monthly report Jun 2026,
Multi-Asset Allocation,Buglerock Capital Private Limited,Hybrid,1634.92,50,0.69,4.82,1.00,5.15,6.48,10.46,,,8.99,,,,2026-06-30,APMI monthly report Jun 2026,
Multi Asset Non-Discretionary Strategy,Parag Parikh Financial Advisory Services Limited,Hybrid,190.27,50,0.66,5.01,-1.41,1.15,6.54,12.87,14.12,11.76,16.20,,,,2026-06-30,APMI monthly report Jun 2026,
360 ONE Consult PMS - Aggressive,360 One Portfolio Managers Limited (Formerly Known As Iifl Wealth Portfolio Managers Limited),Hybrid,5460.54,50,0.62,9.21,0.10,3.23,6.42,12.62,12.82,10.94,7.39,,,,2026-06-30,APMI monthly report Jun 2026,
Ametra FactorBeta Non-Discretionary PMS,Ametra Investment Managers Private Limited,Hybrid,5.78,50,0.42,1.45,1.79,5.88,,,,,6.62,,,,2026-06-30,APMI monthly report Jun 2026,
Infinity Core Plus Approach,Nuvama Asset Management Limited,Hybrid,2830.23,50,0.15,5.10,1.45,7.28,7.53,9.73,9.47,8.24,7.86,,,,2026-06-30,APMI monthly report Jun 2026,
360 ONE Dynamic Asset Allocation,360 One Portfolio Managers Limited (Formerly Known As Iifl Wealth Portfolio Managers Limited),Hybrid,388.35,50,0.13,3.16,-5.64,-4.44,0.43,6.26,7.34,6.78,2.32,,,,2026-06-30,APMI monthly report Jun 2026,
Onyx NDPMS for Accredited Investors,J M Financial Ltd,Hybrid,3.23,50,0.00,0.00,0.00,0.00,,,,,2.45,,,,2026-06-30,APMI monthly report Jun 2026,
Multi Asset Balanced,Avendus Wealth Management Private Limited,Hybrid,,50,0.00,0.00,-6.93,0.16,4.27,2.80,2.47,4.66,18.89,,,,2026-06-30,APMI monthly report Jun 2026,
Multi Asset Conservative,Avendus Wealth Management Private Limited,Hybrid,,50,0.00,0.00,0.00,0.00,0.50,207.21,135.90,109.47,34.15,,,,2026-06-30,APMI monthly report Jun 2026,
Multi Asset Moderate,Avendus Wealth Management Private Limited,Hybrid,,50,0.00,0.00,0.00,0.00,4.56,6.32,8.55,7.56,8.20,,,,2026-06-30,APMI monthly report Jun 2026,
Ace Opportunity,Asit C. Mehta Investment Interrmediates Ltd.,Hybrid,1.37,50,-0.82,10.89,-3.95,-0.88,0.33,6.60,,,9.15,,,,2026-06-30,APMI monthly report Jun 2026,
Shree Non Discretionary PMS,Shree Rama Managers Llp,Hybrid,1.60,50,-1.60,13.56,4.86,0.12,4.12,,,,3.79,,,,2026-06-30,APMI monthly report Jun 2026,
Dynamic Rebalancing,AAROHAN HOLDINGS AND ADVISORS PRIVATE LIMITED,Hybrid,2.91,50,-9.84,-4.05,5.20,44.78,37.68,33.24,27.66,23.42,13.87,,,,2026-06-30,APMI monthly report Jun 2026,
GoldStandard Non Discretionary Portfolio,GoldStandard Wealth Private Limited,Hybrid,0.91,50,-30.64,,,,,,,,-30.64,,,,2026-06-30,APMI monthly report Jun 2026,
